date,ticker,close,volume,currency
2015-01-02,ALPN,60.38,41092,CHF
2015-01-02,BRGN,179.11,72430,CHF
2015-01-02,CRYS,25.14,236971,CHF
2015-01-02,DELT,74.49,37412,EUR
2015-01-02,EDLW,94.93,255141,CHF
2015-01-02,FJRD,39.4,278476,USD
2015-01-02,HLVT,110.05,265327,CHF
2015-01-02,IBEX,151.78,255960,EUR
2015-01-02,JURA,1'157.34,44607,CHF
2015-01-05,ALPN,60.34,140193,CHF
2015-01-05,BRGN,178.05,131670,CHF
2015-01-05,CRYS,24.64,71518,CHF
2015-01-05,DELT,73.38,36660,EUR
2015-01-05,EDLW,93.58,330367,CHF
2015-01-05,FJRD,39.13,369235,USD
2015-01-05,HLVT,109.6,270979,CHF
2015-01-05,IBEX,149.83,156008,EUR
2015-01-05,JURA,1176.23,63931,CHF
2015-01-06,ALPN,61.31,263256,CHF
2015-01-06,BRGN,176.07,355805,CHF
2015-01-06,CRYS,25.05,154595,CHF
2015-01-06,DELT,72.98,265717,EUR
2015-01-06,EDLW,91.98,297723,CHF
2015-01-06,FJRD,39.92,279537,USD
2015-01-06,HLVT,106.52,169824,CHF
2015-01-06,IBEX,152.25,321365,EUR
2015-01-06,JURA,1174.54,276354,CHF
2015-01-07,ALPN,62.08,390513,CHF
2015-01-07,BRGN,177.13,54042,CHF
2015-01-07,CRYS,25.66,127450,CHF
2015-01-07,DELT,74.69,105234,EUR
2015-01-07,EDLW,93.34,301792,CHF
2015-01-07,FJRD,40.54,358702,USD
2015-01-07,HLVT,107.5,189955,CHF
2015-01-07,IBEX,154.42,258414,EUR
2015-01-07,JURA,1176.87,215602,CHF
2015-01-08,ALPN,61.82,259257,CHF
2015-01-08,BRGN,175.92,234411,CHF
2015-01-08,CRYS,25.28,41479,CHF
2015-01-08,DELT,75.2,244619,EUR
2015-01-08,EDLW,93.71,300659,CHF
2015-01-08,FJRD,40.14,115759,USD
2015-01-08,HLVT,105.63,366134,CHF
2015-01-08,IBEX,155.83,389562,EUR
2015-01-08,JURA,1195.32,282069,CHF
2015-01-09,ALPN,60.73,108978,CHF
2015-01-09,BRGN,176.56,77974,CHF
2015-01-09,CRYS,24.6,49885,CHF
2015-01-09,DELT,74.35,224930,EUR
2015-01-09,EDLW,91.74,54359,CHF
2015-01-09,FJRD,40.06,317671,USD
2015-01-09,HLVT,106.63,391373,CHF
2015-01-09,IBEX,153.14,336379,EUR
2015-01-09,JURA,1159.98,292788,CHF
2015-01-12,ALPN,59.58,97011,CHF
2015-01-12,BRGN,177.21,264401,CHF
2015-01-12,CRYS,24.42,52533,CHF
2015-01-12,DELT,73.65,132547,EUR
2015-01-12,EDLW,91.5,174865,CHF
2015-01-12,FJRD,40.02,110835,USD
2015-01-12,HLVT,106.24,239244,CHF
2015-01-12,IBEX,150.25,224860,EUR
2015-01-12,JURA,1157.26,229923,CHF
2015-01-13,ALPN,60.53,323190,CHF
2015-01-13,BRGN,176.81,352282,CHF
2015-01-13,CRYS,24.7,395268,CHF
2015-01-13,DELT,76.37,37755,EUR
2015-01-13,EDLW,93.9,109201,CHF
2015-01-13,FJRD,40.38,258561,USD
2015-01-13,IBEX,153.9,113793,EUR
2015-01-13,JURA,1148.86,32047,CHF
2015-01-14,ALPN,60.23,359398,CHF
2015-01-14,BRGN,177.59,251583,CHF
2015-01-14,CRYS,24.79,70254,CHF
2015-01-14,DELT,75.56,102917,EUR
2015-01-14,EDLW,92.96,54191,CHF
2015-01-14,FJRD,39.63,256065,USD
2015-01-14,HLVT,109.19,124871,CHF
2015-01-14,IBEX,151.34,372400,EUR
2015-01-14,JURA,1131.74,249249,CHF
2015-01-15,ALPN,59.84,101214,CHF
2015-01-15,BRGN,176.3,360118,CHF
2015-01-15,CRYS,24.09,96134,CHF
2015-01-15,DELT,74.6,221907,EUR
2015-01-15,EDLW,91.51,354307,CHF
2015-01-15,FJRD,38.75,356717,USD
2015-01-15,HLVT,108.23,349644,CHF
2015-01-15,IBEX,150.34,235031,EUR
2015-01-15,JURA,1091.09,125633,CHF
2015-01-16,ALPN,60.09,222916,CHF
2015-01-16,BRGN,176.92,347960,CHF
2015-01-16,CRYS,23.9,247303,CHF
2015-01-16,DELT,73.37,362024,EUR
2015-01-16,EDLW,93.1,184793,CHF
2015-01-16,FJRD,38.21,310102,USD
2015-01-16,HLVT,108.27,256660,CHF
2015-01-16,IBEX,149.0,256078,EUR
2015-01-16,JURA,1081.46,342932,CHF
2015-01-19,ALPN,60.29,115622,CHF
2015-01-19,BRGN,176.38,366258,CHF
2015-01-19,CRYS,24.03,339733,CHF
2015-01-19,DELT,73.88,135172,EUR
2015-01-19,EDLW,93.58,349214,CHF
2015-01-19,FJRD,37.83,45417,USD
2015-01-19,HLVT,106.02,108582,CHF
2015-01-19,IBEX,151.6,276477,EUR
2015-01-19,JURA,1092.95,212884,CHF
2015-01-20,ALPN,60.24,217801,CHF
2015-01-20,BRGN,178.75,164164,CHF
2015-01-20,CRYS,24.72,40691,CHF
2015-01-20,DELT,73.99,41319,EUR
2015-01-20,EDLW,94.25,163066,CHF
2015-01-20,HLVT,105.97,59286,CHF
2015-01-20,IBEX,152.73,170595,EUR
2015-01-20,JURA,1092.99,202981,CHF
2015-01-21,ALPN,62.84,139760,CHF
2015-01-21,BRGN,181.22,297716,CHF
2015-01-21,CRYS,25.53,125774,CHF
2015-01-21,DELT,75.69,34750,EUR
2015-01-21,EDLW,95.62,27053,CHF
2015-01-21,FJRD,39.4,192076,USD
2015-01-21,HLVT,108.6,273278,CHF
2015-01-21,IBEX,154.59,29665,EUR
2015-01-21,JURA,1109.24,31489,CHF
2015-01-22,ALPN,62.83,241323,CHF
2015-01-22,BRGN,176.62,186096,CHF
2015-01-22,CRYS,25.46,314482,CHF
2015-01-22,DELT,76.02,85473,EUR
2015-01-22,EDLW,95.55,376047,CHF
2015-01-22,FJRD,39.81,318033,USD
2015-01-22,HLVT,107.57,68024,CHF
2015-01-22,IBEX,151.86,393568,EUR
2015-01-22,JURA,1102.99,68045,CHF
2015-01-23,BRGN,173.63,57079,CHF
2015-01-23,CRYS,25.26,271681,CHF
2015-01-23,DELT,73.74,314803,EUR
2015-01-23,EDLW,94.2,300247,CHF
2015-01-23,FJRD,39.59,91639,USD
2015-01-23,HLVT,106.16,199738,CHF
2015-01-23,IBEX,147.04,179290,EUR
2015-01-23,JURA,1086.77,143297,CHF
2015-01-26,ALPN,63.92,323009,CHF
2015-01-26,BRGN,173.6,197543,CHF
2015-01-26,CRYS,25.65,71223,CHF
2015-01-26,DELT,76.23,341717,EUR
2015-01-26,EDLW,94.84,55104,CHF
2015-01-26,FJRD,40.23,51101,USD
2015-01-26,HLVT,109.03,174912,CHF
2015-01-26,IBEX,148.7,327610,EUR
2015-01-26,JURA,1114.78,171583,CHF
2015-01-27,ALPN,64.96,260745,CHF
2015-01-27,BRGN,171.43,162440,CHF
2015-01-27,CRYS,25.76,257209,CHF
2015-01-27,DELT,76.0,255557,EUR
2015-01-27,EDLW,94.68,271049,CHF
2015-01-27,FJRD,39.95,233961,USD
2015-01-27,HLVT,107.73,42421,CHF
2015-01-27,IBEX,150.28,257858,EUR
2015-01-27,JURA,1133.34,129416,CHF
2015-01-28,ALPN,65.53,246376,CHF
2015-01-28,BRGN,171.89,241530,CHF
2015-01-28,CRYS,25.69,221570,CHF
2015-01-28,DELT,76.65,145351,EUR
2015-01-28,EDLW,93.64,126448,CHF
2015-01-28,FJRD,39.81,146736,USD
2015-01-28,HLVT,107.02,254407,CHF
2015-01-28,IBEX,154.23,42461,EUR
2015-01-28,JURA,1127.48,262720,CHF
2015-01-29,ALPN,65.19,171187,CHF
2015-01-29,BRGN,169.0,124978,CHF
2015-01-29,CRYS,25.84,270365,CHF
2015-01-29,DELT,75.87,23126,EUR
2015-01-29,EDLW,92.75,381576,CHF
2015-01-29,FJRD,38.77,288131,USD
2015-01-29,HLVT,106.58,59386,CHF
2015-01-29,IBEX,150.31,347587,EUR
2015-01-29,JURA,1143.28,40943,CHF
2015-01-30,BRGN,166.96,100991,CHF
2015-01-30,CRYS,25.36,129812,CHF
2015-01-30,DELT,75.09,87596,EUR
2015-01-30,EDLW,92.98,162838,CHF
2015-01-30,FJRD,38.24,132635,USD
2015-01-30,HLVT,104.68,329882,CHF
2015-01-30,IBEX,146.44,106869,EUR
2015-01-30,JURA,1'124.22,199606,CHF
2015-02-02,ALPN,66.06,53036,CHF
2015-02-02,BRGN,171.25,161215,CHF
2015-02-02,CRYS,26.1,322734,CHF
2015-02-02,DELT,75.55,338781,EUR
2015-02-02,EDLW,92.56,166138,CHF
2015-02-02,FJRD,38.54,301000,USD
2015-02-02,HLVT,108.45,293823,CHF
2015-02-02,JURA,1139.42,189111,CHF
2015-02-03,ALPN,64.18,264650,CHF
2015-02-03,BRGN,169.25,107719,CHF
2015-02-03,CRYS,25.89,300330,CHF
2015-02-03,DELT,73.42,355900,EUR
2015-02-03,EDLW,92.78,194358,CHF
2015-02-03,FJRD,38.12,107234,USD
2015-02-03,HLVT,107.75,83257,CHF
2015-02-03,IBEX,145.07,239952,EUR
2015-02-03,JURA,1149.56,42636,CHF
2015-02-04,ALPN,63.31,298515,CHF
2015-02-04,BRGN,168.78,150414,CHF
2015-02-04,CRYS,26.22,131211,CHF
2015-02-04,DELT,73.0,104975,EUR
2015-02-04,EDLW,91.31,197870,CHF
2015-02-04,FJRD,37.88,53556,USD
2015-02-04,HLVT,107.5,123532,CHF
2015-02-04,IBEX,144.27,220549,EUR
2015-02-04,JURA,1160.56,62861,CHF
2015-02-05,ALPN,61.45,110959,CHF
2015-02-05,BRGN,167.03,308542,CHF
2015-02-05,CRYS,25.72,209040,CHF
2015-02-05,DELT,70.9,100546,EUR
2015-02-05,EDLW,89.98,68739,CHF
2015-02-05,FJRD,37.72,282915,USD
2015-02-05,HLVT,105.71,125454,CHF
2015-02-05,IBEX,140.49,118500,EUR
2015-02-05,JURA,1144.48,188908,CHF
2015-02-06,ALPN,61.68,267140,CHF
2015-02-06,BRGN,169.71,280758,CHF
2015-02-06,CRYS,25.81,157319,CHF
2015-02-06,DELT,72.27,392489,EUR
2015-02-06,EDLW,91.23,298164,CHF
2015-02-06,FJRD,38.39,205435,USD
2015-02-06,HLVT,105.6,43595,CHF
2015-02-06,IBEX,142.94,277895,EUR
2015-02-06,JURA,1146.0,348547,CHF
2015-02-09,ALPN,61.21,370002,CHF
2015-02-09,BRGN,170.56,79461,CHF
2015-02-09,CRYS,25.47,319627,CHF
2015-02-09,DELT,71.13,283470,EUR
2015-02-09,EDLW,89.99,119639,CHF
2015-02-09,FJRD,38.48,95736,USD
2015-02-09,HLVT,105.32,68651,CHF
2015-02-09,IBEX,144.71,101038,EUR
2015-02-09,JURA,1164.95,76125,CHF
2015-02-10,ALPN,61.49,234490,CHF
2015-02-10,BRGN,170.08,330928,CHF
2015-02-10,CRYS,25.34,152420,CHF
2015-02-10,DELT,70.95,212281,EUR
2015-02-10,EDLW,88.16,354795,CHF
2015-02-10,FJRD,38.01,351395,USD
2015-02-10,IBEX,144.96,362732,EUR
2015-02-10,JURA,1158.65,270057,CHF
2015-02-11,ALPN,61.53,313106,CHF
2015-02-11,BRGN,172.14,370741,CHF
2015-02-11,CRYS,25.39,274793,CHF
2015-02-11,DELT,71.2,68322,EUR
2015-02-11,EDLW,86.85,297891,CHF
2015-02-11,FJRD,38.68,206087,USD
2015-02-11,HLVT,107.22,31436,CHF
2015-02-11,IBEX,147.92,248667,EUR
2015-02-11,JURA,1158.82,232198,CHF
2015-02-12,ALPN,62.8,308691,CHF
2015-02-12,BRGN,175.16,141806,CHF
2015-02-12,CRYS,25.5,307854,CHF
2015-02-12,DELT,74.45,39649,EUR
2015-02-12,EDLW,85.96,220655,CHF
2015-02-12,FJRD,40.08,136578,USD
2015-02-12,HLVT,109.53,381211,CHF
2015-02-12,IBEX,153.66,163684,EUR
2015-02-12,JURA,1181.5,186495,CHF
2015-02-13,ALPN,62.03,339955,CHF
2015-02-13,BRGN,174.44,39105,CHF
2015-02-13,CRYS,25.61,287160,CHF
2015-02-13,DELT,72.53,64308,EUR
2015-02-13,EDLW,86.23,305352,CHF
2015-02-13,FJRD,40.16,261653,USD
2015-02-13,HLVT,105.73,189531,CHF
2015-02-13,IBEX,156.91,245641,EUR
2015-02-13,JURA,1205.47,41591,CHF
2015-02-16,ALPN,61.34,254112,CHF
2015-02-16,BRGN,175.21,94442,CHF
2015-02-16,CRYS,25.86,270599,CHF
2015-02-16,DELT,70.54,199542,EUR
2015-02-16,EDLW,84.5,38760,CHF
2015-02-16,FJRD,39.13,179028,USD
2015-02-16,HLVT,103.87,321990,CHF
2015-02-16,IBEX,154.49,142455,EUR
2015-02-16,JURA,1178.03,386492,CHF
2015-02-17,ALPN,62.4,365474,CHF
2015-02-17,BRGN,176.92,24559,CHF
2015-02-17,CRYS,26.05,219149,CHF
2015-02-17,DELT,69.98,145601,EUR
2015-02-17,EDLW,84.67,232786,CHF
2015-02-17,FJRD,39.06,164040,USD
2015-02-17,HLVT,103.31,34823,CHF
2015-02-17,IBEX,156.44,272152,EUR
2015-02-17,JURA,1180.99,307405,CHF
2015-02-18,ALPN,61.73,205365,CHF
2015-02-18,BRGN,179.98,184362,CHF
2015-02-18,CRYS,26.19,311224,CHF
2015-02-18,DELT,69.69,81896,EUR
2015-02-18,EDLW,84.43,326794,CHF
2015-02-18,FJRD,38.97,216927,USD
2015-02-18,HLVT,104.95,359017,CHF
2015-02-18,IBEX,155.1,105049,EUR
2015-02-18,JURA,1190.13,345538,CHF
2015-02-19,ALPN,61.02,246973,CHF
2015-02-19,BRGN,176.71,342069,CHF
2015-02-19,CRYS,25.73,25474,CHF
2015-02-19,DELT,68.38,192785,EUR
2015-02-19,EDLW,84.16,100555,CHF
2015-02-19,FJRD,38.77,188536,USD
2015-02-19,HLVT,107.38,299437,CHF
2015-02-19,IBEX,154.2,291528,EUR
2015-02-19,JURA,1139.58,345745,CHF
2015-02-20,ALPN,60.42,44377,CHF
2015-02-20,BRGN,173.4,69832,CHF
2015-02-20,CRYS,25.5,330360,CHF
2015-02-20,DELT,67.8,357882,EUR
2015-02-20,EDLW,83.61,130857,CHF
2015-02-20,FJRD,39.15,93963,USD
2015-02-20,HLVT,108.57,187262,CHF
2015-02-20,IBEX,154.57,304478,EUR
2015-02-20,JURA,1126.89,180115,CHF
2015-02-23,ALPN,59.57,268730,CHF
2015-02-23,BRGN,174.14,369058,CHF
2015-02-23,CRYS,25.01,170545,CHF
2015-02-23,DELT,66.79,132356,EUR
2015-02-23,FJRD,39.45,121776,USD
2015-02-23,HLVT,108.28,303850,CHF
2015-02-23,IBEX,152.73,38475,EUR
2015-02-23,JURA,1134.93,379027,CHF
2015-02-24,ALPN,60.8,250236,CHF
2015-02-24,BRGN,174.0,305456,CHF
2015-02-24,CRYS,25.75,277657,CHF
2015-02-24,DELT,67.26,149110,EUR
2015-02-24,EDLW,82.91,309208,CHF
2015-02-24,FJRD,40.09,397519,USD
2015-02-24,HLVT,111.44,70150,CHF
2015-02-24,IBEX,153.24,295560,EUR
2015-02-24,JURA,1139.36,70400,CHF
2015-02-25,ALPN,60.39,226727,CHF
2015-02-25,BRGN,172.63,142871,CHF
2015-02-25,CRYS,25.34,199318,CHF
2015-02-25,DELT,67.88,75210,EUR
2015-02-25,EDLW,82.03,336097,CHF
2015-02-25,FJRD,39.21,41034,USD
2015-02-25,HLVT,109.42,266531,CHF
2015-02-25,IBEX,154.02,251570,EUR
2015-02-25,JURA,1129.48,377963,CHF
2015-02-26,ALPN,61.57,333634,CHF
2015-02-26,BRGN,172.07,278181,CHF
2015-02-26,CRYS,25.8,284018,CHF
2015-02-26,DELT,68.22,377122,EUR
2015-02-26,EDLW,82.64,30734,CHF
2015-02-26,FJRD,40.38,326046,USD
2015-02-26,HLVT,110.75,134595,CHF
2015-02-26,IBEX,153.16,199525,EUR
2015-02-26,JURA,1117.87,109890,CHF
2015-02-27,ALPN,62.09,338445,CHF
2015-02-27,BRGN,169.52,237619,CHF
2015-02-27,CRYS,26.4,257527,CHF
2015-02-27,DELT,68.41,236083,EUR
2015-02-27,EDLW,81.86,90501,CHF
2015-02-27,FJRD,41.29,167595,USD
2015-02-27,HLVT,111.59,51480,CHF
2015-02-27,IBEX,151.62,24751,EUR
2015-02-27,JURA,1'114.34,285466,CHF
2015-03-02,ALPN,64.06,82425,CHF
2015-03-02,BRGN,172.19,58467,CHF
2015-03-02,CRYS,27.88,259905,CHF
2015-03-02,DELT,70.45,127569,EUR
2015-03-02,FJRD,41.55,222053,USD
2015-03-02,HLVT,113.9,149272,CHF
2015-03-02,IBEX,153.22,96221,EUR
2015-03-02,JURA,1120.4,24864,CHF
2015-03-03,ALPN,63.96,136692,CHF
2015-03-03,BRGN,170.32,376347,CHF
2015-03-03,CRYS,27.11,365962,CHF
2015-03-03,DELT,67.17,193207,EUR
2015-03-03,EDLW,81.34,228666,CHF
2015-03-03,FJRD,40.63,374546,USD
2015-03-03,HLVT,111.2,145988,CHF
2015-03-03,IBEX,148.81,99184,EUR
2015-03-03,JURA,1112.95,190959,CHF
2015-03-04,ALPN,64.91,289517,CHF
2015-03-04,BRGN,168.29,201031,CHF
2015-03-04,CRYS,26.6,33997,CHF
2015-03-04,DELT,68.23,100205,EUR
2015-03-04,EDLW,80.96,378156,CHF
2015-03-04,FJRD,40.09,269586,USD
2015-03-04,HLVT,109.67,236015,CHF
2015-03-04,IBEX,146.61,245140,EUR
2015-03-04,JURA,1112.25,92634,CHF
2015-03-05,ALPN,64.37,209476,CHF
2015-03-05,BRGN,168.14,320742,CHF
2015-03-05,CRYS,26.76,288133,CHF
2015-03-05,DELT,67.68,170279,EUR
2015-03-05,EDLW,81.13,108477,CHF
2015-03-05,FJRD,39.51,71472,USD
2015-03-05,HLVT,108.92,384458,CHF
2015-03-05,IBEX,143.32,208658,EUR
2015-03-05,JURA,1103.08,160219,CHF
2015-03-06,ALPN,64.26,195241,CHF
2015-03-06,BRGN,169.21,197760,CHF
2015-03-06,CRYS,27.75,267372,CHF
2015-03-06,DELT,69.95,262844,EUR
2015-03-06,EDLW,82.14,217707,CHF
2015-03-06,FJRD,40.04,203725,USD
2015-03-06,HLVT,109.09,278623,CHF
2015-03-06,IBEX,143.93,289909,EUR
2015-03-06,JURA,1137.13,282917,CHF
2015-03-09,ALPN,62.67,141705,CHF
2015-03-09,BRGN,169.25,91304,CHF
2015-03-09,CRYS,27.66,70342,CHF
2015-03-09,DELT,68.63,294448,EUR
2015-03-09,EDLW,80.62,166825,CHF
2015-03-09,FJRD,39.79,156680,USD
2015-03-09,HLVT,108.9,380117,CHF
2015-03-09,IBEX,146.04,226401,EUR
2015-03-09,JURA,1143.11,276486,CHF
2015-03-10,ALPN,60.84,168365,CHF
2015-03-10,BRGN,172.57,143849,CHF
2015-03-10,CRYS,28.14,302885,CHF
2015-03-10,DELT,68.21,377618,EUR
2015-03-10,EDLW,80.19,36138,CHF
2015-03-10,FJRD,39.82,162697,USD
2015-03-10,HLVT,107.72,179109,CHF
2015-03-10,IBEX,145.01,300277,EUR
2015-03-10,JURA,1156.8,206749,CHF
2015-03-11,ALPN,61.3,230619,CHF
2015-03-11,BRGN,175.53,268557,CHF
2015-03-11,CRYS,27.87,386920,CHF
2015-03-11,DELT,69.52,318748,EUR
2015-03-11,EDLW,81.07,190553,CHF
2015-03-11,FJRD,40.25,249889,USD
2015-03-11,HLVT,108.1,382304,CHF
2015-03-11,IBEX,147.28,98709,EUR
2015-03-11,JURA,1161.72,196023,CHF
2015-03-12,ALPN,61.93,206235,CHF
2015-03-12,BRGN,176.22,232435,CHF
2015-03-12,CRYS,28.08,165331,CHF
2015-03-12,DELT,69.23,355717,EUR
2015-03-12,EDLW,81.63,45743,CHF
2015-03-12,FJRD,40.77,269034,USD
2015-03-12,HLVT,108.65,184056,CHF
2015-03-12,IBEX,149.58,25283,EUR
2015-03-12,JURA,1191.33,243521,CHF
2015-03-13,ALPN,60.36,300816,CHF
2015-03-13,BRGN,176.18,261450,CHF
2015-03-13,CRYS,27.74,68578,CHF
2015-03-13,DELT,68.82,221125,EUR
2015-03-13,EDLW,81.94,233213,CHF
2015-03-13,FJRD,40.77,198793,USD
2015-03-13,HLVT,110.25,51694,CHF
2015-03-13,IBEX,148.96,127286,EUR
2015-03-13,JURA,1204.72,96523,CHF
2015-03-16,ALPN,60.11,71029,CHF
2015-03-16,BRGN,175.48,232680,CHF
2015-03-16,CRYS,27.25,303437,CHF
2015-03-16,DELT,67.28,361227,EUR
2015-03-16,EDLW,81.34,130204,CHF
2015-03-16,FJRD,40.69,360506,USD
2015-03-16,HLVT,107.71,275184,CHF
2015-03-16,IBEX,150.55,216412,EUR
2015-03-16,JURA,1185.11,291937,CHF
2015-03-17,ALPN,61.35,146884,CHF
2015-03-17,BRGN,179.65,343012,CHF
2015-03-17,CRYS,27.64,319401,CHF
2015-03-17,DELT,70.04,84545,EUR
2015-03-17,EDLW,81.57,70109,CHF
2015-03-17,FJRD,41.7,147154,USD
2015-03-17,HLVT,108.34,191599,CHF
2015-03-17,IBEX,152.55,34714,EUR
2015-03-17,JURA,1216.26,173609,CHF
2015-03-18,ALPN,61.03,326749,CHF
2015-03-18,BRGN,177.09,315480,CHF
2015-03-18,CRYS,27.6,318195,CHF
2015-03-18,DELT,69.2,352693,EUR
2015-03-18,EDLW,83.18,90692,CHF
2015-03-18,FJRD,40.96,134864,USD
2015-03-18,HLVT,106.82,200238,CHF
2015-03-18,IBEX,152.62,50078,EUR
2015-03-18,JURA,1206.12,95614,CHF
2015-03-19,ALPN,61.96,193737,CHF
2015-03-19,BRGN,176.96,281636,CHF
2015-03-19,CRYS,27.87,340605,CHF
2015-03-19,DELT,70.25,387186,EUR
2015-03-19,EDLW,84.25,176369,CHF
2015-03-19,FJRD,40.97,283457,USD
2015-03-19,HLVT,109.52,283434,CHF
2015-03-19,IBEX,149.6,137993,EUR
2015-03-19,JURA,1213.53,231621,CHF
2015-03-20,ALPN,63.75,337473,CHF
2015-03-20,BRGN,179.35,384253,CHF
2015-03-20,DELT,69.89,360928,EUR
2015-03-20,EDLW,86.0,359685,CHF
2015-03-20,FJRD,41.18,42768,USD
2015-03-20,HLVT,110.89,136184,CHF
2015-03-20,IBEX,151.88,330603,EUR
2015-03-20,JURA,1226.56,224776,CHF
2015-03-23,ALPN,63.52,189601,CHF
2015-03-23,BRGN,179.11,381967,CHF
2015-03-23,CRYS,28.86,211468,CHF
2015-03-23,DELT,69.17,194995,EUR
2015-03-23,EDLW,86.09,368515,CHF
2015-03-23,FJRD,41.03,20163,USD
2015-03-23,HLVT,109.89,228598,CHF
2015-03-23,IBEX,154.54,291279,EUR
2015-03-23,JURA,1207.08,347517,CHF
2015-03-24,ALPN,64.72,231639,CHF
2015-03-24,BRGN,179.85,310748,CHF
2015-03-24,CRYS,29.65,125252,CHF
2015-03-24,DELT,69.72,69511,EUR
2015-03-24,EDLW,86.83,355263,CHF
2015-03-24,FJRD,41.83,99707,USD
2015-03-24,HLVT,109.99,305157,CHF
2015-03-24,IBEX,156.52,63302,EUR
2015-03-24,JURA,1235.58,256860,CHF
2015-03-25,ALPN,62.66,95909,CHF
2015-03-25,BRGN,178.58,23470,CHF
2015-03-25,CRYS,28.55,70843,CHF
2015-03-25,DELT,69.88,173365,EUR
2015-03-25,EDLW,85.8,249359,CHF
2015-03-25,FJRD,41.69,120759,USD
2015-03-25,HLVT,104.94,380541,CHF
2015-03-25,IBEX,156.22,257926,EUR
2015-03-25,JURA,1224.23,299200,CHF
2015-03-26,ALPN,62.73,225775,CHF
2015-03-26,BRGN,177.15,294148,CHF
2015-03-26,CRYS,27.78,85805,CHF
2015-03-26,DELT,71.42,272542,EUR
2015-03-26,EDLW,85.03,343215,CHF
2015-03-26,FJRD,41.17,241621,USD
2015-03-26,HLVT,106.93,311970,CHF
2015-03-26,IBEX,156.46,327225,EUR
2015-03-26,JURA,1207.75,246677,CHF
2015-03-27,ALPN,61.83,115624,CHF
2015-03-27,BRGN,176.6,52369,CHF
2015-03-27,CRYS,27.58,360129,CHF
2015-03-27,DELT,69.81,272229,EUR
2015-03-27,EDLW,84.85,85717,CHF
2015-03-27,FJRD,40.37,71706,USD
2015-03-27,HLVT,107.65,247038,CHF
2015-03-27,IBEX,156.62,293345,EUR
2015-03-27,JURA,1'197.49,384346,CHF
2015-03-30,ALPN,60.25,238023,CHF
2015-03-30,CRYS,26.17,169572,CHF
2015-03-30,DELT,69.03,204285,EUR
2015-03-30,EDLW,84.36,394551,CHF
2015-03-30,FJRD,38.52,361584,USD
2015-03-30,HLVT,104.66,174068,CHF
2015-03-30,IBEX,154.75,257764,EUR
2015-03-30,JURA,1176.65,66510,CHF
2015-03-31,ALPN,60.32,143982,CHF
2015-03-31,BRGN,170.22,179041,CHF
2015-03-31,CRYS,25.9,228975,CHF
2015-03-31,DELT,68.22,340029,EUR
2015-03-31,EDLW,84.64,132629,CHF
2015-03-31,FJRD,38.36,180587,USD
2015-03-31,HLVT,104.74,381361,CHF
2015-03-31,IBEX,152.38,83877,EUR
2015-03-31,JURA,1185.75,62591,CHF
2015-04-01,ALPN,59.96,388510,CHF
2015-04-01,BRGN,169.18,38931,CHF
2015-04-01,CRYS,25.86,370262,CHF
2015-04-01,DELT,67.43,37420,EUR
2015-04-01,EDLW,83.51,212339,CHF
2015-04-01,FJRD,38.33,395475,USD
2015-04-01,HLVT,102.57,328887,CHF
2015-04-01,IBEX,150.32,83391,EUR
2015-04-01,JURA,1184.93,256278,CHF
2015-04-02,ALPN,61.09,175664,CHF
2015-04-02,BRGN,176.57,102413,CHF
2015-04-02,CRYS,26.75,38574,CHF
2015-04-02,DELT,69.12,138912,EUR
2015-04-02,EDLW,80.63,178583,CHF
2015-04-02,FJRD,37.97,52572,USD
2015-04-02,HLVT,104.57,201439,CHF
2015-04-02,IBEX,152.92,193177,EUR
2015-04-02,JURA,1182.79,117798,CHF
2015-04-03,ALPN,60.44,105360,CHF
2015-04-03,BRGN,175.17,208039,CHF
2015-04-03,CRYS,26.49,241831,CHF
2015-04-03,DELT,67.93,225931,EUR
2015-04-03,EDLW,80.19,116752,CHF
2015-04-03,FJRD,37.85,255300,USD
2015-04-03,HLVT,104.36,361342,CHF
2015-04-03,IBEX,149.06,398104,EUR
2015-04-03,JURA,1181.59,117355,CHF
2015-04-06,ALPN,59.02,391650,CHF
2015-04-06,BRGN,173.25,384724,CHF
2015-04-06,CRYS,25.94,182071,CHF
2015-04-06,DELT,66.81,346863,EUR
2015-04-06,EDLW,79.36,276493,CHF
2015-04-06,FJRD,36.5,241648,USD
2015-04-06,HLVT,105.41,79955,CHF
2015-04-06,IBEX,146.63,218553,EUR
2015-04-06,JURA,1177.74,178591,CHF
2015-04-07,ALPN,58.42,145590,CHF
2015-04-07,BRGN,172.47,297114,CHF
2015-04-07,CRYS,25.9,288342,CHF
2015-04-07,DELT,65.48,287841,EUR
2015-04-07,EDLW,78.12,101181,CHF
2015-04-07,FJRD,36.65,281915,USD
2015-04-07,HLVT,106.87,268743,CHF
2015-04-07,IBEX,146.25,246921,EUR
2015-04-07,JURA,1183.37,220695,CHF
2015-04-08,ALPN,57.97,123915,CHF
2015-04-08,BRGN,172.07,264023,CHF
2015-04-08,CRYS,25.73,283081,CHF
2015-04-08,DELT,65.28,203836,EUR
2015-04-08,EDLW,76.31,47525,CHF
2015-04-08,FJRD,36.1,25570,USD
2015-04-08,HLVT,107.02,321221,CHF
2015-04-08,IBEX,145.83,175379,EUR
2015-04-08,JURA,1180.51,391536,CHF
2015-04-09,ALPN,60.83,388337,CHF
2015-04-09,BRGN,174.16,169422,CHF
2015-04-09,CRYS,26.47,288214,CHF
2015-04-09,DELT,67.47,332045,EUR
2015-04-09,EDLW,78.08,212551,CHF
2015-04-09,FJRD,36.88,254505,USD
2015-04-09,HLVT,109.81,395535,CHF
2015-04-09,IBEX,149.06,128120,EUR
2015-04-09,JURA,1217.83,345678,CHF
2015-04-10,ALPN,62.03,377221,CHF
2015-04-10,BRGN,174.21,134806,CHF
2015-04-10,CRYS,27.74,352088,CHF
2015-04-10,DELT,67.78,340883,EUR
2015-04-10,EDLW,80.3,176240,CHF
2015-04-10,FJRD,38.29,159568,USD
2015-04-10,HLVT,110.01,367916,CHF
2015-04-10,IBEX,153.35,189713,EUR
2015-04-10,JURA,1217.39,67131,CHF
2015-04-13,ALPN,61.91,106432,CHF
2015-04-13,BRGN,175.23,390604,CHF
2015-04-13,CRYS,27.72,370385,CHF
2015-04-13,DELT,67.61,89466,EUR
2015-04-13,EDLW,80.65,115711,CHF
2015-04-13,FJRD,39.37,25146,USD
2015-04-13,HLVT,110.89,104559,CHF
2015-04-13,IBEX,155.04,320250,EUR
2015-04-13,JURA,1207.75,200600,CHF
2015-04-14,ALPN,61.1,252150,CHF
2015-04-14,BRGN,177.92,334269,CHF
2015-04-14,CRYS,26.86,325274,CHF
2015-04-14,DELT,67.14,355266,EUR
2015-04-14,EDLW,81.3,154817,CHF
2015-04-14,FJRD,39.14,186515,USD
2015-04-14,HLVT,109.51,220245,CHF
2015-04-14,IBEX,153.45,228945,EUR
2015-04-14,JURA,1182.91,278299,CHF
2015-04-15,ALPN,61.8,59028,CHF
2015-04-15,BRGN,176.5,112166,CHF
2015-04-15,CRYS,27.89,320754,CHF
2015-04-15,DELT,68.56,360657,EUR
2015-04-15,EDLW,83.4,367339,CHF
2015-04-15,FJRD,39.99,297416,USD
2015-04-15,HLVT,111.06,228014,CHF
2015-04-15,IBEX,157.95,94069,EUR
2015-04-15,JURA,1195.27,278618,CHF
2015-04-16,ALPN,61.51,383004,CHF
2015-04-16,BRGN,181.02,296725,CHF
2015-04-16,CRYS,28.28,389792,CHF
2015-04-16,DELT,69.59,323860,EUR
2015-04-16,EDLW,83.02,159099,CHF
2015-04-16,FJRD,39.69,70195,USD
2015-04-16,HLVT,109.67,23325,CHF
2015-04-16,IBEX,155.89,189221,EUR
2015-04-16,JURA,1181.89,218160,CHF
2015-04-17,ALPN,59.23,199703,CHF
2015-04-17,BRGN,176.95,111018,CHF
2015-04-17,CRYS,27.36,173569,CHF
2015-04-17,DELT,66.53,100451,EUR
2015-04-17,EDLW,82.68,100853,CHF
2015-04-17,FJRD,39.03,332464,USD
2015-04-17,HLVT,106.92,368655,CHF
2015-04-17,IBEX,154.17,303837,EUR
2015-04-17,JURA,1181.47,245377,CHF
2015-04-20,ALPN,59.6,398813,CHF
2015-04-20,BRGN,179.18,190921,CHF
2015-04-20,CRYS,27.1,203926,CHF
2015-04-20,DELT,67.95,231473,EUR
2015-04-20,EDLW,82.69,95714,CHF
2015-04-20,FJRD,39.29,194393,USD
2015-04-20,HLVT,107.12,171279,CHF
2015-04-20,IBEX,156.16,164675,EUR
2015-04-20,JURA,1192.69,250970,CHF
2015-04-21,ALPN,58.38,72573,CHF
2015-04-21,BRGN,177.48,29821,CHF
2015-04-21,CRYS,26.11,20103,CHF
2015-04-21,DELT,67.72,332813,EUR
2015-04-21,EDLW,82.31,360750,CHF
2015-04-21,FJRD,39.26,142364,USD
2015-04-21,HLVT,104.49,247259,CHF
2015-04-21,IBEX,148.2,83441,EUR
2015-04-21,JURA,1144.99,235219,CHF
2015-04-22,ALPN,60.34,185542,CHF
2015-04-22,BRGN,178.71,73211,CHF
2015-04-22,CRYS,27.2,91317,CHF
2015-04-22,DELT,68.44,206534,EUR
2015-04-22,EDLW,82.36,71269,CHF
2015-04-22,FJRD,39.62,109993,USD
2015-04-22,HLVT,106.46,155453,CHF
2015-04-22,IBEX,152.15,376227,EUR
2015-04-22,JURA,1132.53,189150,CHF
2015-04-23,ALPN,60.39,223547,CHF
2015-04-23,BRGN,178.79,62563,CHF
2015-04-23,CRYS,28.04,394132,CHF
2015-04-23,DELT,67.3,43256,EUR
2015-04-23,EDLW,83.85,386318,CHF
2015-04-23,FJRD,39.5,244588,USD
2015-04-23,HLVT,108.81,118096,CHF
2015-04-23,IBEX,153.75,220487,EUR
2015-04-23,JURA,1109.73,351785,CHF
2015-04-24,ALPN,60.51,339607,CHF
2015-04-24,BRGN,179.25,226240,CHF
2015-04-24,CRYS,27.02,296033,CHF
2015-04-24,DELT,65.06,329692,EUR
2015-04-24,EDLW,83.75,169374,CHF
2015-04-24,FJRD,39.77,93747,USD
2015-04-24,HLVT,108.3,26588,CHF
2015-04-24,IBEX,153.46,39639,EUR
2015-04-24,JURA,1'086.75,190943,CHF
2015-04-27,ALPN,58.91,325059,CHF
2015-04-27,BRGN,180.64,108876,CHF
2015-04-27,CRYS,26.94,310234,CHF
2015-04-27,DELT,64.29,156194,EUR
2015-04-27,EDLW,86.08,347498,CHF
2015-04-27,FJRD,39.9,81887,USD
2015-04-27,HLVT,108.06,30185,CHF
2015-04-27,IBEX,152.44,390271,EUR
2015-04-27,JURA,1077.01,360336,CHF
2015-04-28,ALPN,57.74,29322,CHF
2015-04-28,BRGN,175.59,211849,CHF
2015-04-28,CRYS,26.15,381016,CHF
2015-04-28,DELT,64.22,374840,EUR
2015-04-28,EDLW,85.51,268066,CHF
2015-04-28,FJRD,39.04,164341,USD
2015-04-28,HLVT,104.43,384768,CHF
2015-04-28,IBEX,145.71,194846,EUR
2015-04-28,JURA,1060.52,136145,CHF
2015-04-29,ALPN,59.14,279086,CHF
2015-04-29,BRGN,179.21,120619,CHF
2015-04-29,CRYS,26.22,388283,CHF
2015-04-29,EDLW,84.71,211328,CHF
2015-04-29,FJRD,40.3,331773,USD
2015-04-29,HLVT,107.98,219060,CHF
2015-04-29,IBEX,148.27,372985,EUR
2015-04-29,JURA,1072.33,367187,CHF
2015-04-30,ALPN,59.73,385169,CHF
2015-04-30,BRGN,178.05,330939,CHF
2015-04-30,CRYS,26.66,392660,CHF
2015-04-30,DELT,67.38,235742,EUR
2015-04-30,EDLW,84.37,327206,CHF
2015-04-30,FJRD,40.55,390976,USD
2015-04-30,HLVT,108.15,140088,CHF
2015-04-30,IBEX,150.84,23431,EUR
2015-04-30,JURA,1059.2,300393,CHF
2015-05-01,ALPN,59.91,227551,CHF
2015-05-01,BRGN,180.41,231149,CHF
2015-05-01,CRYS,27.25,114592,CHF
2015-05-01,DELT,68.45,63987,EUR
2015-05-01,EDLW,83.87,176677,CHF
2015-05-01,FJRD,41.38,390882,USD
2015-05-01,HLVT,106.54,150932,CHF
2015-05-01,IBEX,150.57,388025,EUR
2015-05-01,JURA,1062.73,123490,CHF
2015-05-04,ALPN,58.45,183758,CHF
2015-05-04,BRGN,178.34,65551,CHF
2015-05-04,CRYS,26.34,93295,CHF
2015-05-04,DELT,68.89,145838,EUR
2015-05-04,EDLW,80.45,27105,CHF
2015-05-04,FJRD,41.71,211285,USD
2015-05-04,HLVT,104.71,24668,CHF
2015-05-04,IBEX,150.85,150707,EUR
2015-05-04,JURA,1052.47,396840,CHF
2015-05-05,ALPN,57.54,96205,CHF
2015-05-05,BRGN,178.27,203560,CHF
2015-05-05,CRYS,26.33,73787,CHF
2015-05-05,DELT,67.87,377095,EUR
2015-05-05,EDLW,80.55,274745,CHF
2015-05-05,FJRD,40.47,375502,USD
2015-05-05,HLVT,105.45,171650,CHF
2015-05-05,IBEX,151.33,75498,EUR
2015-05-05,JURA,1055.3,329116,CHF
2015-05-06,ALPN,56.94,149520,CHF
2015-05-06,BRGN,176.15,140229,CHF
2015-05-06,CRYS,26.26,397118,CHF
2015-05-06,DELT,67.67,219386,EUR
2015-05-06,EDLW,80.43,145131,CHF
2015-05-06,FJRD,40.41,387686,USD
2015-05-06,HLVT,105.04,270427,CHF
2015-05-06,IBEX,149.17,225617,EUR
2015-05-06,JURA,1052.35,135554,CHF
2015-05-07,ALPN,55.96,49342,CHF
2015-05-07,BRGN,173.8,98604,CHF
2015-05-07,CRYS,26.12,366532,CHF
2015-05-07,DELT,67.07,392116,EUR
2015-05-07,EDLW,78.44,251208,CHF
2015-05-07,FJRD,40.6,157080,USD
2015-05-07,HLVT,103.62,164806,CHF
2015-05-07,IBEX,149.69,301663,EUR
2015-05-07,JURA,1061.58,233077,CHF
2015-05-08,ALPN,56.1,94399,CHF
2015-05-08,BRGN,174.86,133633,CHF
2015-05-08,CRYS,26.28,226900,CHF
2015-05-08,DELT,65.88,157663,EUR
2015-05-08,EDLW,79.52,212593,CHF
2015-05-08,FJRD,41.33,28223,USD
2015-05-08,HLVT,102.73,284621,CHF
2015-05-08,IBEX,153.45,90955,EUR
2015-05-08,JURA,1034.79,156974,CHF
2015-05-11,ALPN,56.95,354021,CHF
2015-05-11,BRGN,173.77,77169,CHF
2015-05-11,CRYS,26.07,313047,CHF
2015-05-11,DELT,64.89,314470,EUR
2015-05-11,EDLW,78.53,246650,CHF
2015-05-11,FJRD,41.64,319219,USD
2015-05-11,HLVT,100.53,272587,CHF
2015-05-11,IBEX,153.41,89472,EUR
2015-05-11,JURA,1024.8,217986,CHF
2015-05-12,ALPN,57.52,370953,CHF
2015-05-12,BRGN,171.65,223916,CHF
2015-05-12,CRYS,25.94,34585,CHF
2015-05-12,DELT,64.18,54800,EUR
2015-05-12,EDLW,78.49,27804,CHF
2015-05-12,FJRD,41.88,342092,USD
2015-05-12,HLVT,98.37,393272,CHF
2015-05-12,IBEX,151.32,100011,EUR
2015-05-12,JURA,1027.21,252858,CHF
2015-05-13,ALPN,57.29,267996,CHF
2015-05-13,BRGN,172.19,335391,CHF
2015-05-13,CRYS,25.63,379189,CHF
2015-05-13,DELT,64.42,169457,EUR
2015-05-13,EDLW,78.57,115248,CHF
2015-05-13,FJRD,42.02,59691,USD
2015-05-13,HLVT,97.65,174642,CHF
2015-05-13,IBEX,154.98,257505,EUR
2015-05-13,JURA,1025.18,238748,CHF
2015-05-14,ALPN,57.5,393211,CHF
2015-05-14,BRGN,173.03,282142,CHF
2015-05-14,CRYS,25.48,220910,CHF
2015-05-14,DELT,64.54,88608,EUR
2015-05-14,FJRD,41.92,257823,USD
2015-05-14,HLVT,98.52,365367,CHF
2015-05-14,IBEX,157.2,231511,EUR
2015-05-14,JURA,1027.21,266839,CHF
2015-05-15,ALPN,56.56,284356,CHF
2015-05-15,BRGN,172.43,171639,CHF
2015-05-15,CRYS,24.89,292831,CHF
2015-05-15,DELT,65.98,51554,EUR
2015-05-15,EDLW,76.17,64164,CHF
2015-05-15,FJRD,42.04,131805,USD
2015-05-15,HLVT,95.59,235819,CHF
2015-05-15,IBEX,154.08,325063,EUR
2015-05-15,JURA,1029.71,280936,CHF
2015-05-18,ALPN,55.99,241467,CHF
2015-05-18,BRGN,171.55,308520,CHF
2015-05-18,CRYS,24.55,248844,CHF
2015-05-18,DELT,63.79,150367,EUR
2015-05-18,EDLW,76.27,267348,CHF
2015-05-18,FJRD,41.23,100108,USD
2015-05-18,HLVT,94.69,94726,CHF
2015-05-18,IBEX,149.12,384582,EUR
2015-05-18,JURA,1028.32,209475,CHF
2015-05-19,ALPN,55.27,204322,CHF
2015-05-19,BRGN,174.63,212936,CHF
2015-05-19,CRYS,23.92,80379,CHF
2015-05-19,DELT,62.83,23198,EUR
2015-05-19,EDLW,77.36,213924,CHF
2015-05-19,FJRD,41.79,235281,USD
2015-05-19,HLVT,95.36,360911,CHF
2015-05-19,IBEX,149.07,392628,EUR
2015-05-19,JURA,1017.21,208960,CHF
2015-05-20,ALPN,55.43,213308,CHF
2015-05-20,BRGN,175.06,123562,CHF
2015-05-20,CRYS,24.52,354032,CHF
2015-05-20,DELT,62.63,286098,EUR
2015-05-20,EDLW,76.89,219875,CHF
2015-05-20,FJRD,42.05,53668,USD
2015-05-20,HLVT,94.28,367716,CHF
2015-05-20,IBEX,153.37,94021,EUR
2015-05-20,JURA,1028.11,359261,CHF
2015-05-21,ALPN,56.22,146271,CHF
2015-05-21,BRGN,175.74,376745,CHF
2015-05-21,CRYS,25.07,110080,CHF
2015-05-21,DELT,63.12,246145,EUR
2015-05-21,EDLW,75.48,287164,CHF
2015-05-21,FJRD,42.62,235559,USD
2015-05-21,HLVT,94.38,112378,CHF
2015-05-21,IBEX,154.63,119389,EUR
2015-05-21,JURA,1051.88,87340,CHF
2015-05-22,ALPN,55.73,51244,CHF
2015-05-22,BRGN,180.02,242738,CHF
2015-05-22,CRYS,25.88,66228,CHF
2015-05-22,DELT,63.85,27408,EUR
2015-05-22,EDLW,75.57,315972,CHF
2015-05-22,FJRD,43.45,364351,USD
2015-05-22,HLVT,95.7,172119,CHF
2015-05-22,IBEX,157.08,385391,EUR
2015-05-22,JURA,1'069.14,48654,CHF
2015-05-25,ALPN,54.89,263852,CHF
2015-05-25,BRGN,179.55,22645,CHF
2015-05-25,CRYS,26.14,94738,CHF
2015-05-25,DELT,63.75,183939,EUR
2015-05-25,EDLW,75.97,186345,CHF
2015-05-25,FJRD,43.2,315535,USD
2015-05-25,HLVT,97.19,276221,CHF
2015-05-25,IBEX,152.35,140524,EUR
2015-05-25,JURA,1090.9,209864,CHF
2015-05-26,ALPN,54.54,69550,CHF
2015-05-26,BRGN,182.31,311351,CHF
2015-05-26,CRYS,26.48,109714,CHF
2015-05-26,DELT,65.36,358510,EUR
2015-05-26,EDLW,77.15,30673,CHF
2015-05-26,FJRD,43.71,363794,USD
2015-05-26,HLVT,98.7,194587,CHF
2015-05-26,IBEX,155.55,169447,EUR
2015-05-26,JURA,1091.68,22783,CHF
2015-05-27,ALPN,53.85,356481,CHF
2015-05-27,BRGN,185.48,152315,CHF
2015-05-27,CRYS,26.43,267973,CHF
2015-05-27,DELT,65.65,340460,EUR
2015-05-27,EDLW,79.44,354119,CHF
2015-05-27,FJRD,43.8,131437,USD
2015-05-27,HLVT,98.87,209534,CHF
2015-05-27,IBEX,156.18,380521,EUR
2015-05-27,JURA,1100.03,333050,CHF
2015-05-28,ALPN,55.28,158618,CHF
2015-05-28,BRGN,188.65,39747,CHF
2015-05-28,CRYS,26.32,299249,CHF
2015-05-28,DELT,67.39,150566,EUR
2015-05-28,EDLW,80.3,368328,CHF
2015-05-28,FJRD,44.99,256969,USD
2015-05-28,HLVT,98.72,329705,CHF
2015-05-28,IBEX,159.39,277373,EUR
2015-05-28,JURA,1097.95,85894,CHF
2015-05-29,ALPN,53.65,275309,CHF
2015-05-29,BRGN,187.13,245171,CHF
2015-05-29,CRYS,26.82,48375,CHF
2015-05-29,DELT,68.23,188711,EUR
2015-05-29,EDLW,78.6,339442,CHF
2015-05-29,FJRD,44.67,160240,USD
2015-05-29,HLVT,98.84,291663,CHF
2015-05-29,IBEX,157.42,363597,EUR
2015-05-29,JURA,1101.65,248129,CHF
2015-06-01,ALPN,53.32,169486,CHF
2015-06-01,BRGN,187.83,68320,CHF
2015-06-01,CRYS,27.39,92791,CHF
2015-06-01,DELT,68.25,275902,EUR
2015-06-01,EDLW,79.58,191841,CHF
2015-06-01,FJRD,44.79,29739,USD
2015-06-01,HLVT,97.54,338452,CHF
2015-06-01,IBEX,160.64,227250,EUR
2015-06-01,JURA,1107.89,122130,CHF
2015-06-02,ALPN,54.25,22891,CHF
2015-06-02,BRGN,192.63,88252,CHF
2015-06-02,CRYS,27.88,164658,CHF
2015-06-02,DELT,68.51,279313,EUR
2015-06-02,EDLW,79.07,326031,CHF
2015-06-02,FJRD,44.68,298673,USD
2015-06-02,HLVT,97.94,35522,CHF
2015-06-02,IBEX,162.82,352760,EUR
2015-06-02,JURA,1119.24,186264,CHF
2015-06-03,ALPN,55.36,337636,CHF
2015-06-03,BRGN,194.23,54874,CHF
2015-06-03,CRYS,27.75,194694,CHF
2015-06-03,DELT,68.43,86276,EUR
2015-06-03,EDLW,78.2,237044,CHF
2015-06-03,FJRD,45.09,217568,USD
2015-06-03,HLVT,98.4,170028,CHF
2015-06-03,IBEX,162.26,227231,EUR
2015-06-03,JURA,1131.7,205611,CHF
2015-06-04,ALPN,57.37,350624,CHF
2015-06-04,BRGN,196.06,89159,CHF
2015-06-04,CRYS,28.42,212196,CHF
2015-06-04,DELT,70.89,265364,EUR
2015-06-04,EDLW,78.94,79704,CHF
2015-06-04,FJRD,46.61,174534,USD
2015-06-04,HLVT,101.4,231726,CHF
2015-06-04,IBEX,164.36,156749,EUR
2015-06-04,JURA,1163.78,32428,CHF
2015-06-05,ALPN,59.41,244774,CHF
2015-06-05,BRGN,201.31,359059,CHF
2015-06-05,CRYS,29.41,165560,CHF
2015-06-05,DELT,72.4,392004,EUR
2015-06-05,EDLW,78.82,266339,CHF
2015-06-05,FJRD,48.26,373847,USD
2015-06-05,HLVT,104.48,103800,CHF
2015-06-05,IBEX,166.42,248666,EUR
2015-06-05,JURA,1195.24,259924,CHF
2015-06-08,ALPN,58.68,380387,CHF
2015-06-08,BRGN,197.68,390699,CHF
2015-06-08,CRYS,28.58,279926,CHF
2015-06-08,DELT,71.65,239269,EUR
2015-06-08,EDLW,78.21,143660,CHF
2015-06-08,FJRD,46.99,343965,USD
2015-06-08,HLVT,103.01,353389,CHF
2015-06-08,IBEX,163.46,48455,EUR
2015-06-08,JURA,1196.52,279335,CHF
2015-06-09,ALPN,59.37,167894,CHF
2015-06-09,BRGN,200.14,148223,CHF
2015-06-09,CRYS,28.29,320845,CHF
2015-06-09,DELT,71.73,247499,EUR
2015-06-09,EDLW,79.84,387378,CHF
2015-06-09,FJRD,46.79,67253,USD
2015-06-09,IBEX,161.82,110339,EUR
2015-06-09,JURA,1201.35,93625,CHF
2015-06-10,ALPN,60.45,20130,CHF
2015-06-10,BRGN,202.03,332666,CHF
2015-06-10,CRYS,28.35,197342,CHF
2015-06-10,DELT,72.76,275416,EUR
2015-06-10,EDLW,80.4,276508,CHF
2015-06-10,FJRD,47.07,52289,USD
2015-06-10,HLVT,106.78,67193,CHF
2015-06-10,IBEX,162.59,168821,EUR
2015-06-10,JURA,1202.46,327072,CHF
2015-06-11,ALPN,61.17,84121,CHF
2015-06-11,BRGN,200.49,275360,CHF
2015-06-11,CRYS,28.53,276211,CHF
2015-06-11,DELT,73.27,184640,EUR
2015-06-11,EDLW,80.1,174672,CHF
2015-06-11,FJRD,47.68,218899,USD
2015-06-11,HLVT,108.71,165363,CHF
2015-06-11,IBEX,162.68,341462,EUR
2015-06-11,JURA,1226.53,376892,CHF
2015-06-12,ALPN,61.19,64425,CHF
2015-06-12,BRGN,202.77,174703,CHF
2015-06-12,DELT,71.95,53960,EUR
2015-06-12,EDLW,78.93,220604,CHF
2015-06-12,FJRD,46.91,295974,USD
2015-06-12,HLVT,107.79,244865,CHF
2015-06-12,IBEX,161.42,334081,EUR
2015-06-12,JURA,1212.92,224628,CHF
2015-06-15,ALPN,62.61,100215,CHF
2015-06-15,BRGN,200.68,170977,CHF
2015-06-15,CRYS,28.68,371823,CHF
2015-06-15,DELT,72.99,363478,EUR
2015-06-15,EDLW,78.48,202241,CHF
2015-06-15,FJRD,47.3,367179,USD
2015-06-15,HLVT,108.58,391072,CHF
2015-06-15,IBEX,162.11,57531,EUR
2015-06-15,IBEX,162.11,57531,EUR
2015-06-15,JURA,1223.02,68950,CHF
2015-06-16,ALPN,63.09,326183,CHF
2015-06-16,BRGN,198.34,219161,CHF
2015-06-16,CRYS,29.13,311595,CHF
2015-06-16,DELT,72.34,213027,EUR
2015-06-16,EDLW,78.95,258135,CHF
2015-06-16,FJRD,48.06,69617,USD
2015-06-16,HLVT,110.02,396649,CHF
2015-06-16,IBEX,163.75,117328,EUR
2015-06-16,JURA,1237.92,73175,CHF
2015-06-17,ALPN,64.77,188967,CHF
2015-06-17,BRGN,197.3,321033,CHF
2015-06-17,CRYS,28.79,368630,CHF
2015-06-17,DELT,71.25,214851,EUR
2015-06-17,EDLW,78.93,248407,CHF
2015-06-17,FJRD,47.62,397501,USD
2015-06-17,HLVT,110.27,267453,CHF
2015-06-17,IBEX,158.95,338917,EUR
2015-06-17,JURA,1236.13,364490,CHF
2015-06-18,ALPN,66.33,309566,CHF
2015-06-18,BRGN,200.09,252637,CHF
2015-06-18,CRYS,29.27,134472,CHF
2015-06-18,DELT,71.47,76634,EUR
2015-06-18,EDLW,77.44,308277,CHF
2015-06-18,FJRD,47.02,230764,USD
2015-06-18,HLVT,110.86,38779,CHF
2015-06-18,IBEX,165.39,40178,EUR
2015-06-18,JURA,1258.69,68206,CHF
2015-06-19,ALPN,67.99,344515,CHF
2015-06-19,BRGN,203.11,337740,CHF
2015-06-19,CRYS,28.68,42651,CHF
2015-06-19,DELT,70.47,393807,EUR
2015-06-19,EDLW,78.19,109193,CHF
2015-06-19,FJRD,46.32,98384,USD
2015-06-19,HLVT,111.35,132257,CHF
2015-06-19,IBEX,165.95,147881,EUR
2015-06-19,JURA,1'252.17,271574,CHF
2015-06-22,ALPN,68.27,396602,CHF
2015-06-22,BRGN,203.47,147522,CHF
2015-06-22,CRYS,28.47,232576,CHF
2015-06-22,DELT,69.68,96283,EUR
2015-06-22,EDLW,76.5,385521,CHF
2015-06-22,FJRD,46.78,249138,USD
2015-06-22,HLVT,111.68,95197,CHF
2015-06-22,IBEX,165.98,240417,EUR
2015-06-22,JURA,1252.04,223687,CHF
2015-06-23,ALPN,68.4,25263,CHF
2015-06-23,BRGN,200.62,281152,CHF
2015-06-23,CRYS,28.3,235344,CHF
2015-06-23,DELT,71.12,173256,EUR
2015-06-23,EDLW,76.47,288555,CHF
2015-06-23,FJRD,45.97,164399,USD
2015-06-23,HLVT,109.86,385419,CHF
2015-06-23,IBEX,161.67,118231,EUR
2015-06-23,JURA,1251.14,168074,CHF
2015-06-24,ALPN,67.35,115957,CHF
2015-06-24,ALPN,67.35,115957,CHF
2015-06-24,BRGN,202.34,210245,CHF
2015-06-24,CRYS,28.36,329208,CHF
2015-06-24,DELT,70.71,396979,EUR
2015-06-24,EDLW,76.06,60253,CHF
2015-06-24,FJRD,46.64,325657,USD
2015-06-24,HLVT,109.31,298370,CHF
2015-06-24,IBEX,161.72,171591,EUR
2015-06-24,JURA,1272.41,241331,CHF
2015-06-25,ALPN,66.68,119372,CHF
2015-06-25,BRGN,203.39,58218,CHF
2015-06-25,CRYS,28.81,321965,CHF
2015-06-25,DELT,69.76,267039,EUR
2015-06-25,EDLW,75.18,216364,CHF
2015-06-25,FJRD,47.23,52157,USD
2015-06-25,HLVT,110.63,257096,CHF
2015-06-25,IBEX,163.48,155793,EUR
2015-06-25,JURA,1300.88,213267,CHF
2015-06-26,ALPN,65.77,268966,CHF
2015-06-26,BRGN,199.04,136041,CHF
2015-06-26,CRYS,28.85,278537,CHF
2015-06-26,DELT,69.87,214971,EUR
2015-06-26,EDLW,75.22,129205,CHF
2015-06-26,FJRD,45.99,293423,USD
2015-06-26,HLVT,111.8,259879,CHF
2015-06-26,IBEX,162.04,144623,EUR
2015-06-26,JURA,1299.64,220610,CHF
2015-06-29,ALPN,65.29,210849,CHF
2015-06-29,BRGN,201.46,239268,CHF
2015-06-29,CRYS,28.77,42099,CHF
2015-06-29,DELT,69.8,335845,EUR
2015-06-29,EDLW,74.61,47139,CHF
2015-06-29,FJRD,45.32,68090,USD
2015-06-29,HLVT,108.59,275099,CHF
2015-06-29,IBEX,161.87,306800,EUR
2015-06-29,JURA,1298.81,328250,CHF
2015-06-30,ALPN,65.29,28844,CHF
2015-06-30,BRGN,203.51,221480,CHF
2015-06-30,CRYS,29.23,46448,CHF
2015-06-30,DELT,70.05,343945,EUR
2015-06-30,EDLW,73.48,153276,CHF
2015-06-30,FJRD,44.84,375641,USD
2015-06-30,HLVT,105.73,177343,CHF
2015-06-30,IBEX,159.45,132457,EUR
2015-07-01,ALPN,66.4,169854,CHF
2015-07-01,BRGN,205.32,56388,CHF
2015-07-01,CRYS,29.2,351470,CHF
2015-07-01,DELT,70.14,352069,EUR
2015-07-01,EDLW,72.46,293324,CHF
2015-07-01,FJRD,45.01,245153,USD
2015-07-01,HLVT,105.19,210462,CHF
2015-07-01,IBEX,159.82,346186,EUR
2015-07-01,JURA,1302.07,295503,CHF
2015-07-02,ALPN,65.37,72202,CHF
2015-07-02,BRGN,206.83,320280,CHF
2015-07-02,CRYS,28.8,354702,CHF
2015-07-02,DELT,69.06,87010,EUR
2015-07-02,EDLW,73.44,311185,CHF
2015-07-02,FJRD,44.91,327838,USD
2015-07-02,HLVT,104.95,54452,CHF
2015-07-02,IBEX,161.99,295492,EUR
2015-07-02,JURA,1297.72,379183,CHF
2015-07-03,ALPN,65.97,278723,CHF
2015-07-03,BRGN,209.86,58143,CHF
2015-07-03,CRYS,28.5,179143,CHF
2015-07-03,DELT,69.72,116959,EUR
2015-07-03,EDLW,72.41,257782,CHF
2015-07-03,FJRD,45.65,118711,USD
2015-07-03,HLVT,104.34,217664,CHF
2015-07-03,IBEX,159.35,241797,EUR
2015-07-03,JURA,1315.39,143455,CHF
2015-07-06,ALPN,66.39,86194,CHF
2015-07-06,BRGN,212.51,77759,CHF
2015-07-06,CRYS,28.19,219049,CHF
2015-07-06,DELT,68.79,374837,EUR
2015-07-06,EDLW,73.18,211932,CHF
2015-07-06,FJRD,45.32,302131,USD
2015-07-06,HLVT,103.44,82484,CHF
2015-07-06,IBEX,161.39,300637,EUR
2015-07-06,JURA,1323.48,395840,CHF
2015-07-07,ALPN,65.9,41804,CHF
2015-07-07,BRGN,214.34,125320,CHF
2015-07-07,CRYS,27.96,91868,CHF
2015-07-07,DELT,69.79,195800,EUR
2015-07-07,EDLW,73.93,156342,CHF
2015-07-07,FJRD,46.04,143344,USD
2015-07-07,HLVT,105.22,139134,CHF
2015-07-07,IBEX,159.75,341599,EUR
2015-07-07,JURA,1293.66,358060,CHF
2015-07-08,ALPN,66.57,167185,CHF
2015-07-08,BRGN,219.72,208556,CHF
2015-07-08,CRYS,27.72,336015,CHF
2015-07-08,DELT,70.26,128597,EUR
2015-07-08,EDLW,75.13,276705,CHF
2015-07-08,FJRD,46.33,389258,USD
2015-07-08,HLVT,104.69,165574,CHF
2015-07-08,IBEX,155.1,77265,EUR
2015-07-08,JURA,1297.17,120017,CHF
2015-07-09,ALPN,67.66,186636,CHF
2015-07-09,BRGN,223.0,306686,CHF
2015-07-09,CRYS,28.05,369506,CHF
2015-07-09,DELT,72.82,27880,EUR
2015-07-09,EDLW,75.19,360034,CHF
2015-07-09,FJRD,48.69,74700,USD
2015-07-09,HLVT,106.83,45539,CHF
2015-07-09,IBEX,157.16,123270,EUR
2015-07-09,JURA,1345.61,50197,CHF
2015-07-10,ALPN,67.23,98163,CHF
2015-07-10,BRGN,222.99,153123,CHF
2015-07-10,CRYS,27.53,52582,CHF
2015-07-10,DELT,71.81,265836,EUR
2015-07-10,EDLW,75.05,70652,CHF
2015-07-10,FJRD,47.95,153802,USD
2015-07-10,HLVT,107.84,130676,CHF
2015-07-10,IBEX,155.4,25775,EUR
2015-07-10,JURA,1312.15,84954,CHF
2015-07-13,ALPN,67.67,282063,CHF
2015-07-13,BRGN,223.63,241363,CHF
2015-07-13,CRYS,27.3,45467,CHF
2015-07-13,DELT,71.83,237714,EUR
2015-07-13,EDLW,75.52,116034,CHF
2015-07-13,FJRD,47.74,270700,USD
2015-07-13,HLVT,108.53,199458,CHF
2015-07-13,IBEX,151.19,221874,EUR
2015-07-13,JURA,1291.64,63685,CHF
2015-07-14,ALPN,67.62,130530,CHF
2015-07-14,BRGN,223.86,247246,CHF
2015-07-14,CRYS,27.26,165958,CHF
2015-07-14,DELT,71.93,46361,EUR
2015-07-14,EDLW,76.54,333006,CHF
2015-07-14,FJRD,48.23,309638,USD
2015-07-14,HLVT,108.33,389780,CHF
2015-07-14,IBEX,151.57,396745,EUR
2015-07-14,JURA,1292.23,384825,CHF
2015-07-15,ALPN,67.18,38602,CHF
2015-07-15,BRGN,227.94,352245,CHF
2015-07-15,DELT,71.07,97445,EUR
2015-07-15,EDLW,75.38,26374,CHF
2015-07-15,FJRD,47.31,61191,USD
2015-07-15,HLVT,108.98,48059,CHF
2015-07-15,IBEX,148.22,243697,EUR
2015-07-15,JURA,1293.5,288104,CHF
2015-07-16,ALPN,66.31,232785,CHF
2015-07-16,BRGN,229.2,153587,CHF
2015-07-16,CRYS,26.61,265549,CHF
2015-07-16,DELT,68.81,37853,EUR
2015-07-16,EDLW,74.09,36922,CHF
2015-07-16,FJRD,45.96,179829,USD
2015-07-16,HLVT,109.73,273507,CHF
2015-07-16,IBEX,145.73,262688,EUR
2015-07-16,JURA,1273.61,155644,CHF
2015-07-17,ALPN,63.82,297272,CHF
2015-07-17,BRGN,227.08,321029,CHF
2015-07-17,CRYS,26.32,260413,CHF
2015-07-17,DELT,69.06,337826,EUR
2015-07-17,EDLW,72.33,310244,CHF
2015-07-17,FJRD,45.57,218295,USD
2015-07-17,HLVT,109.54,95244,CHF
2015-07-17,IBEX,146.35,313027,EUR
2015-07-17,JURA,1286.94,334859,CHF
2015-07-20,ALPN,62.23,311906,CHF
2015-07-20,BRGN,218.21,210068,CHF
2015-07-20,CRYS,25.26,237009,CHF
2015-07-20,DELT,68.1,375546,EUR
2015-07-20,EDLW,70.89,236437,CHF
2015-07-20,FJRD,44.5,181084,USD
2015-07-20,HLVT,105.55,240691,CHF
2015-07-20,IBEX,139.49,173328,EUR
2015-07-20,JURA,1'233.53,204179,CHF
2015-07-21,ALPN,62.25,158537,CHF
2015-07-21,BRGN,220.45,84128,CHF
2015-07-21,CRYS,25.81,314893,CHF
2015-07-21,DELT,67.94,68084,EUR
2015-07-21,EDLW,70.58,329753,CHF
2015-07-21,FJRD,44.69,118182,USD
2015-07-21,HLVT,106.71,44835,CHF
2015-07-21,IBEX,139.13,290477,EUR
2015-07-21,JURA,1237.91,109775,CHF
2015-07-22,ALPN,61.66,356388,CHF
2015-07-22,BRGN,214.75,67480,CHF
2015-07-22,CRYS,25.96,383417,CHF
2015-07-22,DELT,68.05,193025,EUR
2015-07-22,EDLW,69.08,362089,CHF
2015-07-22,FJRD,44.45,327606,USD
2015-07-22,HLVT,107.32,325539,CHF
2015-07-22,IBEX,136.73,314950,EUR
2015-07-22,JURA,1248.71,229126,CHF
2015-07-23,BRGN,214.77,150383,CHF
2015-07-23,CRYS,26.66,167546,CHF
2015-07-23,DELT,69.95,160537,EUR
2015-07-23,EDLW,69.14,365195,CHF
2015-07-23,FJRD,45.0,22836,USD
2015-07-23,HLVT,108.33,337922,CHF
2015-07-23,IBEX,138.91,53573,EUR
2015-07-23,JURA,1238.38,177120,CHF
2015-07-24,ALPN,64.2,55958,CHF
2015-07-24,BRGN,218.12,313195,CHF
2015-07-24,CRYS,27.57,270545,CHF
2015-07-24,DELT,70.76,235207,EUR
2015-07-24,EDLW,68.49,281393,CHF
2015-07-24,EDLW,68.49,281393,CHF
2015-07-24,FJRD,45.43,294293,USD
2015-07-24,HLVT,110.74,78216,CHF
2015-07-24,IBEX,140.49,260892,EUR
2015-07-24,JURA,1261.3,181306,CHF
2015-07-27,ALPN,65.86,69594,CHF
2015-07-27,BRGN,217.73,322265,CHF
2015-07-27,CRYS,28.01,78180,CHF
2015-07-27,DELT,71.26,116652,EUR
2015-07-27,EDLW,69.25,311789,CHF
2015-07-27,FJRD,45.79,268105,USD
2015-07-27,HLVT,108.95,113076,CHF
2015-07-27,IBEX,140.64,187752,EUR
2015-07-27,JURA,1252.05,86420,CHF
2015-07-28,ALPN,67.23,122927,CHF
2015-07-28,BRGN,222.54,326919,CHF
2015-07-28,CRYS,28.1,205132,CHF
2015-07-28,DELT,71.95,49685,EUR
2015-07-28,EDLW,69.16,53471,CHF
2015-07-28,FJRD,45.64,145887,USD
2015-07-28,HLVT,110.24,75488,CHF
2015-07-28,IBEX,138.66,160455,EUR
2015-07-28,JURA,1264.29,27248,CHF
2015-07-29,ALPN,67.07,374403,CHF
2015-07-29,BRGN,220.75,154656,CHF
2015-07-29,CRYS,28.34,312022,CHF
2015-07-29,DELT,72.54,186470,EUR
2015-07-29,EDLW,69.54,377034,CHF
2015-07-29,FJRD,46.33,352271,USD
2015-07-29,HLVT,109.43,155261,CHF
2015-07-29,IBEX,140.99,113876,EUR
2015-07-29,JURA,1250.92,177908,CHF
2015-07-30,ALPN,67.54,123789,CHF
2015-07-30,BRGN,217.9,207413,CHF
2015-07-30,CRYS,28.13,280121,CHF
2015-07-30,DELT,74.06,175029,EUR
2015-07-30,EDLW,68.77,43419,CHF
2015-07-30,FJRD,46.69,213959,USD
2015-07-30,HLVT,108.0,94182,CHF
2015-07-30,IBEX,143.48,398119,EUR
2015-07-30,JURA,1257.0,140034,CHF
2015-07-31,ALPN,66.15,317489,CHF
2015-07-31,BRGN,217.28,222944,CHF
2015-07-31,CRYS,26.94,135824,CHF
2015-07-31,DELT,72.54,31245,EUR
2015-07-31,EDLW,68.1,205660,CHF
2015-07-31,FJRD,46.11,157534,USD
2015-07-31,HLVT,106.27,136444,CHF
2015-07-31,IBEX,139.14,286307,EUR
2015-07-31,JURA,1217.63,168937,CHF
2015-08-03,ALPN,65.38,278817,CHF
2015-08-03,BRGN,216.0,272804,CHF
2015-08-03,CRYS,27.37,370613,CHF
2015-08-03,DELT,72.6,180827,EUR
2015-08-03,EDLW,68.43,391592,CHF
2015-08-03,FJRD,46.23,236168,USD
2015-08-03,HLVT,106.23,130802,CHF
2015-08-03,IBEX,137.78,98436,EUR
2015-08-03,JURA,1212.63,275305,CHF
2015-08-04,ALPN,66.19,30199,CHF
2015-08-04,CRYS,27.9,169822,CHF
2015-08-04,DELT,73.05,359042,EUR
2015-08-04,EDLW,67.08,247307,CHF
2015-08-04,FJRD,47.01,74146,USD
2015-08-04,HLVT,104.24,368309,CHF
2015-08-04,IBEX,136.61,343419,EUR
2015-08-04,JURA,1209.92,148605,CHF
2015-08-04,JURA,1209.92,148605,CHF
2015-08-05,ALPN,66.48,72990,CHF
2015-08-05,BRGN,217.34,243208,CHF
2015-08-05,CRYS,28.43,143663,CHF
2015-08-05,DELT,74.24,388571,EUR
2015-08-05,EDLW,67.04,197911,CHF
2015-08-05,FJRD,47.65,60242,USD
2015-08-05,HLVT,104.6,153847,CHF
2015-08-05,IBEX,138.52,179549,EUR
2015-08-05,JURA,1213.51,133853,CHF
2015-08-06,ALPN,66.92,338423,CHF
2015-08-06,BRGN,224.24,376707,CHF
2015-08-06,CRYS,28.05,218898,CHF
2015-08-06,DELT,74.88,81206,EUR
2015-08-06,EDLW,65.59,66801,CHF
2015-08-06,FJRD,48.96,163597,USD
2015-08-06,HLVT,103.02,217927,CHF
2015-08-06,IBEX,140.83,223829,EUR
2015-08-06,JURA,1200.94,42747,CHF
2015-08-07,ALPN,66.46,336797,CHF
2015-08-07,BRGN,222.6,55841,CHF
2015-08-07,CRYS,28.51,120834,CHF
2015-08-07,DELT,74.39,62199,EUR
2015-08-07,EDLW,64.16,51886,CHF
2015-08-07,FJRD,47.28,257801,USD
2015-08-07,HLVT,103.18,169077,CHF
2015-08-07,IBEX,139.66,374719,EUR
2015-08-07,JURA,1199.4,139259,CHF
2015-08-10,ALPN,67.9,313918,CHF
2015-08-10,BRGN,230.0,393207,CHF
2015-08-10,CRYS,28.85,305447,CHF
2015-08-10,DELT,72.89,100236,EUR
2015-08-10,EDLW,64.65,266604,CHF
2015-08-10,FJRD,47.46,353521,USD
2015-08-10,HLVT,102.94,38682,CHF
2015-08-10,IBEX,140.93,106362,EUR
2015-08-10,JURA,1205.47,246435,CHF
2015-08-11,ALPN,67.96,64297,CHF
2015-08-11,BRGN,224.02,287691,CHF
2015-08-11,CRYS,28.15,298631,CHF
2015-08-11,DELT,73.18,230206,EUR
2015-08-11,EDLW,64.17,88276,CHF
2015-08-11,FJRD,47.6,28782,USD
2015-08-11,HLVT,101.79,306664,CHF
2015-08-11,IBEX,140.07,93529,EUR
2015-08-11,JURA,1202.31,246624,CHF
2015-08-12,ALPN,67.23,254849,CHF
2015-08-12,BRGN,222.44,118123,CHF
2015-08-12,CRYS,28.03,254763,CHF
2015-08-12,DELT,73.1,346510,EUR
2015-08-12,EDLW,64.35,253177,CHF
2015-08-12,FJRD,47.69,294800,USD
2015-08-12,HLVT,100.6,389123,CHF
2015-08-12,IBEX,137.43,272854,EUR
2015-08-12,JURA,1197.81,348392,CHF
2015-08-13,ALPN,66.02,359005,CHF
2015-08-13,BRGN,218.66,197988,CHF
2015-08-13,CRYS,28.07,335526,CHF
2015-08-13,DELT,72.16,213145,EUR
2015-08-13,EDLW,66.76,333365,CHF
2015-08-13,FJRD,47.69,232730,USD
2015-08-13,HLVT,101.21,211083,CHF
2015-08-13,IBEX,135.73,248043,EUR
2015-08-13,JURA,1197.76,319753,CHF
2015-08-14,ALPN,65.6,27999,CHF
2015-08-14,BRGN,220.44,122374,CHF
2015-08-14,CRYS,27.86,237139,CHF
2015-08-14,DELT,70.08,350788,EUR
2015-08-14,EDLW,65.15,98529,CHF
2015-08-14,FJRD,45.69,272914,USD
2015-08-14,HLVT,102.34,185961,CHF
2015-08-14,IBEX,131.85,306718,EUR
2015-08-14,JURA,1192.64,372780,CHF
2015-08-17,ALPN,65.05,232423,CHF
2015-08-17,BRGN,219.97,230089,CHF
2015-08-17,CRYS,27.22,83871,CHF
2015-08-17,DELT,69.38,220481,EUR
2015-08-17,EDLW,65.61,27456,CHF
2015-08-17,FJRD,45.89,246506,USD
2015-08-17,HLVT,102.09,29356,CHF
2015-08-17,JURA,1'203.60,84513,CHF
2015-08-18,ALPN,65.11,370484,CHF
2015-08-18,BRGN,225.12,110769,CHF
2015-08-18,CRYS,27.63,394692,CHF
2015-08-18,DELT,69.68,292473,EUR
2015-08-18,EDLW,66.7,387067,CHF
2015-08-18,FJRD,46.68,66675,USD
2015-08-18,HLVT,103.03,182789,CHF
2015-08-18,IBEX,132.69,115786,EUR
2015-08-18,JURA,1227.14,103842,CHF
2015-08-19,ALPN,64.5,355833,CHF
2015-08-19,BRGN,223.43,120635,CHF
2015-08-19,CRYS,28.1,200163,CHF
2015-08-19,DELT,69.4,114413,EUR
2015-08-19,EDLW,65.91,155856,CHF
2015-08-19,FJRD,47.12,237099,USD
2015-08-19,HLVT,101.88,245998,CHF
2015-08-19,IBEX,133.93,233924,EUR
2015-08-19,JURA,1216.53,290926,CHF
2015-08-20,ALPN,65.0,111530,CHF
2015-08-20,BRGN,226.82,174202,CHF
2015-08-20,CRYS,28.65,383747,CHF
2015-08-20,DELT,70.94,339650,EUR
2015-08-20,EDLW,66.14,301515,CHF
2015-08-20,FJRD,47.22,319812,USD
2015-08-20,HLVT,102.75,322500,CHF
2015-08-20,IBEX,133.82,163867,EUR
2015-08-20,JURA,1237.85,333810,CHF
2015-08-21,ALPN,66.39,30417,CHF
2015-08-21,BRGN,230.44,313117,CHF
2015-08-21,CRYS,29.28,396200,CHF
2015-08-21,DELT,71.24,37403,EUR
2015-08-21,EDLW,65.92,101304,CHF
2015-08-21,FJRD,48.02,248803,USD
2015-08-21,HLVT,102.94,391365,CHF
2015-08-21,IBEX,136.76,218764,EUR
2015-08-21,JURA,1263.71,239891,CHF
2015-08-24,ALPN,67.53,149244,CHF
2015-08-24,BRGN,228.04,171604,CHF
2015-08-24,CRYS,29.48,263492,CHF
2015-08-24,DELT,71.5,230260,EUR
2015-08-24,EDLW,65.53,266632,CHF
2015-08-24,FJRD,48.1,243523,USD
2015-08-24,HLVT,102.17,206360,CHF
2015-08-24,IBEX,135.85,176285,EUR
2015-08-24,JURA,1277.84,229149,CHF
2015-08-25,ALPN,65.82,44273,CHF
2015-08-25,BRGN,230.51,54623,CHF
2015-08-25,CRYS,29.09,380234,CHF
2015-08-25,DELT,70.55,307514,EUR
2015-08-25,EDLW,64.29,348326,CHF
2015-08-25,FJRD,47.82,148978,USD
2015-08-25,HLVT,102.16,307562,CHF
2015-08-25,IBEX,134.11,175484,EUR
2015-08-25,JURA,1277.76,395556,CHF
2015-08-26,ALPN,66.05,338842,CHF
2015-08-26,BRGN,223.66,397881,CHF
2015-08-26,CRYS,28.28,388299,CHF
2015-08-26,DELT,68.49,276179,EUR
2015-08-26,EDLW,63.5,380597,CHF
2015-08-26,FJRD,47.01,216203,USD
2015-08-26,HLVT,101.8,299173,CHF
2015-08-26,IBEX,133.45,147652,EUR
2015-08-26,JURA,1291.18,74268,CHF
2015-08-27,ALPN,66.64,38547,CHF
2015-08-27,BRGN,218.15,120245,CHF
2015-08-27,CRYS,27.73,76981,CHF
2015-08-27,DELT,69.7,285262,EUR
2015-08-27,EDLW,65.25,99419,CHF
2015-08-27,FJRD,46.98,30298,USD
2015-08-27,HLVT,100.02,186943,CHF
2015-08-27,IBEX,132.33,117772,EUR
2015-08-27,JURA,1278.05,398234,CHF
2015-08-28,ALPN,67.14,51064,CHF
2015-08-28,BRGN,218.95,139994,CHF
2015-08-28,CRYS,27.82,127220,CHF
2015-08-28,DELT,69.57,213753,EUR
2015-08-28,EDLW,65.71,196825,CHF
2015-08-28,HLVT,102.04,282403,CHF
2015-08-28,IBEX,133.52,86570,EUR
2015-08-28,JURA,1293.04,254987,CHF
2015-08-31,ALPN,67.25,301576,CHF
2015-08-31,BRGN,214.96,55195,CHF
2015-08-31,CRYS,27.68,117722,CHF
2015-08-31,DELT,69.05,27342,EUR
2015-08-31,EDLW,64.55,377483,CHF
2015-08-31,FJRD,45.48,25255,USD
2015-08-31,HLVT,98.07,140355,CHF
2015-08-31,IBEX,130.2,26761,EUR
2015-08-31,JURA,1268.87,263262,CHF
2015-09-01,ALPN,66.28,36858,CHF
2015-09-01,BRGN,221.31,391127,CHF
2015-09-01,CRYS,27.59,163064,CHF
2015-09-01,DELT,67.41,116997,EUR
2015-09-01,EDLW,64.02,349642,CHF
2015-09-01,FJRD,45.61,61043,USD
2015-09-01,HLVT,96.26,394468,CHF
2015-09-01,IBEX,127.26,257347,EUR
2015-09-01,JURA,1253.5,385178,CHF
2015-09-02,ALPN,66.17,329006,CHF
2015-09-02,BRGN,219.24,36459,CHF
2015-09-02,CRYS,27.29,182081,CHF
2015-09-02,DELT,67.33,189431,EUR
2015-09-02,EDLW,63.33,321177,CHF
2015-09-02,FJRD,45.18,267579,USD
2015-09-02,HLVT,93.85,323773,CHF
2015-09-02,IBEX,126.96,41020,EUR
2015-09-02,JURA,1240.35,263027,CHF
2015-09-03,ALPN,66.09,159290,CHF
2015-09-03,BRGN,218.28,317158,CHF
2015-09-03,CRYS,27.71,118256,CHF
2015-09-03,DELT,68.68,363148,EUR
2015-09-03,EDLW,62.11,78751,CHF
2015-09-03,FJRD,45.02,46549,USD
2015-09-03,HLVT,95.2,150753,CHF
2015-09-03,IBEX,127.7,244663,EUR
2015-09-03,JURA,1251.08,159277,CHF
2015-09-04,ALPN,64.52,221145,CHF
2015-09-04,BRGN,216.82,358301,CHF
2015-09-04,CRYS,27.61,215655,CHF
2015-09-04,DELT,67.34,93384,EUR
2015-09-04,EDLW,62.33,43765,CHF
2015-09-04,FJRD,44.11,135020,USD
2015-09-04,HLVT,94.32,104944,CHF
2015-09-04,IBEX,125.59,79692,EUR
2015-09-04,JURA,1251.68,70391,CHF
2015-09-07,ALPN,64.9,196122,CHF
2015-09-07,BRGN,215.17,284044,CHF
2015-09-07,CRYS,28.14,102574,CHF
2015-09-07,DELT,68.57,236255,EUR
2015-09-07,EDLW,61.26,36403,CHF
2015-09-07,FJRD,44.37,368912,USD
2015-09-07,HLVT,94.16,340368,CHF
2015-09-07,IBEX,128.03,225525,EUR
2015-09-07,JURA,1258.22,313456,CHF
2015-09-08,ALPN,66.8,191663,CHF
2015-09-08,BRGN,214.7,68739,CHF
2015-09-08,CRYS,29.25,314982,CHF
2015-09-08,DELT,68.95,198176,EUR
2015-09-08,EDLW,61.91,245378,CHF
2015-09-08,FJRD,44.59,154685,USD
2015-09-08,HLVT,94.46,143816,CHF
2015-09-08,IBEX,128.37,193686,EUR
2015-09-08,JURA,1264.69,174811,CHF
2015-09-09,ALPN,67.21,291100,CHF
2015-09-09,BRGN,215.34,117903,CHF
2015-09-09,CRYS,29.35,69365,CHF
2015-09-09,DELT,67.12,193453,EUR
2015-09-09,EDLW,61.36,320019,CHF
2015-09-09,FJRD,43.5,382654,USD
2015-09-09,HLVT,95.57,165272,CHF
2015-09-09,IBEX,123.65,338428,EUR
2015-09-09,JURA,1286.33,77775,CHF
2015-09-10,ALPN,64.41,91768,CHF
2015-09-10,BRGN,216.26,81246,CHF
2015-09-10,CRYS,28.3,337422,CHF
2015-09-10,DELT,64.56,309655,EUR
2015-09-10,EDLW,58.73,358629,CHF
2015-09-10,FJRD,41.69,33184,USD
2015-09-10,HLVT,92.04,89148,CHF
2015-09-10,IBEX,120.53,295166,EUR
2015-09-10,JURA,1246.79,339295,CHF
2015-09-11,ALPN,64.76,249751,CHF
2015-09-11,BRGN,214.97,269530,CHF
2015-09-11,CRYS,29.43,264881,CHF
2015-09-11,DELT,64.89,70817,EUR
2015-09-11,EDLW,57.87,153976,CHF
2015-09-11,FJRD,43.16,389853,USD
2015-09-11,HLVT,93.46,295571,CHF
2015-09-11,IBEX,121.05,301675,EUR
2015-09-11,JURA,1266.05,246825,CHF
2015-09-14,ALPN,65.48,170359,CHF
2015-09-14,BRGN,216.07,112201,CHF
2015-09-14,CRYS,29.15,63203,CHF
2015-09-14,DELT,65.49,111085,EUR
2015-09-14,EDLW,57.8,180788,CHF
2015-09-14,FJRD,44.51,113376,USD
2015-09-14,HLVT,94.16,152880,CHF
2015-09-14,IBEX,121.22,171169,EUR
2015-09-14,JURA,1'274.85,126495,CHF
2015-09-15,ALPN,66.91,339127,CHF
2015-09-15,BRGN,214.3,212929,CHF
2015-09-15,CRYS,29.42,252189,CHF
2015-09-15,DELT,64.66,367904,EUR
2015-09-15,EDLW,57.43,249281,CHF
2015-09-15,FJRD,44.04,113811,USD
2015-09-15,HLVT,93.85,171606,CHF
2015-09-15,IBEX,122.34,288355,EUR
2015-09-15,JURA,1330.86,192172,CHF
2015-09-16,ALPN,65.82,131614,CHF
2015-09-16,BRGN,210.08,82337,CHF
2015-09-16,CRYS,28.9,175095,CHF
2015-09-16,DELT,64.15,100109,EUR
2015-09-16,EDLW,57.89,33567,CHF
2015-09-16,FJRD,43.42,205622,USD
2015-09-16,HLVT,91.83,309761,CHF
2015-09-16,IBEX,118.67,282488,EUR
2015-09-16,JURA,1287.12,333902,CHF
2015-09-17,ALPN,65.46,209662,CHF
2015-09-17,BRGN,209.78,84125,CHF
2015-09-17,CRYS,28.71,79974,CHF
2015-09-17,DELT,63.5,314556,EUR
2015-09-17,EDLW,56.98,369364,CHF
2015-09-17,FJRD,43.09,319003,USD
2015-09-17,HLVT,91.34,289091,CHF
2015-09-17,IBEX,117.53,139658,EUR
2015-09-17,JURA,1281.02,281551,CHF
2015-09-18,ALPN,65.54,20354,CHF
2015-09-18,BRGN,210.23,299381,CHF
2015-09-18,CRYS,28.56,85900,CHF
2015-09-18,DELT,63.03,144893,EUR
2015-09-18,EDLW,55.42,164208,CHF
2015-09-18,FJRD,43.35,144296,USD
2015-09-18,HLVT,90.94,279168,CHF
2015-09-18,IBEX,118.46,233581,EUR
2015-09-18,JURA,1287.08,372847,CHF
2015-09-21,ALPN,65.95,329370,CHF
2015-09-21,BRGN,211.18,61652,CHF
2015-09-21,CRYS,28.8,29567,CHF
2015-09-21,DELT,63.33,155225,EUR
2015-09-21,EDLW,55.31,362219,CHF
2015-09-21,FJRD,43.3,32658,USD
2015-09-21,HLVT,90.69,187466,CHF
2015-09-21,IBEX,115.45,187782,EUR
2015-09-21,JURA,1294.73,135805,CHF
2015-09-22,ALPN,65.41,376988,CHF
2015-09-22,BRGN,208.24,201649,CHF
2015-09-22,CRYS,28.84,96956,CHF
2015-09-22,DELT,63.3,318643,EUR
2015-09-22,EDLW,54.53,31562,CHF
2015-09-22,HLVT,91.05,348453,CHF
2015-09-22,IBEX,115.34,306624,EUR
2015-09-22,JURA,1272.87,71888,CHF
2015-09-23,ALPN,65.15,30239,CHF
2015-09-23,ALPN,65.15,30239,CHF
2015-09-23,BRGN,209.04,125351,CHF
2015-09-23,CRYS,28.93,203719,CHF
2015-09-23,DELT,64.26,320691,EUR
2015-09-23,EDLW,54.74,157245,CHF
2015-09-23,FJRD,44.74,311702,USD
2015-09-23,HLVT,91.61,245576,CHF
2015-09-23,IBEX,115.89,291700,EUR
2015-09-23,JURA,1307.01,76957,CHF
2015-09-24,ALPN,65.17,71708,CHF
2015-09-24,BRGN,215.28,220253,CHF
2015-09-24,CRYS,28.33,209576,CHF
2015-09-24,DELT,63.8,84268,EUR
2015-09-24,EDLW,53.44,284689,CHF
2015-09-24,FJRD,44.47,230831,USD
2015-09-24,HLVT,90.67,386154,CHF
2015-09-24,IBEX,113.3,362099,EUR
2015-09-24,JURA,1276.78,240899,CHF
2015-09-25,ALPN,65.53,340796,CHF
2015-09-25,BRGN,213.46,173826,CHF
2015-09-25,CRYS,27.76,393865,CHF
2015-09-25,DELT,62.62,68383,EUR
2015-09-25,EDLW,53.16,145613,CHF
2015-09-25,FJRD,43.55,79834,USD
2015-09-25,HLVT,89.14,95713,CHF
2015-09-25,IBEX,112.12,327101,EUR
2015-09-25,JURA,1263.99,146103,CHF
2015-09-28,ALPN,64.45,214365,CHF
2015-09-28,BRGN,210.18,25429,CHF
2015-09-28,CRYS,27.73,252406,CHF
2015-09-28,DELT,61.86,112002,EUR
2015-09-28,EDLW,54.44,39072,CHF
2015-09-28,FJRD,42.79,54973,USD
2015-09-28,IBEX,111.3,94760,EUR
2015-09-28,JURA,1275.79,147116,CHF
2015-09-29,ALPN,64.41,87874,CHF
2015-09-29,BRGN,210.98,387279,CHF
2015-09-29,CRYS,28.29,204830,CHF
2015-09-29,DELT,63.35,28943,EUR
2015-09-29,EDLW,54.71,143624,CHF
2015-09-29,FJRD,43.03,370511,USD
2015-09-29,HLVT,90.26,368558,CHF
2015-09-29,IBEX,113.81,312236,EUR
2015-09-29,JURA,1266.71,97994,CHF
2015-09-30,ALPN,63.97,110336,CHF
2015-09-30,BRGN,210.02,198721,CHF
2015-09-30,CRYS,27.86,291900,CHF
2015-09-30,DELT,62.29,122348,EUR
2015-09-30,EDLW,54.58,266067,CHF
2015-09-30,FJRD,42.31,144861,USD
2015-09-30,HLVT,89.31,363775,CHF
2015-09-30,IBEX,113.05,345300,EUR
2015-09-30,JURA,1253.85,392304,CHF
2015-10-01,ALPN,62.46,131664,CHF
2015-10-01,BRGN,206.54,81451,CHF
2015-10-01,CRYS,27.23,203151,CHF
2015-10-01,DELT,60.32,183490,EUR
2015-10-01,EDLW,54.54,348046,CHF
2015-10-01,FJRD,41.32,288379,USD
2015-10-01,HLVT,88.04,208610,CHF
2015-10-01,IBEX,111.46,300627,EUR
2015-10-01,JURA,1252.31,54397,CHF
2015-10-02,ALPN,63.65,137005,CHF
2015-10-02,BRGN,208.96,270542,CHF
2015-10-02,CRYS,27.77,187526,CHF
2015-10-02,DELT,60.39,248921,EUR
2015-10-02,DELT,60.39,248921,EUR
2015-10-02,EDLW,55.51,68125,CHF
2015-10-02,FJRD,42.42,268169,USD
2015-10-02,HLVT,89.6,249838,CHF
2015-10-02,IBEX,113.56,178716,EUR
2015-10-02,JURA,1288.58,335611,CHF
2015-10-05,ALPN,61.96,56278,CHF
2015-10-05,BRGN,206.32,73074,CHF
2015-10-05,CRYS,27.17,312648,CHF
2015-10-05,DELT,60.68,395819,EUR
2015-10-05,EDLW,54.81,78201,CHF
2015-10-05,FJRD,41.79,223178,USD
2015-10-05,HLVT,88.26,343961,CHF
2015-10-05,IBEX,112.81,385436,EUR
2015-10-05,JURA,1282.46,357662,CHF
2015-10-06,ALPN,62.15,393054,CHF
2015-10-06,BRGN,208.91,327478,CHF
2015-10-06,CRYS,26.66,216006,CHF
2015-10-06,DELT,59.74,64139,EUR
2015-10-06,EDLW,54.19,322740,CHF
2015-10-06,FJRD,41.59,120169,USD
2015-10-06,HLVT,89.18,343407,CHF
2015-10-06,IBEX,113.05,130091,EUR
2015-10-06,JURA,1264.39,330421,CHF
2015-10-07,ALPN,61.86,80780,CHF
2015-10-07,BRGN,211.58,137104,CHF
2015-10-07,CRYS,27.36,302622,CHF
2015-10-07,DELT,60.66,199933,EUR
2015-10-07,EDLW,54.97,296889,CHF
2015-10-07,FJRD,43.01,147567,USD
2015-10-07,HLVT,89.42,373466,CHF
2015-10-07,IBEX,111.91,108897,EUR
2015-10-07,JURA,1278.84,190730,CHF
2015-10-08,ALPN,61.19,330102,CHF
2015-10-08,BRGN,209.73,193130,CHF
2015-10-08,CRYS,27.22,184818,CHF
2015-10-08,DELT,58.75,46251,EUR
2015-10-08,EDLW,55.88,88040,CHF
2015-10-08,FJRD,43.28,382670,USD
2015-10-08,HLVT,88.65,30662,CHF
2015-10-08,IBEX,109.28,135588,EUR
2015-10-08,JURA,1263.35,281505,CHF
2015-10-09,ALPN,61.57,290150,CHF
2015-10-09,BRGN,208.02,98349,CHF
2015-10-09,CRYS,27.69,301766,CHF
2015-10-09,DELT,59.88,153485,EUR
2015-10-09,EDLW,56.57,77082,CHF
2015-10-09,FJRD,43.07,21845,USD
2015-10-09,HLVT,88.88,120504,CHF
2015-10-09,IBEX,107.41,344169,EUR
2015-10-09,JURA,1282.17,120195,CHF
2015-10-12,ALPN,63.26,79364,CHF
2015-10-12,BRGN,209.09,52658,CHF
2015-10-12,CRYS,28.3,322122,CHF
2015-10-12,DELT,59.34,215128,EUR
2015-10-12,EDLW,55.4,321933,CHF
2015-10-12,FJRD,42.94,351400,USD
2015-10-12,HLVT,91.0,199450,CHF
2015-10-12,IBEX,106.85,382059,EUR
2015-10-12,JURA,1'296.58,217053,CHF
2015-10-13,ALPN,63.19,77449,CHF
2015-10-13,BRGN,211.88,113318,CHF
2015-10-13,CRYS,28.34,382004,CHF
2015-10-13,DELT,59.12,279716,EUR
2015-10-13,EDLW,54.28,127586,CHF
2015-10-13,FJRD,42.83,224601,USD
2015-10-13,IBEX,107.03,373460,EUR
2015-10-13,JURA,1318.81,51777,CHF
2015-10-14,ALPN,62.76,196456,CHF
2015-10-14,BRGN,214.49,137312,CHF
2015-10-14,CRYS,28.06,344184,CHF
2015-10-14,DELT,58.49,42159,EUR
2015-10-14,EDLW,54.65,111241,CHF
2015-10-14,FJRD,42.32,241772,USD
2015-10-14,HLVT,89.74,306700,CHF
2015-10-14,IBEX,107.09,121196,EUR
2015-10-14,JURA,1305.25,379183,CHF
2015-10-15,ALPN,62.11,353564,CHF
2015-10-15,BRGN,211.11,353506,CHF
2015-10-15,CRYS,27.4,38515,CHF
2015-10-15,DELT,57.84,275163,EUR
2015-10-15,EDLW,53.96,165386,CHF
2015-10-15,FJRD,41.65,138993,USD
2015-10-15,HLVT,88.54,213493,CHF
2015-10-15,IBEX,107.48,244645,EUR
2015-10-15,JURA,1283.87,296617,CHF
2015-10-16,ALPN,61.46,192422,CHF
2015-10-16,BRGN,209.48,129096,CHF
2015-10-16,CRYS,27.18,279062,CHF
2015-10-16,DELT,57.2,97877,EUR
2015-10-16,EDLW,52.54,372883,CHF
2015-10-16,FJRD,41.8,165114,USD
2015-10-16,HLVT,88.73,154759,CHF
2015-10-16,IBEX,107.24,195562,EUR
2015-10-16,JURA,1279.24,385550,CHF
2015-10-19,ALPN,60.93,128666,CHF
2015-10-19,BRGN,209.46,107145,CHF
2015-10-19,CRYS,28.25,345853,CHF
2015-10-19,DELT,57.83,206498,EUR
2015-10-19,EDLW,52.99,56475,CHF
2015-10-19,FJRD,43.09,259808,USD
2015-10-19,HLVT,90.61,166589,CHF
2015-10-19,IBEX,107.07,97649,EUR
2015-10-19,JURA,1294.51,123522,CHF
2015-10-20,ALPN,58.83,234847,CHF
2015-10-20,BRGN,201.0,102863,CHF
2015-10-20,CRYS,26.9,104099,CHF
2015-10-20,DELT,56.47,365735,EUR
2015-10-20,EDLW,52.52,237036,CHF
2015-10-20,FJRD,41.56,276687,USD
2015-10-20,HLVT,89.43,114055,CHF
2015-10-20,IBEX,103.33,293264,EUR
2015-10-20,JURA,1274.73,300131,CHF
2015-10-21,ALPN,60.19,155405,CHF
2015-10-21,BRGN,199.01,336119,CHF
2015-10-21,CRYS,26.73,270264,CHF
2015-10-21,DELT,57.36,99916,EUR
2015-10-21,EDLW,53.08,214530,CHF
2015-10-21,FJRD,42.02,84504,USD
2015-10-21,HLVT,89.41,302785,CHF
2015-10-21,IBEX,104.9,101217,EUR
2015-10-21,JURA,1305.71,65127,CHF
2015-10-22,ALPN,59.8,174532,CHF
2015-10-22,BRGN,200.81,214784,CHF
2015-10-22,CRYS,27.44,236176,CHF
2015-10-22,DELT,58.67,395839,EUR
2015-10-22,EDLW,52.22,319074,CHF
2015-10-22,FJRD,41.74,134089,USD
2015-10-22,HLVT,91.12,206849,CHF
2015-10-22,IBEX,103.97,88793,EUR
2015-10-22,JURA,1294.55,394508,CHF
2015-10-23,ALPN,59.08,170926,CHF
2015-10-23,BRGN,202.16,279040,CHF
2015-10-23,CRYS,26.97,194772,CHF
2015-10-23,DELT,59.31,49155,EUR
2015-10-23,EDLW,52.43,346347,CHF
2015-10-23,FJRD,41.71,374082,USD
2015-10-23,HLVT,91.69,375946,CHF
2015-10-23,IBEX,103.1,69495,EUR
2015-10-23,JURA,1277.12,359904,CHF
2015-10-26,ALPN,58.09,153503,CHF
2015-10-26,BRGN,202.24,70812,CHF
2015-10-26,CRYS,27.06,74626,CHF
2015-10-26,DELT,59.47,292867,EUR
2015-10-26,EDLW,52.9,153233,CHF
2015-10-26,FJRD,41.64,287781,USD
2015-10-26,HLVT,91.68,357988,CHF
2015-10-26,IBEX,103.98,297907,EUR
2015-10-26,JURA,1295.41,153562,CHF
2015-10-27,ALPN,58.91,122245,CHF
2015-10-27,BRGN,203.07,30766,CHF
2015-10-27,CRYS,27.65,75151,CHF
2015-10-27,DELT,59.63,86142,EUR
2015-10-27,EDLW,52.95,383969,CHF
2015-10-27,FJRD,40.99,251865,USD
2015-10-27,HLVT,92.47,377539,CHF
2015-10-27,IBEX,102.16,173682,EUR
2015-10-27,JURA,1306.4,39051,CHF
2015-10-28,ALPN,59.43,177449,CHF
2015-10-28,BRGN,205.19,249217,CHF
2015-10-28,CRYS,28.8,351749,CHF
2015-10-28,DELT,60.5,333083,EUR
2015-10-28,EDLW,52.41,251692,CHF
2015-10-28,FJRD,41.2,250261,USD
2015-10-28,HLVT,94.55,175781,CHF
2015-10-28,IBEX,102.33,329093,EUR
2015-10-28,JURA,1330.39,67363,CHF
2015-10-29,ALPN,57.48,353060,CHF
2015-10-29,BRGN,204.33,359101,CHF
2015-10-29,CRYS,28.17,110680,CHF
2015-10-29,DELT,58.64,208770,EUR
2015-10-29,EDLW,52.06,352569,CHF
2015-10-29,FJRD,40.27,197144,USD
2015-10-29,HLVT,91.46,24621,CHF
2015-10-29,IBEX,99.9,177417,EUR
2015-10-29,JURA,1350.1,274324,CHF
2015-10-30,ALPN,57.78,186292,CHF
2015-10-30,BRGN,209.67,284515,CHF
2015-10-30,CRYS,28.23,148048,CHF
2015-10-30,DELT,59.87,387748,EUR
2015-10-30,EDLW,52.27,230238,CHF
2015-10-30,FJRD,39.99,89508,USD
2015-10-30,HLVT,92.73,94974,CHF
2015-10-30,IBEX,103.79,131224,EUR
2015-10-30,JURA,1352.24,283874,CHF
2015-11-02,ALPN,57.87,70796,CHF
2015-11-02,BRGN,208.58,120837,CHF
2015-11-02,CRYS,28.35,44570,CHF
2015-11-02,DELT,59.59,274741,EUR
2015-11-02,DELT,59.59,274741,EUR
2015-11-02,EDLW,52.13,56212,CHF
2015-11-02,FJRD,39.79,261001,USD
2015-11-02,HLVT,92.99,34593,CHF
2015-11-02,IBEX,104.94,77210,EUR
2015-11-02,JURA,1346.64,357666,CHF
2015-11-03,ALPN,58.38,92721,CHF
2015-11-03,BRGN,208.4,283248,CHF
2015-11-03,CRYS,28.43,287213,CHF
2015-11-03,DELT,60.5,167878,EUR
2015-11-03,EDLW,52.83,315923,CHF
2015-11-03,FJRD,39.47,241213,USD
2015-11-03,HLVT,93.38,197644,CHF
2015-11-03,IBEX,107.6,392067,EUR
2015-11-03,JURA,1335.93,283189,CHF
2015-11-04,ALPN,59.34,376890,CHF
2015-11-04,BRGN,206.27,74750,CHF
2015-11-04,CRYS,28.02,163319,CHF
2015-11-04,DELT,61.07,226058,EUR
2015-11-04,EDLW,52.33,324912,CHF
2015-11-04,FJRD,38.66,270316,USD
2015-11-04,HLVT,93.89,331268,CHF
2015-11-04,IBEX,106.86,364492,EUR
2015-11-04,JURA,1334.11,82462,CHF
2015-11-05,ALPN,60.28,220178,CHF
2015-11-05,BRGN,206.67,392940,CHF
2015-11-05,CRYS,28.49,350338,CHF
2015-11-05,DELT,61.2,285901,EUR
2015-11-05,EDLW,52.21,369989,CHF
2015-11-05,FJRD,38.71,99917,USD
2015-11-05,HLVT,94.96,357089,CHF
2015-11-05,IBEX,107.57,91210,EUR
2015-11-05,JURA,1350.41,159077,CHF
2015-11-06,ALPN,62.07,159083,CHF
2015-11-06,BRGN,207.76,40343,CHF
2015-11-06,CRYS,29.57,336804,CHF
2015-11-06,DELT,63.06,152834,EUR
2015-11-06,EDLW,53.88,374623,CHF
2015-11-06,FJRD,39.91,59783,USD
2015-11-06,HLVT,96.57,284329,CHF
2015-11-06,IBEX,109.55,258152,EUR
2015-11-06,JURA,1405.1,377243,CHF
2015-11-09,ALPN,64.07,79337,CHF
2015-11-09,BRGN,211.26,343337,CHF
2015-11-09,CRYS,30.49,153011,CHF
2015-11-09,DELT,63.15,277307,EUR
2015-11-09,EDLW,53.44,308134,CHF
2015-11-09,FJRD,41.33,263442,USD
2015-11-09,HLVT,96.36,296837,CHF
2015-11-09,IBEX,111.64,379449,EUR
2015-11-09,JURA,1'419.66,140146,CHF
2015-11-10,ALPN,64.53,315606,CHF
2015-11-10,BRGN,214.8,226146,CHF
2015-11-10,CRYS,31.51,379577,CHF
2015-11-10,DELT,64.43,374641,EUR
2015-11-10,EDLW,54.36,203763,CHF
2015-11-10,FJRD,42.38,254139,USD
2015-11-10,HLVT,98.78,317778,CHF
2015-11-10,IBEX,114.83,204520,EUR
2015-11-10,JURA,1446.05,245639,CHF
2015-11-11,ALPN,62.51,250044,CHF
2015-11-11,BRGN,208.83,328334,CHF
2015-11-11,CRYS,30.88,370344,CHF
2015-11-11,DELT,63.22,374150,EUR
2015-11-11,EDLW,55.07,150623,CHF
2015-11-11,FJRD,41.62,94385,USD
2015-11-11,HLVT,95.35,113897,CHF
2015-11-11,IBEX,113.44,40342,EUR
2015-11-11,JURA,1454.61,385253,CHF
2015-11-12,ALPN,63.61,277942,CHF
2015-11-12,BRGN,212.0,266097,CHF
2015-11-12,CRYS,31.74,52922,CHF
2015-11-12,DELT,64.4,257474,EUR
2015-11-12,EDLW,56.23,179809,CHF
2015-11-12,FJRD,42.6,94104,USD
2015-11-12,HLVT,99.09,115458,CHF
2015-11-12,IBEX,113.76,221499,EUR
2015-11-12,JURA,1493.3,287089,CHF
2015-11-13,ALPN,63.97,173341,CHF
2015-11-13,BRGN,212.19,213640,CHF
2015-11-13,CRYS,32.23,273698,CHF
2015-11-13,DELT,64.09,135130,EUR
2015-11-13,EDLW,56.14,258720,CHF
2015-11-13,FJRD,42.23,382749,USD
2015-11-13,HLVT,100.05,280646,CHF
2015-11-13,IBEX,112.05,279150,EUR
2015-11-13,JURA,1501.27,214684,CHF
2015-11-16,ALPN,63.72,254569,CHF
2015-11-16,BRGN,209.13,196963,CHF
2015-11-16,CRYS,31.8,44052,CHF
2015-11-16,DELT,61.74,213507,EUR
2015-11-16,EDLW,56.15,314810,CHF
2015-11-16,FJRD,41.85,104399,USD
2015-11-16,HLVT,100.24,164195,CHF
2015-11-16,IBEX,112.31,175124,EUR
2015-11-16,JURA,1493.02,385911,CHF
2015-11-17,ALPN,63.66,24506,CHF
2015-11-17,BRGN,210.91,114625,CHF
2015-11-17,CRYS,32.15,57768,CHF
2015-11-17,DELT,61.92,377852,EUR
2015-11-17,EDLW,55.43,83232,CHF
2015-11-17,FJRD,42.3,281961,USD
2015-11-17,HLVT,99.77,304098,CHF
2015-11-17,IBEX,111.81,250717,EUR
2015-11-17,JURA,1490.77,178291,CHF
2015-11-18,ALPN,63.74,161156,CHF
2015-11-18,BRGN,214.18,139205,CHF
2015-11-18,CRYS,32.87,145252,CHF
2015-11-18,DELT,62.72,156949,EUR
2015-11-18,EDLW,56.29,151463,CHF
2015-11-18,FJRD,43.28,363724,USD
2015-11-18,IBEX,111.93,324531,EUR
2015-11-18,JURA,1518.39,41877,CHF
2015-11-19,ALPN,64.0,380581,CHF
2015-11-19,BRGN,211.22,253107,CHF
2015-11-19,CRYS,32.6,300800,CHF
2015-11-19,DELT,62.54,33247,EUR
2015-11-19,EDLW,54.96,273173,CHF
2015-11-19,FJRD,41.33,190650,USD
2015-11-19,HLVT,98.81,132698,CHF
2015-11-19,IBEX,110.63,188731,EUR
2015-11-19,JURA,1487.96,117061,CHF
2015-11-20,ALPN,64.31,72574,CHF
2015-11-20,BRGN,210.25,268918,CHF
2015-11-20,CRYS,33.13,212456,CHF
2015-11-20,DELT,61.97,137477,EUR
2015-11-20,EDLW,54.61,272508,CHF
2015-11-20,FJRD,41.81,177247,USD
2015-11-20,HLVT,98.76,68987,CHF
2015-11-20,IBEX,112.53,260505,EUR
2015-11-20,JURA,1511.35,312572,CHF
2015-11-23,ALPN,63.51,359305,CHF
2015-11-23,BRGN,211.68,341988,CHF
2015-11-23,CRYS,33.16,363428,CHF
2015-11-23,DELT,62.37,62027,EUR
2015-11-23,EDLW,54.72,302404,CHF
2015-11-23,FJRD,41.45,228184,USD
2015-11-23,HLVT,99.1,39740,CHF
2015-11-23,IBEX,111.73,80152,EUR
2015-11-23,JURA,1481.31,272900,CHF
2015-11-24,ALPN,64.91,85288,CHF
2015-11-24,BRGN,215.48,298473,CHF
2015-11-24,CRYS,33.29,171969,CHF
2015-11-24,DELT,62.08,69670,EUR
2015-11-24,EDLW,54.6,314907,CHF
2015-11-24,FJRD,42.03,109339,USD
2015-11-24,HLVT,99.08,269768,CHF
2015-11-24,IBEX,113.48,218799,EUR
2015-11-24,JURA,1453.94,397919,CHF
2015-11-25,ALPN,64.71,151147,CHF
2015-11-25,BRGN,218.0,146983,CHF
2015-11-25,CRYS,33.4,116901,CHF
2015-11-25,DELT,61.09,156586,EUR
2015-11-25,EDLW,53.87,237122,CHF
2015-11-25,FJRD,43.24,35569,USD
2015-11-25,HLVT,99.32,208229,CHF
2015-11-25,IBEX,113.17,35232,EUR
2015-11-25,JURA,1482.57,334314,CHF
2015-11-26,ALPN,66.56,101115,CHF
2015-11-26,BRGN,215.03,325335,CHF
2015-11-26,CRYS,34.06,103008,CHF
2015-11-26,DELT,60.77,191835,EUR
2015-11-26,EDLW,53.65,169029,CHF
2015-11-26,FJRD,42.84,274200,USD
2015-11-26,HLVT,100.87,26442,CHF
2015-11-26,IBEX,113.63,135211,EUR
2015-11-26,JURA,1476.27,330358,CHF
2015-11-27,BRGN,215.05,254257,CHF
2015-11-27,CRYS,33.88,272724,CHF
2015-11-27,DELT,62.8,149424,EUR
2015-11-27,EDLW,53.92,67849,CHF
2015-11-27,FJRD,42.51,234125,USD
2015-11-27,HLVT,102.06,31955,CHF
2015-11-27,IBEX,115.04,335053,EUR
2015-11-27,JURA,1476.65,315459,CHF
2015-11-30,ALPN,64.74,142327,CHF
2015-11-30,BRGN,212.37,368320,CHF
2015-11-30,CRYS,33.47,147014,CHF
2015-11-30,DELT,61.62,221961,EUR
2015-11-30,EDLW,54.19,289120,CHF
2015-11-30,FJRD,41.06,240395,USD
2015-11-30,HLVT,97.74,291473,CHF
2015-11-30,IBEX,112.49,134365,EUR
2015-11-30,JURA,1458.33,265622,CHF
2015-12-01,ALPN,64.32,168172,CHF
2015-12-01,BRGN,210.39,182513,CHF
2015-12-01,CRYS,32.73,179151,CHF
2015-12-01,DELT,61.2,93440,EUR
2015-12-01,EDLW,53.93,325219,CHF
2015-12-01,FJRD,40.25,130097,USD
2015-12-01,HLVT,97.65,82911,CHF
2015-12-01,IBEX,112.36,383231,EUR
2015-12-01,JURA,1458.7,88708,CHF
2015-12-02,ALPN,64.83,49990,CHF
2015-12-02,BRGN,211.1,88747,CHF
2015-12-02,CRYS,32.6,154725,CHF
2015-12-02,DELT,62.01,24842,EUR
2015-12-02,EDLW,53.47,252888,CHF
2015-12-02,FJRD,39.97,78581,USD
2015-12-02,HLVT,95.2,146171,CHF
2015-12-02,IBEX,113.83,382176,EUR
2015-12-02,JURA,1462.97,62956,CHF
2015-12-03,ALPN,65.33,76955,CHF
2015-12-03,BRGN,211.77,365626,CHF
2015-12-03,CRYS,33.02,383455,CHF
2015-12-03,DELT,60.98,244343,EUR
2015-12-03,EDLW,54.6,59247,CHF
2015-12-03,FJRD,40.35,264054,USD
2015-12-03,HLVT,98.78,132543,CHF
2015-12-03,IBEX,115.94,102065,EUR
2015-12-03,JURA,1478.83,40218,CHF
2015-12-04,ALPN,65.51,77064,CHF
2015-12-04,BRGN,208.8,338626,CHF
2015-12-04,CRYS,32.59,58402,CHF
2015-12-04,DELT,60.37,175706,EUR
2015-12-04,EDLW,53.86,24451,CHF
2015-12-04,FJRD,40.14,364061,USD
2015-12-04,HLVT,99.63,303459,CHF
2015-12-04,IBEX,112.69,46287,EUR
2015-12-04,JURA,1445.29,349999,CHF
2015-12-07,ALPN,66.05,293112,CHF
2015-12-07,BRGN,209.79,249767,CHF
2015-12-07,CRYS,33.06,208042,CHF
2015-12-07,DELT,60.57,23001,EUR
2015-12-07,EDLW,53.75,261496,CHF
2015-12-07,FJRD,39.85,96019,USD
2015-12-07,HLVT,101.3,217859,CHF
2015-12-07,IBEX,114.52,88904,EUR
2015-12-07,JURA,1'449.60,66499,CHF
2015-12-08,ALPN,66.07,136956,CHF
2015-12-08,BRGN,210.32,335121,CHF
2015-12-08,CRYS,34.35,210260,CHF
2015-12-08,DELT,61.42,364133,EUR
2015-12-08,EDLW,53.19,215625,CHF
2015-12-08,FJRD,39.99,355420,USD
2015-12-08,HLVT,103.11,204277,CHF
2015-12-08,IBEX,115.3,118953,EUR
2015-12-08,JURA,1482.94,222735,CHF
2015-12-09,BRGN,207.84,30341,CHF
2015-12-09,CRYS,35.12,57471,CHF
2015-12-09,DELT,62.05,115038,EUR
2015-12-09,EDLW,53.27,377355,CHF
2015-12-09,FJRD,39.65,206095,USD
2015-12-09,HLVT,100.19,217157,CHF
2015-12-09,IBEX,115.97,353242,EUR
2015-12-09,JURA,1499.2,301854,CHF
2015-12-10,ALPN,64.41,235298,CHF
2015-12-10,BRGN,207.42,26651,CHF
2015-12-10,CRYS,34.41,283352,CHF
2015-12-10,DELT,59.55,95976,EUR
2015-12-10,EDLW,53.03,174292,CHF
2015-12-10,FJRD,38.99,210878,USD
2015-12-10,HLVT,99.53,298771,CHF
2015-12-10,IBEX,112.66,112929,EUR
2015-12-10,JURA,1459.99,57401,CHF
2015-12-11,ALPN,64.22,330788,CHF
2015-12-11,BRGN,203.14,356432,CHF
2015-12-11,CRYS,34.73,67911,CHF
2015-12-11,DELT,61.15,399719,EUR
2015-12-11,EDLW,53.41,341027,CHF
2015-12-11,FJRD,38.79,213974,USD
2015-12-11,HLVT,98.88,378665,CHF
2015-12-11,IBEX,110.62,169165,EUR
2015-12-11,JURA,1442.31,292441,CHF
2015-12-14,ALPN,64.39,275539,CHF
2015-12-14,BRGN,202.47,185980,CHF
2015-12-14,CRYS,35.38,350466,CHF
2015-12-14,DELT,61.48,29592,EUR
2015-12-14,EDLW,53.29,109843,CHF
2015-12-14,FJRD,38.6,186270,USD
2015-12-14,HLVT,98.12,36612,CHF
2015-12-14,IBEX,111.26,43678,EUR
2015-12-14,JURA,1470.53,294865,CHF
2015-12-15,ALPN,64.26,377109,CHF
2015-12-15,BRGN,208.15,138398,CHF
2015-12-15,CRYS,35.21,228549,CHF
2015-12-15,DELT,62.82,87633,EUR
2015-12-15,EDLW,53.32,109317,CHF
2015-12-15,FJRD,38.37,155502,USD
2015-12-15,HLVT,98.24,291372,CHF
2015-12-15,IBEX,111.19,315510,EUR
2015-12-15,JURA,1468.45,203017,CHF
2015-12-16,ALPN,64.54,138756,CHF
2015-12-16,BRGN,209.72,327480,CHF
2015-12-16,CRYS,35.74,260360,CHF
2015-12-16,DELT,64.78,171664,EUR
2015-12-16,EDLW,53.06,78412,CHF
2015-12-16,FJRD,38.75,230362,USD
2015-12-16,IBEX,113.0,75298,EUR
2015-12-16,JURA,1473.57,34349,CHF
2015-12-17,ALPN,66.27,260337,CHF
2015-12-17,BRGN,211.06,39505,CHF
2015-12-17,CRYS,36.21,377581,CHF
2015-12-17,DELT,66.75,356209,EUR
2015-12-17,EDLW,52.92,81878,CHF
2015-12-17,FJRD,39.15,291356,USD
2015-12-17,HLVT,101.07,246430,CHF
2015-12-17,IBEX,113.43,381644,EUR
2015-12-17,JURA,1464.71,50603,CHF
2015-12-18,ALPN,66.85,140625,CHF
2015-12-18,BRGN,215.77,110556,CHF
2015-12-18,CRYS,37.41,127574,CHF
2015-12-18,DELT,67.89,116933,EUR
2015-12-18,EDLW,53.73,264255,CHF
2015-12-18,FJRD,40.0,223745,USD
2015-12-18,HLVT,102.37,47099,CHF
2015-12-18,IBEX,117.56,210166,EUR
2015-12-18,JURA,1492.04,223736,CHF
2015-12-21,ALPN,67.31,312450,CHF
2015-12-21,BRGN,213.36,376727,CHF
2015-12-21,CRYS,37.04,95566,CHF
2015-12-21,DELT,68.52,220878,EUR
2015-12-21,EDLW,54.7,280174,CHF
2015-12-21,FJRD,39.62,276391,USD
2015-12-21,HLVT,101.54,319583,CHF
2015-12-21,IBEX,115.43,162927,EUR
2015-12-21,JURA,1478.97,83899,CHF
2015-12-22,ALPN,67.9,72330,CHF
2015-12-22,BRGN,212.91,182408,CHF
2015-12-22,CRYS,37.24,236598,CHF
2015-12-22,DELT,69.2,36358,EUR
2015-12-22,EDLW,55.36,342377,CHF
2015-12-22,FJRD,40.48,310414,USD
2015-12-22,HLVT,102.2,225754,CHF
2015-12-22,IBEX,115.77,324364,EUR
2015-12-22,JURA,1497.21,200981,CHF
2015-12-23,ALPN,69.21,190762,CHF
2015-12-23,BRGN,218.08,130016,CHF
2015-12-23,CRYS,38.24,82468,CHF
2015-12-23,DELT,69.21,269985,EUR
2015-12-23,EDLW,56.18,91916,CHF
2015-12-23,FJRD,42.33,197426,USD
2015-12-23,HLVT,104.3,216430,CHF
2015-12-23,IBEX,118.27,76039,EUR
2015-12-23,JURA,1498.75,395548,CHF
2015-12-24,ALPN,69.11,161273,CHF
2015-12-24,BRGN,216.08,192611,CHF
2015-12-24,CRYS,38.45,204753,CHF
2015-12-24,DELT,70.16,207150,EUR
2015-12-24,EDLW,56.95,288610,CHF
2015-12-24,FJRD,43.5,193717,USD
2015-12-24,HLVT,103.92,344863,CHF
2015-12-24,IBEX,117.94,97590,EUR
2015-12-24,JURA,1495.9,354077,CHF
2015-12-25,ALPN,71.0,188400,CHF
2015-12-25,BRGN,213.57,135129,CHF
2015-12-25,CRYS,38.57,30785,CHF
2015-12-25,DELT,71.05,101798,EUR
2015-12-25,EDLW,56.14,195431,CHF
2015-12-25,FJRD,44.19,210733,USD
2015-12-25,HLVT,104.16,74688,CHF
2015-12-25,IBEX,115.37,175292,EUR
2015-12-25,JURA,1512.37,320604,CHF
2015-12-28,ALPN,71.97,100160,CHF
2015-12-28,BRGN,215.77,237773,CHF
2015-12-28,CRYS,40.05,385784,CHF
2015-12-28,DELT,73.09,97416,EUR
2015-12-28,EDLW,56.58,385211,CHF
2015-12-28,FJRD,45.93,232793,USD
2015-12-28,HLVT,104.21,186960,CHF
2015-12-28,IBEX,115.51,248003,EUR
2015-12-28,JURA,1530.84,254943,CHF
2015-12-29,ALPN,70.36,399168,CHF
2015-12-29,BRGN,212.09,35380,CHF
2015-12-29,CRYS,38.74,144457,CHF
2015-12-29,CRYS,38.74,144457,CHF
2015-12-29,DELT,71.17,107931,EUR
2015-12-29,EDLW,55.81,338486,CHF
2015-12-29,FJRD,45.59,161725,USD
2015-12-29,HLVT,102.58,340500,CHF
2015-12-29,IBEX,110.19,144807,EUR
2015-12-29,JURA,1477.27,311127,CHF
2015-12-30,ALPN,71.56,172828,CHF
2015-12-30,BRGN,211.28,380602,CHF
2015-12-30,CRYS,39.13,102131,CHF
2015-12-30,DELT,72.9,168926,EUR
2015-12-30,EDLW,55.7,270311,CHF
2015-12-30,FJRD,46.05,164388,USD
2015-12-30,HLVT,101.27,83469,CHF
2015-12-30,IBEX,111.71,262306,EUR
2015-12-30,JURA,1488.03,388636,CHF
2015-12-31,ALPN,70.2,263040,CHF
2015-12-31,BRGN,209.76,284450,CHF
2015-12-31,CRYS,38.44,277516,CHF
2015-12-31,EDLW,55.42,49431,CHF
2015-12-31,FJRD,46.52,88145,USD
2015-12-31,HLVT,101.6,263344,CHF
2015-12-31,IBEX,111.13,340087,EUR
2015-12-31,JURA,1463.49,54948,CHF
2016-01-01,ALPN,68.36,155589,CHF
2016-01-01,BRGN,207.15,291617,CHF
2016-01-01,CRYS,37.3,264755,CHF
2016-01-01,DELT,71.22,316259,EUR
2016-01-01,EDLW,55.28,376221,CHF
2016-01-01,FJRD,45.45,382201,USD
2016-01-01,HLVT,99.91,29461,CHF
2016-01-01,IBEX,109.98,130764,EUR
2016-01-01,JURA,1459.51,127522,CHF
2016-01-04,ALPN,70.33,364176,CHF
2016-01-04,BRGN,204.8,164959,CHF
2016-01-04,CRYS,38.46,202783,CHF
2016-01-04,DELT,71.45,257057,EUR
2016-01-04,EDLW,55.94,20821,CHF
2016-01-04,FJRD,46.53,107455,USD
2016-01-04,HLVT,100.54,315569,CHF
2016-01-04,IBEX,111.65,319618,EUR
2016-01-04,JURA,1'461.68,69159,CHF
2016-01-05,ALPN,72.45,260079,CHF
2016-01-05,BRGN,208.42,390841,CHF
2016-01-05,CRYS,39.69,219781,CHF
2016-01-05,DELT,72.45,152946,EUR
2016-01-05,EDLW,56.07,194374,CHF
2016-01-05,FJRD,47.67,113811,USD
2016-01-05,HLVT,100.97,164178,CHF
2016-01-05,IBEX,115.02,224516,EUR
2016-01-05,JURA,1451.95,269891,CHF
2016-01-06,ALPN,74.06,274682,CHF
2016-01-06,BRGN,207.53,225866,CHF
2016-01-06,CRYS,39.92,20724,CHF
2016-01-06,DELT,73.67,312478,EUR
2016-01-06,EDLW,55.61,346468,CHF
2016-01-06,FJRD,47.57,249097,USD
2016-01-06,HLVT,102.24,171303,CHF
2016-01-06,IBEX,115.09,43524,EUR
2016-01-06,JURA,1445.07,278359,CHF
2016-01-07,ALPN,74.78,48828,CHF
2016-01-07,BRGN,209.34,138006,CHF
2016-01-07,CRYS,40.25,392706,CHF
2016-01-07,DELT,73.91,276497,EUR
2016-01-07,EDLW,56.29,131801,CHF
2016-01-07,FJRD,48.32,310640,USD
2016-01-07,IBEX,118.18,63199,EUR
2016-01-08,ALPN,76.89,64038,CHF
2016-01-08,BRGN,208.49,199632,CHF
2016-01-08,CRYS,,238633,CHF
2016-01-08,DELT,74.95,380094,EUR
2016-01-08,EDLW,56.31,236109,CHF
2016-01-08,FJRD,48.65,37658,USD
2016-01-08,HLVT,103.19,62780,CHF
2016-01-08,IBEX,119.57,54885,EUR
2016-01-08,JURA,1452.43,162251,CHF
2016-01-11,ALPN,78.16,94953,CHF
2016-01-11,BRGN,207.01,331046,CHF
2016-01-11,CRYS,39.01,97664,CHF
2016-01-11,DELT,74.75,359313,EUR
2016-01-11,EDLW,54.06,146535,CHF
2016-01-11,FJRD,47.92,91711,USD
2016-01-11,HLVT,103.79,107946,CHF
2016-01-11,IBEX,119.58,103154,EUR
2016-01-11,JURA,1456.47,307847,CHF
2016-01-12,ALPN,79.4,129727,CHF
2016-01-12,BRGN,207.23,328579,CHF
2016-01-12,CRYS,39.52,240670,CHF
2016-01-12,DELT,75.07,33399,EUR
2016-01-12,EDLW,55.14,189770,CHF
2016-01-12,FJRD,48.42,285558,USD
2016-01-12,HLVT,103.06,321567,CHF
2016-01-12,IBEX,121.87,322292,EUR
2016-01-12,JURA,1456.26,198264,CHF
2016-01-13,ALPN,79.3,361877,CHF
2016-01-13,BRGN,210.69,352941,CHF
2016-01-13,CRYS,40.19,77625,CHF
2016-01-13,DELT,75.4,353127,EUR
2016-01-13,EDLW,54.87,317197,CHF
2016-01-13,FJRD,48.46,217446,USD
2016-01-13,HLVT,102.83,36857,CHF
2016-01-13,IBEX,127.24,299142,EUR
2016-01-13,JURA,1461.7,193158,CHF
2016-01-14,BRGN,211.57,293533,CHF
2016-01-14,CRYS,40.43,45079,CHF
2016-01-14,DELT,74.33,30577,EUR
2016-01-14,EDLW,53.94,209635,CHF
2016-01-14,FJRD,48.29,231427,USD
2016-01-14,HLVT,103.39,92126,CHF
2016-01-14,IBEX,127.54,156809,EUR
2016-01-14,JURA,1470.69,119484,CHF
2016-01-15,ALPN,81.57,344666,CHF
2016-01-15,BRGN,210.03,278706,CHF
2016-01-15,CRYS,40.3,93736,CHF
2016-01-15,DELT,74.04,75473,EUR
2016-01-15,EDLW,53.16,130119,CHF
2016-01-15,FJRD,48.51,27989,USD
2016-01-15,HLVT,103.5,274364,CHF
2016-01-15,IBEX,125.88,292382,EUR
2016-01-15,JURA,1473.45,293761,CHF
2016-01-18,ALPN,81.34,124156,CHF
2016-01-18,BRGN,208.45,394227,CHF
2016-01-18,CRYS,40.18,281692,CHF
2016-01-18,DELT,72.15,301728,EUR
2016-01-18,EDLW,52.29,349891,CHF
2016-01-18,FJRD,47.93,51840,USD
2016-01-18,HLVT,102.35,97547,CHF
2016-01-18,IBEX,123.23,274209,EUR
2016-01-18,JURA,1476.91,141770,CHF
2016-01-19,ALPN,80.48,308301,CHF
2016-01-19,BRGN,206.3,379542,CHF
2016-01-19,CRYS,39.99,231841,CHF
2016-01-19,DELT,72.31,247300,EUR
2016-01-19,EDLW,51.73,77824,CHF
2016-01-19,FJRD,47.11,189039,USD
2016-01-19,HLVT,101.38,304392,CHF
2016-01-19,IBEX,122.58,154666,EUR
2016-01-19,JURA,1483.01,161476,CHF
2016-01-20,ALPN,78.46,173415,CHF
2016-01-20,BRGN,207.48,247392,CHF
2016-01-20,CRYS,39.95,90016,CHF
2016-01-20,DELT,71.89,326622,EUR
2016-01-20,EDLW,50.81,261679,CHF
2016-01-20,FJRD,46.34,377366,USD
2016-01-20,HLVT,102.23,112240,CHF
2016-01-20,IBEX,124.07,41874,EUR
2016-01-20,JURA,1438.3,35779,CHF
2016-01-21,ALPN,78.75,75873,CHF
2016-01-21,BRGN,209.64,258471,CHF
2016-01-21,CRYS,38.95,107502,CHF
2016-01-21,DELT,71.71,343519,EUR
2016-01-21,EDLW,51.05,24829,CHF
2016-01-21,FJRD,46.59,190721,USD
2016-01-21,HLVT,101.2,138603,CHF
2016-01-21,IBEX,124.48,284556,EUR
2016-01-21,JURA,1426.78,269463,CHF
2016-01-22,ALPN,77.4,395301,CHF
2016-01-22,BRGN,208.82,188171,CHF
2016-01-22,CRYS,38.71,212286,CHF
2016-01-22,DELT,73.31,360769,EUR
2016-01-22,EDLW,51.45,360662,CHF
2016-01-22,FJRD,46.81,296999,USD
2016-01-22,HLVT,99.71,191503,CHF
2016-01-22,IBEX,123.49,179752,EUR
2016-01-22,JURA,1443.24,180069,CHF
2016-01-25,ALPN,78.68,303994,CHF
2016-01-25,BRGN,212.56,32780,CHF
2016-01-25,CRYS,39.42,140079,CHF
2016-01-25,DELT,73.16,320490,EUR
2016-01-25,EDLW,51.98,130227,CHF
2016-01-25,FJRD,47.28,206157,USD
2016-01-25,HLVT,100.39,37160,CHF
2016-01-25,IBEX,122.09,314861,EUR
2016-01-25,JURA,1460.5,89445,CHF
2016-01-26,ALPN,80.44,250543,CHF
2016-01-26,BRGN,212.94,271307,CHF
2016-01-26,CRYS,39.69,369880,CHF
2016-01-26,DELT,73.36,55955,EUR
2016-01-26,EDLW,52.09,288587,CHF
2016-01-26,FJRD,48.28,336272,USD
2016-01-26,HLVT,102.44,174961,CHF
2016-01-26,IBEX,121.81,159308,EUR
2016-01-26,JURA,1450.94,344020,CHF
2016-01-27,ALPN,80.78,279360,CHF
2016-01-27,BRGN,216.34,68117,CHF
2016-01-27,CRYS,40.09,45912,CHF
2016-01-27,DELT,73.43,20845,EUR
2016-01-27,EDLW,52.71,54824,CHF
2016-01-27,FJRD,49.04,71977,USD
2016-01-27,HLVT,104.23,187877,CHF
2016-01-27,IBEX,123.83,143641,EUR
2016-01-27,JURA,1456.27,247164,CHF
2016-01-28,ALPN,82.34,397582,CHF
2016-01-28,BRGN,214.57,28546,CHF
2016-01-28,CRYS,40.21,221526,CHF
2016-01-28,DELT,71.8,386623,EUR
2016-01-28,EDLW,52.37,241538,CHF
2016-01-28,FJRD,48.8,208311,USD
2016-01-28,HLVT,103.05,394799,CHF
2016-01-28,IBEX,122.46,152703,EUR
2016-01-28,JURA,1449.67,64066,CHF
2016-01-29,ALPN,83.28,289720,CHF
2016-01-29,BRGN,215.03,309384,CHF
2016-01-29,CRYS,39.58,111123,CHF
2016-01-29,DELT,72.71,239279,EUR
2016-01-29,EDLW,51.61,380713,CHF
2016-01-29,FJRD,48.53,56645,USD
2016-01-29,HLVT,99.49,55604,CHF
2016-01-29,IBEX,122.88,115705,EUR
2016-01-29,JURA,1500.83,300782,CHF
2016-02-01,ALPN,82.35,90328,CHF
2016-02-01,BRGN,211.64,300543,CHF
2016-02-01,CRYS,39.31,237938,CHF
2016-02-01,DELT,72.49,83233,EUR
2016-02-01,EDLW,51.69,253546,CHF
2016-02-01,FJRD,47.35,168732,USD
2016-02-01,HLVT,98.62,66253,CHF
2016-02-01,IBEX,123.24,154807,EUR
2016-02-01,JURA,1481.32,70410,CHF
2016-02-02,ALPN,83.36,261433,CHF
2016-02-02,BRGN,218.03,130314,CHF
2016-02-02,CRYS,40.66,184947,CHF
2016-02-02,DELT,75.07,258340,EUR
2016-02-02,EDLW,50.96,249163,CHF
2016-02-02,FJRD,48.87,204937,USD
2016-02-02,HLVT,101.41,230575,CHF
2016-02-02,IBEX,124.5,52734,EUR
2016-02-02,JURA,1'485.98,316760,CHF
2016-02-03,ALPN,84.65,137994,CHF
2016-02-03,BRGN,222.79,28955,CHF
2016-02-03,CRYS,40.84,192631,CHF
2016-02-03,DELT,75.68,233019,EUR
2016-02-03,EDLW,51.0,311146,CHF
2016-02-03,FJRD,49.48,166271,USD
2016-02-03,HLVT,100.62,130909,CHF
2016-02-03,IBEX,124.79,126745,EUR
2016-02-03,JURA,1465.43,248316,CHF
2016-02-04,ALPN,83.77,245340,CHF
2016-02-04,BRGN,222.7,157717,CHF
2016-02-04,CRYS,40.95,368129,CHF
2016-02-04,DELT,76.92,198754,EUR
2016-02-04,EDLW,50.3,26031,CHF
2016-02-04,FJRD,49.19,276426,USD
2016-02-04,HLVT,99.39,328380,CHF
2016-02-04,IBEX,127.3,251589,EUR
2016-02-04,JURA,1444.93,219996,CHF
2016-02-05,ALPN,84.48,276155,CHF
2016-02-05,BRGN,221.62,87150,CHF
2016-02-05,CRYS,40.93,263635,CHF
2016-02-05,DELT,77.15,239897,EUR
2016-02-05,EDLW,50.11,234505,CHF
2016-02-05,FJRD,48.38,208537,USD
2016-02-05,HLVT,99.8,108460,CHF
2016-02-05,IBEX,127.37,295786,EUR
2016-02-05,JURA,1418.31,44046,CHF
2016-02-08,ALPN,88.42,40531,CHF
2016-02-08,BRGN,223.79,319056,CHF
2016-02-08,CRYS,42.28,46561,CHF
2016-02-08,DELT,77.63,118055,EUR
2016-02-08,EDLW,50.0,332859,CHF
2016-02-08,FJRD,49.16,171920,USD
2016-02-08,HLVT,99.95,40972,CHF
2016-02-08,IBEX,130.77,276563,EUR
2016-02-08,JURA,1469.56,124170,CHF
2016-02-09,ALPN,86.44,136009,CHF
2016-02-09,BRGN,226.14,398650,CHF
2016-02-09,CRYS,41.44,204296,CHF
2016-02-09,DELT,76.75,247715,EUR
2016-02-09,EDLW,50.95,297714,CHF
2016-02-09,FJRD,48.59,65012,USD
2016-02-09,HLVT,98.16,136309,CHF
2016-02-09,IBEX,129.6,67659,EUR
2016-02-09,JURA,1464.87,209888,CHF
2016-02-10,ALPN,85.28,381770,CHF
2016-02-10,BRGN,226.48,267750,CHF
2016-02-10,CRYS,40.92,312446,CHF
2016-02-10,DELT,77.01,109246,EUR
2016-02-10,EDLW,51.32,300283,CHF
2016-02-10,FJRD,49.01,289373,USD
2016-02-10,HLVT,97.34,64697,CHF
2016-02-10,IBEX,132.04,335782,EUR
2016-02-10,JURA,1420.13,354436,CHF
2016-02-11,ALPN,84.11,31721,CHF
2016-02-11,BRGN,228.52,180276,CHF
2016-02-11,CRYS,40.97,124637,CHF
2016-02-11,DELT,75.24,125111,EUR
2016-02-11,EDLW,50.59,350544,CHF
2016-02-11,FJRD,48.89,234199,USD
2016-02-11,HLVT,100.22,70062,CHF
2016-02-11,IBEX,129.8,160836,EUR
2016-02-11,JURA,1408.13,214407,CHF
2016-02-12,ALPN,84.41,368526,CHF
2016-02-12,BRGN,227.76,362052,CHF
2016-02-12,CRYS,41.61,110139,CHF
2016-02-12,DELT,76.76,39844,EUR
2016-02-12,EDLW,50.16,241050,CHF
2016-02-12,FJRD,48.94,282637,USD
2016-02-12,HLVT,99.79,393234,CHF
2016-02-12,IBEX,131.34,86753,EUR
2016-02-12,JURA,1377.7,258466,CHF
2016-02-15,ALPN,84.66,154859,CHF
2016-02-15,BRGN,229.7,120645,CHF
2016-02-15,CRYS,42.74,105365,CHF
2016-02-15,DELT,77.93,222000,EUR
2016-02-15,EDLW,50.24,52187,CHF
2016-02-15,FJRD,49.91,337006,USD
2016-02-15,HLVT,101.5,63219,CHF
2016-02-15,IBEX,132.08,164365,EUR
2016-02-15,JURA,1380.6,296158,CHF
2016-02-16,ALPN,82.72,66767,CHF
2016-02-16,BRGN,229.47,376458,CHF
2016-02-16,CRYS,42.61,181765,CHF
2016-02-16,DELT,77.17,352970,EUR
2016-02-16,EDLW,50.57,373815,CHF
2016-02-16,FJRD,48.63,270865,USD
2016-02-16,HLVT,101.87,300921,CHF
2016-02-16,IBEX,129.95,288324,EUR
2016-02-16,JURA,1357.43,292467,CHF
2016-02-17,ALPN,85.93,24587,CHF
2016-02-17,BRGN,230.04,137164,CHF
2016-02-17,CRYS,42.68,339797,CHF
2016-02-17,DELT,78.67,170598,EUR
2016-02-17,EDLW,51.37,113364,CHF
2016-02-17,FJRD,50.99,149831,USD
2016-02-17,HLVT,103.98,334615,CHF
2016-02-17,IBEX,135.63,245216,EUR
2016-02-17,JURA,1346.26,361514,CHF
2016-02-18,ALPN,85.62,204280,CHF
2016-02-18,BRGN,225.35,42468,CHF
2016-02-18,CRYS,42.23,153604,CHF
2016-02-18,DELT,78.26,53114,EUR
2016-02-18,EDLW,51.44,199463,CHF
2016-02-18,FJRD,51.41,199771,USD
2016-02-18,HLVT,101.85,381074,CHF
2016-02-18,IBEX,139.64,241165,EUR
2016-02-18,JURA,1333.09,348874,CHF
2016-02-19,ALPN,86.91,34362,CHF
2016-02-19,BRGN,221.03,226563,CHF
2016-02-19,CRYS,41.8,361085,CHF
2016-02-19,DELT,79.07,392405,EUR
2016-02-19,EDLW,52.55,385463,CHF
2016-02-19,FJRD,50.41,153427,USD
2016-02-19,HLVT,101.65,350142,CHF
2016-02-19,IBEX,137.32,104752,EUR
2016-02-19,JURA,1341.27,53846,CHF
2016-02-22,ALPN,87.95,43727,CHF
2016-02-22,BRGN,221.8,245707,CHF
2016-02-22,CRYS,42.23,379770,CHF
2016-02-22,DELT,79.72,195908,EUR
2016-02-22,EDLW,52.25,102299,CHF
2016-02-22,FJRD,51.17,120344,USD
2016-02-22,HLVT,102.32,281200,CHF
2016-02-22,IBEX,140.92,254295,EUR
2016-02-22,JURA,1350.32,43432,CHF
2016-02-23,ALPN,88.05,383798,CHF
2016-02-23,BRGN,218.49,74610,CHF
2016-02-23,CRYS,42.29,169337,CHF
2016-02-23,DELT,78.35,146150,EUR
2016-02-23,EDLW,51.71,198737,CHF
2016-02-23,FJRD,50.46,315409,USD
2016-02-23,HLVT,102.92,57531,CHF
2016-02-23,IBEX,136.05,196063,EUR
2016-02-23,JURA,1354.96,42845,CHF
2016-02-24,ALPN,87.77,210169,CHF
2016-02-24,BRGN,223.22,241077,CHF
2016-02-24,CRYS,42.37,245000,CHF
2016-02-24,DELT,80.09,229178,EUR
2016-02-24,EDLW,51.58,276231,CHF
2016-02-24,FJRD,51.07,293321,USD
2016-02-24,HLVT,100.9,111800,CHF
2016-02-24,IBEX,134.87,160794,EUR
2016-02-24,JURA,1357.29,36213,CHF
2016-02-25,ALPN,87.14,264998,CHF
2016-02-25,BRGN,217.49,380413,CHF
2016-02-25,CRYS,42.11,268227,CHF
2016-02-25,DELT,80.38,132810,EUR
2016-02-25,EDLW,51.82,352778,CHF
2016-02-25,FJRD,52.4,213485,USD
2016-02-25,HLVT,101.13,284153,CHF
2016-02-25,IBEX,133.15,81492,EUR
2016-02-25,JURA,1374.9,81391,CHF
2016-02-26,ALPN,88.08,127564,CHF
2016-02-26,BRGN,219.75,20505,CHF
2016-02-26,CRYS,43.86,215877,CHF
2016-02-26,DELT,82.72,67572,EUR
2016-02-26,EDLW,53.03,320394,CHF
2016-02-26,FJRD,53.45,217327,USD
2016-02-26,HLVT,101.93,104825,CHF
2016-02-26,IBEX,137.59,220751,EUR
2016-02-26,JURA,1410.45,297661,CHF
2016-02-29,ALPN,86.96,386571,CHF
2016-02-29,BRGN,222.05,183679,CHF
2016-02-29,CRYS,43.19,348350,CHF
2016-02-29,DELT,83.81,295768,EUR
2016-02-29,EDLW,52.44,48112,CHF
2016-02-29,FJRD,52.76,223940,USD
2016-02-29,HLVT,102.86,119816,CHF
2016-02-29,IBEX,136.87,190380,EUR
2016-02-29,JURA,1422.82,258490,CHF
2016-03-01,ALPN,87.69,54064,CHF
2016-03-01,BRGN,224.12,279367,CHF
2016-03-01,CRYS,44.09,276818,CHF
2016-03-01,DELT,84.31,343839,EUR
2016-03-01,EDLW,52.6,98279,CHF
2016-03-01,FJRD,53.69,355198,USD
2016-03-01,HLVT,102.92,234394,CHF
2016-03-01,IBEX,139.36,284187,EUR
2016-03-01,JURA,1'436.09,129606,CHF
2016-03-02,ALPN,86.06,116456,CHF
2016-03-02,BRGN,221.68,60030,CHF
2016-03-02,CRYS,43.22,178269,CHF
2016-03-02,DELT,83.65,306238,EUR
2016-03-02,EDLW,51.81,233032,CHF
2016-03-02,FJRD,52.64,249376,USD
2016-03-02,HLVT,102.13,152892,CHF
2016-03-02,IBEX,134.18,102135,EUR
2016-03-02,JURA,1423.28,78779,CHF
2016-03-03,ALPN,84.93,285773,CHF
2016-03-03,BRGN,217.97,93703,CHF
2016-03-03,CRYS,42.84,331788,CHF
2016-03-03,DELT,82.43,78555,EUR
2016-03-03,EDLW,51.94,185370,CHF
2016-03-03,FJRD,51.73,80776,USD
2016-03-03,HLVT,102.44,328737,CHF
2016-03-03,IBEX,132.79,164678,EUR
2016-03-03,JURA,1397.86,357388,CHF
2016-03-04,ALPN,85.14,99396,CHF
2016-03-04,BRGN,218.95,65988,CHF
2016-03-04,CRYS,42.26,232174,CHF
2016-03-04,DELT,82.4,194263,EUR
2016-03-04,EDLW,52.7,336931,CHF
2016-03-04,FJRD,51.58,149824,USD
2016-03-04,HLVT,103.89,327046,CHF
2016-03-04,IBEX,134.56,188780,EUR
2016-03-04,JURA,1405.87,305256,CHF
2016-03-07,ALPN,87.56,44978,CHF
2016-03-07,BRGN,222.15,138050,CHF
2016-03-07,CRYS,42.09,151686,CHF
2016-03-07,DELT,83.24,199164,EUR
2016-03-07,EDLW,53.29,85218,CHF
2016-03-07,FJRD,51.48,125403,USD
2016-03-07,HLVT,107.44,146357,CHF
2016-03-07,IBEX,137.91,184310,EUR
2016-03-07,JURA,1411.21,171581,CHF
2016-03-08,ALPN,88.55,60692,CHF
2016-03-08,BRGN,222.95,281577,CHF
2016-03-08,CRYS,42.84,331626,CHF
2016-03-08,DELT,82.33,370821,EUR
2016-03-08,EDLW,52.68,212895,CHF
2016-03-08,FJRD,51.37,82042,USD
2016-03-08,HLVT,106.99,349485,CHF
2016-03-08,IBEX,139.94,251210,EUR
2016-03-08,JURA,1437.39,121554,CHF
2016-03-09,ALPN,87.4,115142,CHF
2016-03-09,BRGN,218.57,338338,CHF
2016-03-09,CRYS,43.03,172795,CHF
2016-03-09,DELT,82.07,376014,EUR
2016-03-09,EDLW,53.4,71176,CHF
2016-03-09,FJRD,50.34,368664,USD
2016-03-09,HLVT,105.52,357246,CHF
2016-03-09,IBEX,138.86,398491,EUR
2016-03-09,JURA,1412.35,372640,CHF
2016-03-10,ALPN,85.27,357788,CHF
2016-03-10,BRGN,216.94,74570,CHF
2016-03-10,CRYS,42.48,312324,CHF
2016-03-10,DELT,81.08,297731,EUR
2016-03-10,EDLW,52.55,238434,CHF
2016-03-10,FJRD,49.35,78912,USD
2016-03-10,HLVT,104.37,122333,CHF
2016-03-10,IBEX,141.02,147005,EUR
2016-03-10,JURA,1393.15,86237,CHF
2016-03-11,ALPN,85.07,145378,CHF
2016-03-11,BRGN,213.04,167725,CHF
2016-03-11,CRYS,41.26,154944,CHF
2016-03-11,DELT,79.94,397023,EUR
2016-03-11,EDLW,52.68,183857,CHF
2016-03-11,FJRD,48.06,331404,USD
2016-03-11,HLVT,104.46,124602,CHF
2016-03-11,IBEX,142.75,332773,EUR
2016-03-11,JURA,1366.88,291939,CHF
2016-03-14,ALPN,84.02,288759,CHF
2016-03-14,BRGN,209.8,383012,CHF
2016-03-14,CRYS,40.95,145233,CHF
2016-03-14,DELT,81.15,167916,EUR
2016-03-14,EDLW,52.24,67959,CHF
2016-03-14,FJRD,47.8,379923,USD
2016-03-14,HLVT,105.37,74038,CHF
2016-03-14,IBEX,142.18,188177,EUR
2016-03-14,JURA,1363.44,143595,CHF
2016-03-15,ALPN,86.46,308494,CHF
2016-03-15,BRGN,216.29,224800,CHF
2016-03-15,CRYS,41.5,367048,CHF
2016-03-15,DELT,82.34,258994,EUR
2016-03-15,EDLW,52.6,51576,CHF
2016-03-15,FJRD,48.25,221588,USD
2016-03-15,HLVT,104.24,197747,CHF
2016-03-15,IBEX,143.07,242377,EUR
2016-03-15,JURA,1384.07,81981,CHF
2016-03-16,ALPN,86.01,24882,CHF
2016-03-16,BRGN,220.12,36175,CHF
2016-03-16,CRYS,42.86,199390,CHF
2016-03-16,DELT,81.32,150723,EUR
2016-03-16,EDLW,52.43,317443,CHF
2016-03-16,FJRD,48.32,311972,USD
2016-03-16,HLVT,105.21,346336,CHF
2016-03-16,JURA,1396.95,84375,CHF
2016-03-17,ALPN,86.08,176765,CHF
2016-03-17,BRGN,220.25,211663,CHF
2016-03-17,CRYS,43.66,352781,CHF
2016-03-17,DELT,81.8,257966,EUR
2016-03-17,EDLW,53.08,375515,CHF
2016-03-17,FJRD,47.8,289567,USD
2016-03-17,HLVT,106.47,142975,CHF
2016-03-17,IBEX,146.99,351203,EUR
2016-03-17,JURA,1397.26,54399,CHF
2016-03-18,ALPN,87.45,352567,CHF
2016-03-18,BRGN,221.17,304977,CHF
2016-03-18,CRYS,43.02,195009,CHF
2016-03-18,DELT,80.64,279166,EUR
2016-03-18,EDLW,53.2,110698,CHF
2016-03-18,FJRD,47.35,257329,USD
2016-03-18,HLVT,108.01,383559,CHF
2016-03-18,IBEX,146.74,201615,EUR
2016-03-18,JURA,1381.36,187722,CHF
2016-03-21,ALPN,84.54,344963,CHF
2016-03-21,BRGN,223.28,375236,CHF
2016-03-21,CRYS,41.57,306250,CHF
2016-03-21,DELT,78.73,226569,EUR
2016-03-21,EDLW,52.76,118365,CHF
2016-03-21,FJRD,46.29,94589,USD
2016-03-21,HLVT,106.02,131649,CHF
2016-03-21,IBEX,141.88,232757,EUR
2016-03-21,JURA,1343.59,35016,CHF
2016-03-22,ALPN,82.99,206334,CHF
2016-03-22,BRGN,225.28,305864,CHF
2016-03-22,CRYS,39.96,287820,CHF
2016-03-22,DELT,74.79,165661,EUR
2016-03-22,EDLW,52.17,91247,CHF
2016-03-22,FJRD,43.83,114198,USD
2016-03-22,HLVT,100.97,257191,CHF
2016-03-22,IBEX,136.34,204735,EUR
2016-03-22,JURA,1275.8,290831,CHF
2016-03-23,ALPN,82.44,298683,CHF
2016-03-23,BRGN,226.5,125269,CHF
2016-03-23,CRYS,39.39,75093,CHF
2016-03-23,DELT,75.6,44511,EUR
2016-03-23,EDLW,52.61,228481,CHF
2016-03-23,FJRD,44.07,97367,USD
2016-03-23,HLVT,102.33,176024,CHF
2016-03-23,IBEX,136.44,209945,EUR
2016-03-23,JURA,1261.1,95597,CHF
2016-03-24,ALPN,81.4,396080,CHF
2016-03-24,BRGN,223.9,89572,CHF
2016-03-24,CRYS,38.6,134878,CHF
2016-03-24,DELT,73.9,221279,EUR
2016-03-24,EDLW,51.36,303764,CHF
2016-03-24,FJRD,43.31,374756,USD
2016-03-24,HLVT,100.34,356722,CHF
2016-03-24,IBEX,135.83,150716,EUR
2016-03-24,JURA,1219.1,360870,CHF
2016-03-25,ALPN,80.87,233411,CHF
2016-03-25,BRGN,223.71,128925,CHF
2016-03-25,CRYS,38.67,102172,CHF
2016-03-25,DELT,71.64,229822,EUR
2016-03-25,EDLW,51.68,145135,CHF
2016-03-25,FJRD,42.7,289164,USD
2016-03-25,HLVT,98.38,318657,CHF
2016-03-25,IBEX,133.95,244625,EUR
2016-03-25,JURA,1227.88,79943,CHF
2016-03-28,ALPN,79.06,376650,CHF
2016-03-28,BRGN,227.44,256715,CHF
2016-03-28,CRYS,38.04,54463,CHF
2016-03-28,DELT,71.02,348719,EUR
2016-03-28,EDLW,51.11,362672,CHF
2016-03-28,FJRD,41.87,301046,USD
2016-03-28,HLVT,95.58,286284,CHF
2016-03-28,IBEX,135.64,286197,EUR
2016-03-28,JURA,1223.55,60793,CHF
2016-03-29,ALPN,79.52,359844,CHF
2016-03-29,BRGN,229.71,195600,CHF
2016-03-29,CRYS,37.92,311301,CHF
2016-03-29,DELT,72.74,192363,EUR
2016-03-29,EDLW,51.37,340340,CHF
2016-03-29,FJRD,42.22,274604,USD
2016-03-29,HLVT,94.45,296090,CHF
2016-03-29,IBEX,136.35,194736,EUR
2016-03-29,JURA,1'219.63,183863,CHF
2016-03-30,ALPN,79.63,319451,CHF
2016-03-30,BRGN,229.81,208185,CHF
2016-03-30,CRYS,37.33,328453,CHF
2016-03-30,EDLW,50.5,384337,CHF
2016-03-30,FJRD,41.6,287698,USD
2016-03-30,HLVT,93.72,136207,CHF
2016-03-30,IBEX,136.21,105163,EUR
2016-03-30,JURA,1214.62,303734,CHF
2016-03-31,ALPN,77.14,165384,CHF
2016-03-31,BRGN,226.36,314721,CHF
2016-03-31,CRYS,37.58,166251,CHF
2016-03-31,DELT,72.83,83153,EUR
2016-03-31,EDLW,50.87,349987,CHF
2016-03-31,FJRD,41.22,355537,USD
2016-03-31,HLVT,94.28,386643,CHF
2016-03-31,IBEX,133.22,53999,EUR
2016-03-31,JURA,1201.75,326445,CHF
2016-04-01,ALPN,77.17,112007,CHF
2016-04-01,BRGN,226.52,143853,CHF
2016-04-01,CRYS,37.86,232161,CHF
2016-04-01,DELT,72.97,205970,EUR
2016-04-01,EDLW,51.53,392995,CHF
2016-04-01,FJRD,41.59,399987,USD
2016-04-01,HLVT,95.4,73897,CHF
2016-04-01,IBEX,134.65,378604,EUR
2016-04-01,JURA,1211.5,229698,CHF
2016-04-04,ALPN,78.35,43326,CHF
2016-04-04,BRGN,225.06,107169,CHF
2016-04-04,CRYS,38.24,115507,CHF
2016-04-04,DELT,74.55,397136,EUR
2016-04-04,EDLW,52.05,374234,CHF
2016-04-04,FJRD,41.89,252880,USD
2016-04-04,HLVT,96.98,151769,CHF
2016-04-04,IBEX,136.6,72546,EUR
2016-04-04,JURA,1213.51,112653,CHF
2016-04-05,ALPN,76.11,199884,CHF
2016-04-05,BRGN,224.01,43165,CHF
2016-04-05,CRYS,38.32,204167,CHF
2016-04-05,DELT,74.68,341694,EUR
2016-04-05,EDLW,51.55,258832,CHF
2016-04-05,FJRD,41.42,380923,USD
2016-04-05,HLVT,96.37,301266,CHF
2016-04-05,IBEX,134.11,166020,EUR
2016-04-05,JURA,1173.25,121490,CHF
2016-04-06,ALPN,77.07,268641,CHF
2016-04-06,BRGN,220.78,94031,CHF
2016-04-06,CRYS,39.13,85112,CHF
2016-04-06,DELT,75.03,256818,EUR
2016-04-06,EDLW,51.72,243814,CHF
2016-04-06,FJRD,41.78,357899,USD
2016-04-06,HLVT,97.59,68289,CHF
2016-04-06,IBEX,135.14,311708,EUR
2016-04-06,JURA,1187.24,96253,CHF
2016-04-07,ALPN,76.53,234389,CHF
2016-04-07,BRGN,215.82,373567,CHF
2016-04-07,CRYS,38.04,281192,CHF
2016-04-07,DELT,74.22,161157,EUR
2016-04-07,EDLW,51.25,385653,CHF
2016-04-07,FJRD,41.51,201766,USD
2016-04-07,HLVT,96.87,302431,CHF
2016-04-07,IBEX,132.99,258805,EUR
2016-04-07,JURA,1168.57,93379,CHF
2016-04-08,ALPN,75.25,218264,CHF
2016-04-08,BRGN,214.56,346745,CHF
2016-04-08,CRYS,37.62,249208,CHF
2016-04-08,DELT,73.75,326402,EUR
2016-04-08,EDLW,50.78,258661,CHF
2016-04-08,FJRD,41.13,350250,USD
2016-04-08,HLVT,95.28,205426,CHF
2016-04-08,IBEX,130.35,88606,EUR
2016-04-08,JURA,1128.71,46949,CHF
2016-04-11,ALPN,75.16,62765,CHF
2016-04-11,BRGN,208.4,107242,CHF
2016-04-11,CRYS,37.57,123177,CHF
2016-04-11,DELT,72.77,53821,EUR
2016-04-11,EDLW,50.97,297932,CHF
2016-04-11,FJRD,40.79,170345,USD
2016-04-11,HLVT,95.55,264536,CHF
2016-04-11,IBEX,129.99,130806,EUR
2016-04-11,JURA,1138.76,203587,CHF
2016-04-12,ALPN,75.82,312023,CHF
2016-04-12,BRGN,207.01,169300,CHF
2016-04-12,CRYS,37.22,344817,CHF
2016-04-12,DELT,72.68,98617,EUR
2016-04-12,EDLW,51.53,293009,CHF
2016-04-12,FJRD,40.58,350292,USD
2016-04-12,HLVT,94.79,247598,CHF
2016-04-12,IBEX,128.65,258174,EUR
2016-04-12,JURA,1148.02,215693,CHF
2016-04-13,ALPN,77.51,56068,CHF
2016-04-13,BRGN,207.08,275815,CHF
2016-04-13,CRYS,37.65,164783,CHF
2016-04-13,DELT,72.76,364389,EUR
2016-04-13,EDLW,50.95,344814,CHF
2016-04-13,FJRD,40.5,330966,USD
2016-04-13,HLVT,94.51,24286,CHF
2016-04-13,IBEX,129.99,174734,EUR
2016-04-13,JURA,1136.34,111201,CHF
2016-04-14,ALPN,76.93,202697,CHF
2016-04-14,BRGN,203.21,36507,CHF
2016-04-14,CRYS,37.35,159585,CHF
2016-04-14,EDLW,50.66,315753,CHF
2016-04-14,FJRD,40.03,221958,USD
2016-04-14,HLVT,92.09,352548,CHF
2016-04-14,IBEX,127.0,206993,EUR
2016-04-14,JURA,1135.47,100819,CHF
2016-04-15,ALPN,77.22,154252,CHF
2016-04-15,BRGN,204.95,150467,CHF
2016-04-15,CRYS,36.92,25467,CHF
2016-04-15,DELT,72.93,328138,EUR
2016-04-15,EDLW,51.16,323095,CHF
2016-04-15,FJRD,40.77,390058,USD
2016-04-15,HLVT,91.37,152729,CHF
2016-04-15,IBEX,125.77,194455,EUR
2016-04-15,JURA,1131.94,145391,CHF
2016-04-18,ALPN,77.18,259661,CHF
2016-04-18,BRGN,201.88,207715,CHF
2016-04-18,CRYS,35.6,269354,CHF
2016-04-18,DELT,73.04,302116,EUR
2016-04-18,EDLW,49.73,278146,CHF
2016-04-18,FJRD,40.18,352871,USD
2016-04-18,HLVT,90.36,271719,CHF
2016-04-18,IBEX,123.36,168479,EUR
2016-04-18,JURA,1125.05,299297,CHF
2016-04-19,ALPN,78.66,156050,CHF
2016-04-19,BRGN,207.84,118038,CHF
2016-04-19,CRYS,36.24,271305,CHF
2016-04-19,DELT,74.78,226596,EUR
2016-04-19,EDLW,50.21,104470,CHF
2016-04-19,FJRD,41.16,398643,USD
2016-04-19,HLVT,92.45,206504,CHF
2016-04-19,IBEX,125.49,326748,EUR
2016-04-19,JURA,1140.0,77080,CHF
2016-04-20,ALPN,77.33,235774,CHF
2016-04-20,BRGN,212.06,154727,CHF
2016-04-20,CRYS,35.66,398187,CHF
2016-04-20,DELT,74.59,294968,EUR
2016-04-20,EDLW,49.56,187527,CHF
2016-04-20,FJRD,40.9,50848,USD
2016-04-20,HLVT,92.75,201684,CHF
2016-04-20,IBEX,124.52,207747,EUR
2016-04-20,JURA,1127.27,22864,CHF
2016-04-21,ALPN,77.67,38154,CHF
2016-04-21,BRGN,216.88,336304,CHF
2016-04-21,CRYS,35.15,231512,CHF
2016-04-21,DELT,74.74,272750,EUR
2016-04-21,EDLW,48.39,143901,CHF
2016-04-21,FJRD,41.31,98935,USD
2016-04-21,HLVT,92.95,182480,CHF
2016-04-21,IBEX,125.71,393303,EUR
2016-04-21,IBEX,125.71,393303,EUR
2016-04-21,JURA,1121.54,94386,CHF
2016-04-22,ALPN,77.04,203686,CHF
2016-04-22,BRGN,214.59,210508,CHF
2016-04-22,CRYS,35.0,318821,CHF
2016-04-22,DELT,74.93,178063,EUR
2016-04-22,EDLW,48.98,271644,CHF
2016-04-22,FJRD,41.01,312254,USD
2016-04-22,HLVT,93.75,345759,CHF
2016-04-22,IBEX,125.94,103023,EUR
2016-04-22,JURA,1116.29,241674,CHF
2016-04-25,ALPN,77.94,57421,CHF
2016-04-25,BRGN,217.97,173683,CHF
2016-04-25,CRYS,35.26,238553,CHF
2016-04-25,DELT,77.64,268139,EUR
2016-04-25,EDLW,49.63,356397,CHF
2016-04-25,FJRD,41.26,67828,USD
2016-04-25,HLVT,94.05,84232,CHF
2016-04-25,IBEX,127.53,90989,EUR
2016-04-25,JURA,1128.81,258332,CHF
2016-04-26,ALPN,77.16,204134,CHF
2016-04-26,BRGN,218.45,169910,CHF
2016-04-26,CRYS,34.44,68738,CHF
2016-04-26,DELT,74.59,73171,EUR
2016-04-26,EDLW,49.53,113249,CHF
2016-04-26,FJRD,40.86,125512,USD
2016-04-26,HLVT,93.71,41903,CHF
2016-04-26,IBEX,125.7,238758,EUR
2016-04-26,JURA,1'123.94,294582,CHF
2016-04-27,ALPN,75.71,183210,CHF
2016-04-27,BRGN,221.89,206475,CHF
2016-04-27,CRYS,33.76,54919,CHF
2016-04-27,DELT,74.79,381596,EUR
2016-04-27,EDLW,49.67,152176,CHF
2016-04-27,FJRD,40.36,268915,USD
2016-04-27,HLVT,94.56,236735,CHF
2016-04-27,IBEX,127.02,179274,EUR
2016-04-27,JURA,1113.39,149653,CHF
2016-04-28,ALPN,76.69,234004,CHF
2016-04-28,BRGN,224.76,161845,CHF
2016-04-28,CRYS,34.86,51829,CHF
2016-04-28,DELT,75.33,287704,EUR
2016-04-28,EDLW,49.57,309031,CHF
2016-04-28,FJRD,40.34,249386,USD
2016-04-28,HLVT,98.15,127973,CHF
2016-04-28,IBEX,127.53,144295,EUR
2016-04-28,JURA,1139.16,139078,CHF
2016-04-29,ALPN,74.23,123678,CHF
2016-04-29,BRGN,222.15,88931,CHF
2016-04-29,CRYS,33.85,323902,CHF
2016-04-29,DELT,73.85,77699,EUR
2016-04-29,EDLW,49.32,282717,CHF
2016-04-29,FJRD,39.23,271837,USD
2016-04-29,HLVT,96.15,109623,CHF
2016-04-29,IBEX,123.52,248266,EUR
2016-04-29,JURA,1131.39,143043,CHF
2016-05-02,ALPN,71.03,68209,CHF
2016-05-02,BRGN,214.51,120739,CHF
2016-05-02,CRYS,31.58,280152,CHF
2016-05-02,DELT,70.71,78598,EUR
2016-05-02,EDLW,48.39,250024,CHF
2016-05-02,FJRD,38.9,46811,USD
2016-05-02,HLVT,93.24,225397,CHF
2016-05-02,IBEX,120.67,277286,EUR
2016-05-02,JURA,1102.44,251827,CHF
2016-05-03,ALPN,71.98,203412,CHF
2016-05-03,BRGN,219.89,344020,CHF
2016-05-03,CRYS,31.62,260116,CHF
2016-05-03,DELT,70.56,332727,EUR
2016-05-03,EDLW,47.68,240469,CHF
2016-05-03,FJRD,39.54,289927,USD
2016-05-03,HLVT,91.43,323576,CHF
2016-05-03,IBEX,118.63,385287,EUR
2016-05-03,JURA,1108.36,38106,CHF
2016-05-04,ALPN,72.04,73039,CHF
2016-05-04,BRGN,219.05,305837,CHF
2016-05-04,CRYS,31.56,188527,CHF
2016-05-04,DELT,69.68,56331,EUR
2016-05-04,EDLW,48.18,376080,CHF
2016-05-04,FJRD,39.63,146096,USD
2016-05-04,HLVT,91.75,305010,CHF
2016-05-04,IBEX,118.93,374924,EUR
2016-05-04,JURA,1116.43,76637,CHF
2016-05-05,ALPN,72.57,367128,CHF
2016-05-05,BRGN,221.91,116154,CHF
2016-05-05,CRYS,31.4,342103,CHF
2016-05-05,DELT,68.19,370583,EUR
2016-05-05,EDLW,48.49,24500,CHF
2016-05-05,FJRD,38.1,284865,USD
2016-05-05,HLVT,90.98,259227,CHF
2016-05-05,IBEX,115.41,197754,EUR
2016-05-05,JURA,1120.04,254712,CHF
2016-05-06,ALPN,73.78,157155,CHF
2016-05-06,BRGN,223.7,355734,CHF
2016-05-06,CRYS,31.7,118455,CHF
2016-05-06,DELT,68.93,306524,EUR
2016-05-06,EDLW,47.82,394399,CHF
2016-05-06,FJRD,38.48,261557,USD
2016-05-06,HLVT,89.58,199661,CHF
2016-05-06,IBEX,115.09,328888,EUR
2016-05-06,JURA,1139.46,102282,CHF
2016-05-09,ALPN,73.52,107198,CHF
2016-05-09,BRGN,225.57,77784,CHF
2016-05-09,CRYS,30.99,155428,CHF
2016-05-09,DELT,67.65,217011,EUR
2016-05-09,EDLW,47.85,180793,CHF
2016-05-09,FJRD,37.89,56085,USD
2016-05-09,HLVT,89.73,349969,CHF
2016-05-09,IBEX,114.32,83989,EUR
2016-05-09,JURA,1140.99,105526,CHF
2016-05-10,ALPN,73.95,44118,CHF
2016-05-10,BRGN,224.76,271715,CHF
2016-05-10,CRYS,31.18,45262,CHF
2016-05-10,DELT,68.27,182058,EUR
2016-05-10,EDLW,47.19,109331,CHF
2016-05-10,FJRD,38.4,222957,USD
2016-05-10,HLVT,89.52,356768,CHF
2016-05-10,IBEX,117.21,319348,EUR
2016-05-10,JURA,1128.34,159230,CHF
2016-05-11,ALPN,72.88,148880,CHF
2016-05-11,BRGN,226.07,239690,CHF
2016-05-11,CRYS,31.16,99767,CHF
2016-05-11,DELT,69.75,231416,EUR
2016-05-11,EDLW,47.47,303720,CHF
2016-05-11,FJRD,38.79,232759,USD
2016-05-11,HLVT,88.25,337915,CHF
2016-05-11,IBEX,117.09,101760,EUR
2016-05-11,JURA,1108.22,85026,CHF
2016-05-12,ALPN,73.29,384222,CHF
2016-05-12,CRYS,31.02,163378,CHF
2016-05-12,DELT,68.59,210364,EUR
2016-05-12,EDLW,47.32,109498,CHF
2016-05-12,FJRD,38.41,281109,USD
2016-05-12,HLVT,85.77,393435,CHF
2016-05-12,IBEX,117.35,77497,EUR
2016-05-12,JURA,1111.99,373636,CHF
2016-05-13,ALPN,74.1,319474,CHF
2016-05-13,BRGN,223.88,238955,CHF
2016-05-13,CRYS,32.07,158839,CHF
2016-05-13,DELT,69.85,22113,EUR
2016-05-13,EDLW,47.6,136776,CHF
2016-05-13,FJRD,39.22,189529,USD
2016-05-13,HLVT,85.71,376294,CHF
2016-05-13,IBEX,118.64,52532,EUR
2016-05-13,JURA,1159.38,192628,CHF
2016-05-16,ALPN,75.34,56599,CHF
2016-05-16,BRGN,225.58,78772,CHF
2016-05-16,CRYS,32.55,46215,CHF
2016-05-16,DELT,71.12,28542,EUR
2016-05-16,EDLW,47.97,95487,CHF
2016-05-16,FJRD,38.74,352405,USD
2016-05-16,HLVT,85.32,153652,CHF
2016-05-16,IBEX,119.28,359707,EUR
2016-05-16,JURA,1173.4,354000,CHF
2016-05-17,ALPN,76.99,207623,CHF
2016-05-17,BRGN,226.37,37280,CHF
2016-05-17,CRYS,33.44,322695,CHF
2016-05-17,DELT,70.95,340956,EUR
2016-05-17,EDLW,48.47,351993,CHF
2016-05-17,FJRD,39.11,228194,USD
2016-05-17,HLVT,85.85,230390,CHF
2016-05-17,IBEX,118.56,296173,EUR
2016-05-17,JURA,1180.92,343974,CHF
2016-05-18,ALPN,76.76,177067,CHF
2016-05-18,BRGN,229.15,349051,CHF
2016-05-18,CRYS,33.56,50314,CHF
2016-05-18,DELT,70.05,70142,EUR
2016-05-18,EDLW,48.46,302164,CHF
2016-05-18,FJRD,38.78,291567,USD
2016-05-18,HLVT,86.24,242821,CHF
2016-05-18,IBEX,122.4,233596,EUR
2016-05-18,JURA,1198.42,201816,CHF
2016-05-19,ALPN,76.46,203575,CHF
2016-05-19,BRGN,226.86,46628,CHF
2016-05-19,CRYS,33.25,397839,CHF
2016-05-19,DELT,69.93,95075,EUR
2016-05-19,EDLW,48.51,118184,CHF
2016-05-19,FJRD,38.47,163772,USD
2016-05-19,HLVT,86.4,319333,CHF
2016-05-19,IBEX,120.06,357438,EUR
2016-05-19,JURA,1177.39,187698,CHF
2016-05-20,ALPN,75.5,264058,CHF
2016-05-20,BRGN,224.6,215007,CHF
2016-05-20,CRYS,33.64,350867,CHF
2016-05-20,DELT,68.95,325091,EUR
2016-05-20,EDLW,48.51,225016,CHF
2016-05-20,FJRD,38.61,149312,USD
2016-05-20,HLVT,84.42,378855,CHF
2016-05-20,IBEX,120.04,348213,EUR
2016-05-20,JURA,1175.41,359003,CHF
2016-05-23,ALPN,74.74,269554,CHF
2016-05-23,BRGN,226.08,280366,CHF
2016-05-23,CRYS,34.09,191964,CHF
2016-05-23,DELT,68.71,396784,EUR
2016-05-23,EDLW,49.18,81675,CHF
2016-05-23,FJRD,38.14,286871,USD
2016-05-23,HLVT,84.48,299726,CHF
2016-05-23,IBEX,120.13,24815,EUR
2016-05-23,JURA,1192.17,24218,CHF
2016-05-24,ALPN,75.32,212643,CHF
2016-05-24,BRGN,228.07,113387,CHF
2016-05-24,CRYS,34.73,141743,CHF
2016-05-24,DELT,69.24,122235,EUR
2016-05-24,EDLW,48.64,382091,CHF
2016-05-24,FJRD,38.77,392939,USD
2016-05-24,HLVT,84.78,26724,CHF
2016-05-24,IBEX,120.62,85050,EUR
2016-05-24,JURA,1'216.61,330947,CHF
2016-05-25,ALPN,76.72,97326,CHF
2016-05-25,BRGN,228.22,281776,CHF
2016-05-25,CRYS,34.88,304650,CHF
2016-05-25,DELT,70.36,219858,EUR
2016-05-25,EDLW,48.27,213276,CHF
2016-05-25,FJRD,39.17,244690,USD
2016-05-25,HLVT,84.01,344279,CHF
2016-05-25,IBEX,120.51,333507,EUR
2016-05-25,JURA,1206.89,340545,CHF
2016-05-26,ALPN,74.8,190967,CHF
2016-05-26,BRGN,227.57,167418,CHF
2016-05-26,CRYS,34.47,215841,CHF
2016-05-26,DELT,70.53,202416,EUR
2016-05-26,EDLW,48.36,386350,CHF
2016-05-26,FJRD,38.71,41236,USD
2016-05-26,HLVT,83.94,153400,CHF
2016-05-26,IBEX,120.11,265055,EUR
2016-05-26,JURA,1195.31,313286,CHF
2016-05-27,ALPN,76.68,262406,CHF
2016-05-27,BRGN,236.24,319405,CHF
2016-05-27,CRYS,35.61,175881,CHF
2016-05-27,DELT,71.67,110905,EUR
2016-05-27,EDLW,48.69,341544,CHF
2016-05-27,FJRD,40.05,274496,USD
2016-05-27,HLVT,85.81,53815,CHF
2016-05-27,IBEX,124.39,302335,EUR
2016-05-27,JURA,1214.17,337618,CHF
2016-05-30,ALPN,76.33,352544,CHF
2016-05-30,BRGN,228.98,234073,CHF
2016-05-30,BRGN,228.98,234073,CHF
2016-05-30,DELT,72.29,246579,EUR
2016-05-30,EDLW,48.76,387317,CHF
2016-05-30,FJRD,39.48,51115,USD
2016-05-30,HLVT,84.13,381342,CHF
2016-05-30,IBEX,122.29,90436,EUR
2016-05-30,JURA,1211.53,170133,CHF
2016-05-31,ALPN,75.49,267948,CHF
2016-05-31,BRGN,227.82,108405,CHF
2016-05-31,CRYS,34.0,386519,CHF
2016-05-31,DELT,72.23,219879,EUR
2016-05-31,EDLW,48.17,96765,CHF
2016-05-31,FJRD,38.63,269526,USD
2016-05-31,HLVT,84.09,129931,CHF
2016-05-31,IBEX,122.48,242668,EUR
2016-05-31,JURA,1201.24,386519,CHF
2016-06-01,ALPN,75.4,53990,CHF
2016-06-01,BRGN,227.63,51769,CHF
2016-06-01,CRYS,34.5,117777,CHF
2016-06-01,DELT,72.54,321521,EUR
2016-06-01,EDLW,48.36,250652,CHF
2016-06-01,FJRD,37.77,289662,USD
2016-06-01,HLVT,81.29,202563,CHF
2016-06-01,IBEX,122.96,84213,EUR
2016-06-01,JURA,1215.82,206798,CHF
2016-06-02,ALPN,75.62,159940,CHF
2016-06-02,BRGN,224.86,225721,CHF
2016-06-02,CRYS,33.76,346897,CHF
2016-06-02,DELT,72.79,330603,EUR
2016-06-02,EDLW,48.67,161358,CHF
2016-06-02,FJRD,37.7,294146,USD
2016-06-02,HLVT,82.18,353239,CHF
2016-06-02,IBEX,121.51,116220,EUR
2016-06-02,JURA,1206.7,121897,CHF
2016-06-03,ALPN,75.3,211912,CHF
2016-06-03,BRGN,226.64,356687,CHF
2016-06-03,CRYS,34.71,78506,CHF
2016-06-03,DELT,73.49,108511,EUR
2016-06-03,EDLW,48.48,196923,CHF
2016-06-03,FJRD,37.6,126817,USD
2016-06-03,HLVT,82.73,79410,CHF
2016-06-03,IBEX,124.51,132392,EUR
2016-06-03,JURA,1213.11,117628,CHF
2016-06-06,ALPN,76.44,273899,CHF
2016-06-06,BRGN,227.91,306739,CHF
2016-06-06,CRYS,35.23,198084,CHF
2016-06-06,DELT,73.57,275225,EUR
2016-06-06,EDLW,49.82,137647,CHF
2016-06-06,FJRD,36.92,37967,USD
2016-06-06,HLVT,82.26,217250,CHF
2016-06-06,IBEX,126.34,256078,EUR
2016-06-06,JURA,1216.53,227390,CHF
2016-06-07,ALPN,76.95,350034,CHF
2016-06-07,BRGN,228.43,192562,CHF
2016-06-07,CRYS,35.3,172581,CHF
2016-06-07,DELT,72.11,320574,EUR
2016-06-07,EDLW,48.65,279637,CHF
2016-06-07,FJRD,36.89,121241,USD
2016-06-07,HLVT,81.54,396209,CHF
2016-06-07,IBEX,122.67,281257,EUR
2016-06-07,JURA,1207.64,62780,CHF
2016-06-08,ALPN,75.56,178865,CHF
2016-06-08,BRGN,226.75,336151,CHF
2016-06-08,CRYS,34.75,359285,CHF
2016-06-08,DELT,70.71,43209,EUR
2016-06-08,EDLW,48.66,342291,CHF
2016-06-08,FJRD,36.69,328600,USD
2016-06-08,HLVT,79.35,28897,CHF
2016-06-08,IBEX,118.71,65511,EUR
2016-06-08,JURA,1208.68,165584,CHF
2016-06-09,ALPN,76.28,290777,CHF
2016-06-09,BRGN,229.4,256481,CHF
2016-06-09,CRYS,35.18,79266,CHF
2016-06-09,DELT,70.64,98992,EUR
2016-06-09,EDLW,48.95,182260,CHF
2016-06-09,FJRD,36.98,374481,USD
2016-06-09,HLVT,80.32,357588,CHF
2016-06-09,IBEX,117.03,169291,EUR
2016-06-09,JURA,1222.5,100352,CHF
2016-06-10,ALPN,77.08,328122,CHF
2016-06-10,BRGN,225.5,193023,CHF
2016-06-10,CRYS,35.92,243184,CHF
2016-06-10,DELT,71.17,317275,EUR
2016-06-10,EDLW,48.99,170410,CHF
2016-06-10,FJRD,37.34,370552,USD
2016-06-10,HLVT,82.25,182440,CHF
2016-06-10,IBEX,119.77,108803,EUR
2016-06-10,JURA,1253.26,114136,CHF
2016-06-13,ALPN,77.13,98736,CHF
2016-06-13,BRGN,220.44,218741,CHF
2016-06-13,CRYS,35.25,24357,CHF
2016-06-13,DELT,71.66,28744,EUR
2016-06-13,EDLW,48.72,341512,CHF
2016-06-13,FJRD,37.4,131018,USD
2016-06-13,HLVT,81.84,331750,CHF
2016-06-13,IBEX,117.87,126716,EUR
2016-06-13,JURA,1245.08,276591,CHF
2016-06-14,ALPN,79.75,291680,CHF
2016-06-14,BRGN,226.89,373440,CHF
2016-06-14,CRYS,34.66,354549,CHF
2016-06-14,DELT,73.18,334472,EUR
2016-06-14,EDLW,48.89,46891,CHF
2016-06-14,FJRD,37.69,39167,USD
2016-06-14,HLVT,82.13,165566,CHF
2016-06-14,IBEX,121.86,399515,EUR
2016-06-14,JURA,1273.05,77572,CHF
2016-06-15,ALPN,81.58,199611,CHF
2016-06-15,BRGN,223.26,382718,CHF
2016-06-15,CRYS,34.63,269089,CHF
2016-06-15,DELT,71.65,313116,EUR
2016-06-15,EDLW,49.21,55769,CHF
2016-06-15,FJRD,37.5,319919,USD
2016-06-15,HLVT,82.39,197131,CHF
2016-06-15,IBEX,122.25,198723,EUR
2016-06-15,JURA,1274.23,228626,CHF
2016-06-16,ALPN,81.43,395230,CHF
2016-06-16,BRGN,227.34,320785,CHF
2016-06-16,CRYS,34.85,236345,CHF
2016-06-16,EDLW,49.24,73622,CHF
2016-06-16,FJRD,38.02,369044,USD
2016-06-16,HLVT,80.84,248313,CHF
2016-06-16,IBEX,122.78,54488,EUR
2016-06-16,JURA,1284.82,221878,CHF
2016-06-17,ALPN,80.55,398457,CHF
2016-06-17,BRGN,227.24,118627,CHF
2016-06-17,CRYS,34.76,394881,CHF
2016-06-17,DELT,73.85,379272,EUR
2016-06-17,EDLW,50.72,54070,CHF
2016-06-17,FJRD,37.81,267719,USD
2016-06-17,HLVT,80.3,158785,CHF
2016-06-17,IBEX,123.03,179049,EUR
2016-06-17,JURA,1298.37,327138,CHF
2016-06-20,ALPN,80.02,339107,CHF
2016-06-20,BRGN,231.1,313304,CHF
2016-06-20,CRYS,34.27,369428,CHF
2016-06-20,DELT,73.97,209397,EUR
2016-06-20,EDLW,51.2,97221,CHF
2016-06-20,FJRD,37.92,220008,USD
2016-06-20,HLVT,79.89,159952,CHF
2016-06-20,IBEX,121.63,322965,EUR
2016-06-20,JURA,1318.19,172696,CHF
2016-06-21,ALPN,80.51,287981,CHF
2016-06-21,BRGN,237.15,129645,CHF
2016-06-21,CRYS,33.54,284772,CHF
2016-06-21,DELT,73.62,162807,EUR
2016-06-21,EDLW,50.73,107381,CHF
2016-06-21,FJRD,37.43,362834,USD
2016-06-21,HLVT,79.75,343116,CHF
2016-06-21,IBEX,120.07,175046,EUR
2016-06-21,JURA,1'314.34,24646,CHF
2016-06-22,ALPN,81.3,322732,CHF
2016-06-22,BRGN,235.48,242126,CHF
2016-06-22,CRYS,33.26,377184,CHF
2016-06-22,DELT,72.69,346563,EUR
2016-06-22,EDLW,50.59,341604,CHF
2016-06-22,FJRD,37.22,133539,USD
2016-06-22,HLVT,79.59,33158,CHF
2016-06-22,IBEX,117.13,395273,EUR
2016-06-22,JURA,1322.27,100813,CHF
2016-06-23,ALPN,83.31,128718,CHF
2016-06-23,BRGN,236.92,292522,CHF
2016-06-23,CRYS,33.18,77737,CHF
2016-06-23,DELT,72.54,20809,EUR
2016-06-23,EDLW,50.59,331325,CHF
2016-06-23,FJRD,37.2,48904,USD
2016-06-23,HLVT,79.6,363134,CHF
2016-06-23,IBEX,118.33,93670,EUR
2016-06-23,JURA,1314.5,234444,CHF
2016-06-24,ALPN,85.84,107452,CHF
2016-06-24,BRGN,238.4,360457,CHF
2016-06-24,CRYS,32.77,199467,CHF
2016-06-24,DELT,71.82,79311,EUR
2016-06-24,EDLW,50.44,347276,CHF
2016-06-24,FJRD,36.78,399404,USD
2016-06-24,HLVT,79.55,202666,CHF
2016-06-24,IBEX,118.35,217471,EUR
2016-06-24,JURA,1305.05,139496,CHF
2016-06-27,ALPN,86.43,79936,CHF
2016-06-27,BRGN,239.47,281416,CHF
2016-06-27,CRYS,32.12,172219,CHF
2016-06-27,DELT,72.18,220801,EUR
2016-06-27,EDLW,49.55,32951,CHF
2016-06-27,FJRD,36.5,223444,USD
2016-06-27,HLVT,79.82,283289,CHF
2016-06-27,IBEX,117.96,67215,EUR
2016-06-27,JURA,1297.1,20045,CHF
2016-06-28,ALPN,86.42,200812,CHF
2016-06-28,BRGN,238.18,138466,CHF
2016-06-28,CRYS,31.81,162393,CHF
2016-06-28,DELT,71.09,71712,EUR
2016-06-28,EDLW,49.33,397913,CHF
2016-06-28,FJRD,35.41,329169,USD
2016-06-28,HLVT,79.16,315370,CHF
2016-06-28,IBEX,119.05,384848,EUR
2016-06-28,JURA,1260.37,146182,CHF
2016-06-29,ALPN,85.77,352499,CHF
2016-06-29,BRGN,238.53,138036,CHF
2016-06-29,CRYS,31.53,329771,CHF
2016-06-29,DELT,70.43,341771,EUR
2016-06-29,EDLW,49.45,132837,CHF
2016-06-29,FJRD,35.8,311784,USD
2016-06-29,HLVT,77.29,109999,CHF
2016-06-29,IBEX,118.51,155469,EUR
2016-06-29,JURA,1269.29,112828,CHF
2016-06-30,ALPN,87.09,42239,CHF
2016-06-30,BRGN,233.27,325875,CHF
2016-06-30,CRYS,30.93,88065,CHF
2016-06-30,DELT,71.14,363549,EUR
2016-06-30,EDLW,50.85,108986,CHF
2016-06-30,FJRD,35.9,59330,USD
2016-06-30,HLVT,78.6,160682,CHF
2016-06-30,IBEX,120.89,50718,EUR
2016-06-30,JURA,1296.99,338399,CHF
2016-07-01,ALPN,87.49,202723,CHF
2016-07-01,BRGN,232.3,76707,CHF
2016-07-01,CRYS,30.19,387737,CHF
2016-07-01,DELT,71.96,69868,EUR
2016-07-01,EDLW,50.48,392420,CHF
2016-07-01,FJRD,35.69,142454,USD
2016-07-01,HLVT,78.3,210499,CHF
2016-07-01,IBEX,121.28,200022,EUR
2016-07-01,JURA,1300.74,298536,CHF
2016-07-04,ALPN,86.86,137886,CHF
2016-07-04,BRGN,229.94,293864,CHF
2016-07-04,CRYS,30.11,167926,CHF
2016-07-04,DELT,72.05,298062,EUR
2016-07-04,FJRD,36.1,179213,USD
2016-07-04,HLVT,80.04,244856,CHF
2016-07-04,JURA,1333.52,69775,CHF
2016-07-05,ALPN,86.12,389771,CHF
2016-07-05,ALPN,86.12,389771,CHF
2016-07-05,BRGN,230.49,42176,CHF
2016-07-05,CRYS,30.02,312715,CHF
2016-07-05,DELT,73.51,257946,EUR
2016-07-05,EDLW,51.32,115387,CHF
2016-07-05,FJRD,35.24,126292,USD
2016-07-05,HLVT,79.15,216343,CHF
2016-07-05,IBEX,120.04,276898,EUR
2016-07-05,JURA,1305.01,85772,CHF
2016-07-06,ALPN,85.62,264791,CHF
2016-07-06,BRGN,229.26,339250,CHF
2016-07-06,CRYS,30.69,285509,CHF
2016-07-06,DELT,74.4,97715,EUR
2016-07-06,EDLW,50.64,98528,CHF
2016-07-06,FJRD,35.15,399420,USD
2016-07-06,HLVT,77.52,57016,CHF
2016-07-06,IBEX,119.86,331100,EUR
2016-07-06,JURA,1331.32,320430,CHF
2016-07-07,ALPN,85.4,278146,CHF
2016-07-07,BRGN,232.92,347302,CHF
2016-07-07,CRYS,31.63,367207,CHF
2016-07-07,DELT,75.67,26241,EUR
2016-07-07,EDLW,51.42,26122,CHF
2016-07-07,FJRD,36.12,358044,USD
2016-07-07,HLVT,77.22,271737,CHF
2016-07-07,IBEX,121.45,71928,EUR
2016-07-07,JURA,1339.08,120411,CHF
2016-07-08,ALPN,86.32,344466,CHF
2016-07-08,BRGN,232.03,103369,CHF
2016-07-08,CRYS,30.97,218875,CHF
2016-07-08,DELT,75.87,112411,EUR
2016-07-08,EDLW,52.08,166462,CHF
2016-07-08,FJRD,35.51,373939,USD
2016-07-08,HLVT,76.98,156906,CHF
2016-07-08,IBEX,121.29,111359,EUR
2016-07-08,JURA,1342.3,290374,CHF
2016-07-11,ALPN,86.64,344654,CHF
2016-07-11,BRGN,228.2,90277,CHF
2016-07-11,CRYS,31.19,304338,CHF
2016-07-11,EDLW,52.23,329103,CHF
2016-07-11,FJRD,35.89,385181,USD
2016-07-11,HLVT,77.61,267276,CHF
2016-07-11,IBEX,122.83,158966,EUR
2016-07-11,JURA,1355.78,326078,CHF
2016-07-12,ALPN,88.1,255642,CHF
2016-07-12,BRGN,223.42,58884,CHF
2016-07-12,CRYS,31.11,204579,CHF
2016-07-12,DELT,76.13,121382,EUR
2016-07-12,EDLW,51.8,215919,CHF
2016-07-12,FJRD,34.96,343231,USD
2016-07-12,HLVT,76.77,379400,CHF
2016-07-12,IBEX,122.88,117198,EUR
2016-07-12,JURA,1359.38,176551,CHF
2016-07-13,ALPN,87.43,99858,CHF
2016-07-13,BRGN,221.83,320939,CHF
2016-07-13,CRYS,30.62,155833,CHF
2016-07-13,DELT,76.51,248556,EUR
2016-07-13,EDLW,51.65,240883,CHF
2016-07-13,FJRD,34.56,48658,USD
2016-07-13,HLVT,76.96,185458,CHF
2016-07-13,IBEX,121.9,90305,EUR
2016-07-13,JURA,1389.27,213189,CHF
2016-07-14,ALPN,86.56,69815,CHF
2016-07-14,BRGN,223.57,297623,CHF
2016-07-14,CRYS,30.86,140552,CHF
2016-07-14,DELT,76.19,251191,EUR
2016-07-14,EDLW,50.88,342841,CHF
2016-07-14,FJRD,34.75,57172,USD
2016-07-14,HLVT,75.92,322965,CHF
2016-07-14,IBEX,122.8,173000,EUR
2016-07-14,JURA,1413.37,317762,CHF
2016-07-15,ALPN,87.93,194623,CHF
2016-07-15,BRGN,229.14,195656,CHF
2016-07-15,CRYS,31.92,233608,CHF
2016-07-15,DELT,78.06,335730,EUR
2016-07-15,EDLW,51.23,148245,CHF
2016-07-15,FJRD,35.79,235613,USD
2016-07-15,HLVT,76.28,351501,CHF
2016-07-15,IBEX,128.22,327858,EUR
2016-07-15,JURA,1439.43,392440,CHF
2016-07-18,ALPN,89.01,159609,CHF
2016-07-18,BRGN,229.85,347086,CHF
2016-07-18,CRYS,31.8,31483,CHF
2016-07-18,DELT,77.92,256238,EUR
2016-07-18,EDLW,50.66,336980,CHF
2016-07-18,FJRD,36.03,219647,USD
2016-07-18,HLVT,76.41,379095,CHF
2016-07-18,IBEX,128.25,35952,EUR
2016-07-18,JURA,1471.19,82703,CHF
2016-07-19,ALPN,88.58,85029,CHF
2016-07-19,BRGN,231.22,196545,CHF
2016-07-19,CRYS,32.19,242497,CHF
2016-07-19,DELT,77.85,225258,EUR
2016-07-19,EDLW,51.32,117699,CHF
2016-07-19,FJRD,36.63,278807,USD
2016-07-19,HLVT,76.34,277545,CHF
2016-07-19,IBEX,129.88,25937,EUR
2016-07-19,JURA,1'474.79,374625,CHF
2016-07-20,ALPN,89.24,166061,CHF
2016-07-20,BRGN,227.61,171797,CHF
2016-07-20,CRYS,32.41,273233,CHF
2016-07-20,DELT,77.99,108332,EUR
2016-07-20,EDLW,50.97,308310,CHF
2016-07-20,FJRD,36.28,109444,USD
2016-07-20,HLVT,78.22,205232,CHF
2016-07-20,IBEX,133.11,134993,EUR
2016-07-20,JURA,1477.37,157455,CHF
2016-07-21,ALPN,89.77,113321,CHF
2016-07-21,BRGN,231.17,392704,CHF
2016-07-21,CRYS,32.28,132151,CHF
2016-07-21,DELT,79.86,84671,EUR
2016-07-21,EDLW,51.35,111019,CHF
2016-07-21,FJRD,37.03,45713,USD
2016-07-21,HLVT,79.08,302897,CHF
2016-07-21,IBEX,134.17,223496,EUR
2016-07-21,JURA,1489.62,148299,CHF
2016-07-22,ALPN,91.87,315094,CHF
2016-07-22,BRGN,232.16,387548,CHF
2016-07-22,CRYS,32.1,346069,CHF
2016-07-22,DELT,81.02,397247,EUR
2016-07-22,EDLW,52.03,100177,CHF
2016-07-22,FJRD,37.13,43209,USD
2016-07-22,HLVT,80.51,163816,CHF
2016-07-22,IBEX,133.01,235722,EUR
2016-07-22,JURA,1512.05,376295,CHF
2016-07-25,ALPN,92.08,225439,CHF
2016-07-25,BRGN,229.45,63732,CHF
2016-07-25,CRYS,32.36,271644,CHF
2016-07-25,DELT,80.73,136987,EUR
2016-07-25,EDLW,52.76,124029,CHF
2016-07-25,FJRD,37.53,340230,USD
2016-07-25,HLVT,79.52,116752,CHF
2016-07-25,IBEX,133.85,28464,EUR
2016-07-25,JURA,1530.67,222544,CHF
2016-07-26,ALPN,90.8,259794,CHF
2016-07-26,BRGN,228.23,315840,CHF
2016-07-26,CRYS,32.73,105449,CHF
2016-07-26,DELT,79.85,123482,EUR
2016-07-26,EDLW,53.1,136339,CHF
2016-07-26,FJRD,37.17,184766,USD
2016-07-26,HLVT,79.44,382339,CHF
2016-07-26,IBEX,130.31,80038,EUR
2016-07-26,JURA,1528.76,196153,CHF
2016-07-27,ALPN,90.91,111589,CHF
2016-07-27,BRGN,232.04,245161,CHF
2016-07-27,CRYS,32.63,268942,CHF
2016-07-27,DELT,80.84,361061,EUR
2016-07-27,EDLW,52.65,54567,CHF
2016-07-27,FJRD,36.4,234173,USD
2016-07-27,HLVT,78.97,162424,CHF
2016-07-27,IBEX,132.19,305201,EUR
2016-07-27,JURA,1557.2,119411,CHF
2016-07-28,ALPN,91.5,333178,CHF
2016-07-28,BRGN,230.38,26815,CHF
2016-07-28,CRYS,33.37,159884,CHF
2016-07-28,DELT,80.49,69083,EUR
2016-07-28,EDLW,52.64,103669,CHF
2016-07-28,FJRD,36.42,297163,USD
2016-07-28,HLVT,77.87,360569,CHF
2016-07-28,IBEX,131.69,307355,EUR
2016-07-28,JURA,1579.79,352316,CHF
2016-07-29,ALPN,91.49,377123,CHF
2016-07-29,BRGN,228.48,303522,CHF
2016-07-29,BRGN,228.48,303522,CHF
2016-07-29,CRYS,32.34,127177,CHF
2016-07-29,DELT,79.8,180454,EUR
2016-07-29,EDLW,52.57,63736,CHF
2016-07-29,FJRD,36.0,303794,USD
2016-07-29,HLVT,77.91,176723,CHF
2016-07-29,IBEX,128.67,20898,EUR
2016-07-29,JURA,1548.28,62405,CHF
2016-08-01,ALPN,90.02,172582,CHF
2016-08-01,BRGN,224.24,348728,CHF
2016-08-01,CRYS,31.95,193399,CHF
2016-08-01,DELT,78.75,167503,EUR
2016-08-01,EDLW,52.17,204474,CHF
2016-08-01,FJRD,35.24,133347,USD
2016-08-01,IBEX,126.72,256110,EUR
2016-08-01,JURA,1547.84,353115,CHF
2016-08-02,ALPN,89.51,81189,CHF
2016-08-02,BRGN,221.04,368781,CHF
2016-08-02,CRYS,30.71,147096,CHF
2016-08-02,DELT,78.02,277112,EUR
2016-08-02,EDLW,53.31,57104,CHF
2016-08-02,FJRD,35.29,227395,USD
2016-08-02,HLVT,76.92,274299,CHF
2016-08-02,IBEX,127.92,53270,EUR
2016-08-02,JURA,1580.87,277502,CHF
2016-08-03,ALPN,88.99,37414,CHF
2016-08-03,BRGN,219.81,152513,CHF
2016-08-03,CRYS,30.02,88949,CHF
2016-08-03,DELT,78.83,35227,EUR
2016-08-03,EDLW,53.67,75473,CHF
2016-08-03,FJRD,35.3,114389,USD
2016-08-03,HLVT,77.52,265172,CHF
2016-08-03,IBEX,128.84,118027,EUR
2016-08-03,JURA,1583.95,172936,CHF
2016-08-04,ALPN,89.43,296542,CHF
2016-08-04,BRGN,222.04,390692,CHF
2016-08-04,CRYS,30.16,137555,CHF
2016-08-04,DELT,79.79,86335,EUR
2016-08-04,EDLW,53.6,109592,CHF
2016-08-04,FJRD,35.14,207932,USD
2016-08-04,HLVT,76.52,124190,CHF
2016-08-04,IBEX,126.66,219925,EUR
2016-08-04,JURA,1586.37,169859,CHF
2016-08-05,ALPN,90.88,280046,CHF
2016-08-05,BRGN,221.46,70101,CHF
2016-08-05,CRYS,30.83,250598,CHF
2016-08-05,DELT,80.03,101783,EUR
2016-08-05,EDLW,53.49,332768,CHF
2016-08-05,FJRD,35.46,181228,USD
2016-08-05,HLVT,77.23,268949,CHF
2016-08-05,IBEX,129.0,75917,EUR
2016-08-05,JURA,1582.23,206628,CHF
2016-08-08,ALPN,91.24,90852,CHF
2016-08-08,BRGN,219.77,105577,CHF
2016-08-08,CRYS,31.6,367727,CHF
2016-08-08,DELT,80.78,339182,EUR
2016-08-08,EDLW,51.93,332812,CHF
2016-08-08,FJRD,35.57,22757,USD
2016-08-08,HLVT,77.99,366830,CHF
2016-08-08,IBEX,128.03,294707,EUR
2016-08-08,JURA,1606.55,244052,CHF
2016-08-09,ALPN,93.54,246296,CHF
2016-08-09,BRGN,221.26,82665,CHF
2016-08-09,CRYS,32.13,244532,CHF
2016-08-09,DELT,81.13,247924,EUR
2016-08-09,EDLW,52.42,206222,CHF
2016-08-09,FJRD,36.11,145278,USD
2016-08-09,HLVT,78.34,393058,CHF
2016-08-09,IBEX,131.97,86482,EUR
2016-08-09,JURA,1661.04,28171,CHF
2016-08-10,ALPN,92.59,26683,CHF
2016-08-10,BRGN,218.1,191691,CHF
2016-08-10,CRYS,32.09,347420,CHF
2016-08-10,DELT,79.88,220026,EUR
2016-08-10,EDLW,52.39,329110,CHF
2016-08-10,FJRD,35.73,345489,USD
2016-08-10,HLVT,75.96,341040,CHF
2016-08-10,IBEX,131.05,196992,EUR
2016-08-10,JURA,1617.38,259217,CHF
2016-08-11,ALPN,94.09,212762,CHF
2016-08-11,BRGN,214.81,87810,CHF
2016-08-11,CRYS,32.24,214505,CHF
2016-08-11,DELT,80.18,82328,EUR
2016-08-11,EDLW,51.59,220563,CHF
2016-08-11,FJRD,36.09,107972,USD
2016-08-11,HLVT,76.4,134029,CHF
2016-08-11,IBEX,132.93,155516,EUR
2016-08-11,JURA,1628.48,186645,CHF
2016-08-12,ALPN,94.89,146011,CHF
2016-08-12,BRGN,217.13,246386,CHF
2016-08-12,CRYS,32.27,302295,CHF
2016-08-12,DELT,83.08,116917,EUR
2016-08-12,EDLW,52.98,306111,CHF
2016-08-12,FJRD,36.93,254683,USD
2016-08-12,HLVT,77.23,333737,CHF
2016-08-12,IBEX,131.87,194846,EUR
2016-08-12,JURA,1655.18,63985,CHF
2016-08-15,ALPN,95.28,107764,CHF
2016-08-15,BRGN,221.02,394128,CHF
2016-08-15,CRYS,33.08,342215,CHF
2016-08-15,DELT,82.75,319009,EUR
2016-08-15,EDLW,53.04,215467,CHF
2016-08-15,FJRD,37.71,274073,USD
2016-08-15,HLVT,79.67,139296,CHF
2016-08-15,IBEX,135.4,312258,EUR
2016-08-15,JURA,1657.83,102339,CHF
2016-08-16,ALPN,92.25,379783,CHF
2016-08-16,BRGN,219.18,346718,CHF
2016-08-16,CRYS,32.9,164523,CHF
2016-08-16,DELT,82.1,378173,EUR
2016-08-16,EDLW,52.61,86329,CHF
2016-08-16,FJRD,36.17,180193,USD
2016-08-16,HLVT,79.78,234442,CHF
2016-08-16,IBEX,134.03,301145,EUR
2016-08-16,JURA,1'637.90,239923,CHF
2016-08-17,ALPN,91.27,24162,CHF
2016-08-17,BRGN,228.14,74483,CHF
2016-08-17,CRYS,32.68,388723,CHF
2016-08-17,DELT,82.45,25443,EUR
2016-08-17,EDLW,53.19,99848,CHF
2016-08-17,FJRD,36.22,315038,USD
2016-08-17,HLVT,80.48,140888,CHF
2016-08-17,IBEX,132.33,42601,EUR
2016-08-17,JURA,1639.14,340445,CHF
2016-08-18,ALPN,90.21,123488,CHF
2016-08-18,BRGN,228.69,265101,CHF
2016-08-18,CRYS,32.96,351824,CHF
2016-08-18,DELT,83.86,323667,EUR
2016-08-18,EDLW,52.89,377799,CHF
2016-08-18,FJRD,35.5,109078,USD
2016-08-18,HLVT,81.61,118783,CHF
2016-08-18,IBEX,130.79,172835,EUR
2016-08-18,JURA,1637.34,114985,CHF
2016-08-19,ALPN,91.14,251083,CHF
2016-08-19,BRGN,232.36,368923,CHF
2016-08-19,CRYS,32.25,218416,CHF
2016-08-19,DELT,83.6,337869,EUR
2016-08-19,EDLW,53.03,177975,CHF
2016-08-19,FJRD,35.67,379770,USD
2016-08-19,HLVT,81.83,276750,CHF
2016-08-19,IBEX,131.69,33252,EUR
2016-08-19,JURA,1639.9,381151,CHF
2016-08-22,ALPN,90.16,25046,CHF
2016-08-22,BRGN,234.16,104968,CHF
2016-08-22,CRYS,32.14,228079,CHF
2016-08-22,DELT,83.67,102137,EUR
2016-08-22,EDLW,52.83,24597,CHF
2016-08-22,FJRD,35.25,380942,USD
2016-08-22,HLVT,80.49,392961,CHF
2016-08-22,IBEX,131.57,155414,EUR
2016-08-22,JURA,1620.55,219490,CHF
2016-08-23,ALPN,90.28,391995,CHF
2016-08-23,BRGN,236.53,309499,CHF
2016-08-23,CRYS,32.5,221331,CHF
2016-08-23,DELT,83.6,239765,EUR
2016-08-23,EDLW,52.66,30042,CHF
2016-08-23,FJRD,34.91,79394,USD
2016-08-23,HLVT,81.78,67626,CHF
2016-08-23,IBEX,130.91,330244,EUR
2016-08-23,JURA,1681.46,23803,CHF
2016-08-24,ALPN,91.64,55478,CHF
2016-08-24,BRGN,243.91,269965,CHF
2016-08-24,CRYS,33.37,153294,CHF
2016-08-24,DELT,85.4,100723,EUR
2016-08-24,EDLW,52.24,110954,CHF
2016-08-24,FJRD,36.04,20992,USD
2016-08-24,HLVT,82.56,248736,CHF
2016-08-24,IBEX,131.41,51752,EUR
2016-08-24,JURA,1691.27,136827,CHF
2016-08-25,ALPN,91.46,237823,CHF
2016-08-25,BRGN,242.94,274894,CHF
2016-08-25,CRYS,33.73,77889,CHF
2016-08-25,DELT,83.93,198820,EUR
2016-08-25,EDLW,52.09,261197,CHF
2016-08-25,FJRD,35.77,91127,USD
2016-08-25,HLVT,82.48,141015,CHF
2016-08-25,IBEX,132.16,127733,EUR
2016-08-25,JURA,1668.29,105964,CHF
2016-08-26,ALPN,91.71,390439,CHF
2016-08-26,BRGN,243.87,293140,CHF
2016-08-26,CRYS,33.89,88728,CHF
2016-08-26,DELT,84.64,273340,EUR
2016-08-26,EDLW,52.54,32790,CHF
2016-08-26,FJRD,35.73,88681,USD
2016-08-26,HLVT,82.38,222096,CHF
2016-08-26,IBEX,132.31,24235,EUR
2016-08-26,JURA,1614.5,269139,CHF
2016-08-29,BRGN,243.63,249175,CHF
2016-08-29,CRYS,34.07,316472,CHF
2016-08-29,DELT,82.7,52695,EUR
2016-08-29,EDLW,52.61,41985,CHF
2016-08-29,FJRD,35.4,182526,USD
2016-08-29,HLVT,82.78,29693,CHF
2016-08-29,IBEX,130.55,352722,EUR
2016-08-29,JURA,1612.41,365933,CHF
2016-08-30,ALPN,92.18,169865,CHF
2016-08-30,BRGN,239.59,290321,CHF
2016-08-30,CRYS,34.73,336180,CHF
2016-08-30,DELT,84.43,167160,EUR
2016-08-30,EDLW,53.75,248513,CHF
2016-08-30,FJRD,35.84,240027,USD
2016-08-30,HLVT,81.8,94033,CHF
2016-08-30,IBEX,129.43,195589,EUR
2016-08-30,JURA,1659.31,147253,CHF
2016-08-31,ALPN,91.66,309431,CHF
2016-08-31,BRGN,237.69,91674,CHF
2016-08-31,CRYS,34.36,229262,CHF
2016-08-31,DELT,84.18,45098,EUR
2016-08-31,EDLW,53.7,213633,CHF
2016-08-31,FJRD,35.52,91931,USD
2016-08-31,HLVT,80.61,104772,CHF
2016-08-31,IBEX,130.21,346822,EUR
2016-08-31,JURA,1675.98,284238,CHF
2016-09-01,ALPN,90.24,151219,CHF
2016-09-01,BRGN,240.74,48452,CHF
2016-09-01,CRYS,33.5,399558,CHF
2016-09-01,DELT,81.83,102394,EUR
2016-09-01,EDLW,52.31,23129,CHF
2016-09-01,FJRD,33.96,121521,USD
2016-09-01,HLVT,78.44,376220,CHF
2016-09-01,IBEX,126.98,189448,EUR
2016-09-01,JURA,1627.25,352283,CHF
2016-09-02,ALPN,89.29,86576,CHF
2016-09-02,BRGN,236.31,296383,CHF
2016-09-02,CRYS,32.62,352817,CHF
2016-09-02,DELT,79.57,390904,EUR
2016-09-02,EDLW,51.0,199147,CHF
2016-09-02,FJRD,33.16,366513,USD
2016-09-02,HLVT,76.21,62265,CHF
2016-09-02,IBEX,125.23,100839,EUR
2016-09-02,JURA,1592.08,305177,CHF
2016-09-05,ALPN,88.12,152473,CHF
2016-09-05,BRGN,237.24,238721,CHF
2016-09-05,CRYS,31.83,362901,CHF
2016-09-05,DELT,77.93,179101,EUR
2016-09-05,EDLW,50.52,223705,CHF
2016-09-05,FJRD,33.07,76456,USD
2016-09-05,HLVT,75.6,295211,CHF
2016-09-05,IBEX,123.85,186929,EUR
2016-09-05,JURA,1582.14,74162,CHF
2016-09-06,ALPN,86.62,298226,CHF
2016-09-06,BRGN,232.13,346943,CHF
2016-09-06,CRYS,31.92,218223,CHF
2016-09-06,DELT,77.02,140157,EUR
2016-09-06,EDLW,49.63,286369,CHF
2016-09-06,FJRD,32.88,240001,USD
2016-09-06,HLVT,75.68,226367,CHF
2016-09-06,IBEX,122.57,53704,EUR
2016-09-06,JURA,1567.52,331679,CHF
2016-09-07,ALPN,86.23,310887,CHF
2016-09-07,BRGN,227.14,169194,CHF
2016-09-07,CRYS,31.87,155555,CHF
2016-09-07,DELT,76.69,70890,EUR
2016-09-07,EDLW,49.41,26894,CHF
2016-09-07,FJRD,33.09,294583,USD
2016-09-07,HLVT,73.85,37160,CHF
2016-09-07,IBEX,121.09,123130,EUR
2016-09-07,JURA,1549.72,339842,CHF
2016-09-08,ALPN,88.12,20387,CHF
2016-09-08,BRGN,231.86,163330,CHF
2016-09-08,CRYS,33.25,289421,CHF
2016-09-08,DELT,79.28,37197,EUR
2016-09-08,EDLW,49.01,22598,CHF
2016-09-08,FJRD,33.86,172828,USD
2016-09-08,HLVT,74.04,184437,CHF
2016-09-08,IBEX,122.01,346164,EUR
2016-09-08,JURA,1552.56,82481,CHF
2016-09-09,ALPN,90.42,216596,CHF
2016-09-09,BRGN,237.91,82601,CHF
2016-09-09,CRYS,34.13,388446,CHF
2016-09-09,DELT,80.08,31170,EUR
2016-09-09,EDLW,49.35,112447,CHF
2016-09-09,FJRD,34.64,271665,USD
2016-09-09,HLVT,74.88,62163,CHF
2016-09-09,IBEX,126.19,172441,EUR
2016-09-09,JURA,1579.96,186118,CHF
2016-09-12,ALPN,91.85,66312,CHF
2016-09-12,BRGN,236.4,210125,CHF
2016-09-12,CRYS,34.38,398157,CHF
2016-09-12,DELT,80.09,220371,EUR
2016-09-12,EDLW,49.15,169755,CHF
2016-09-12,FJRD,35.05,190306,USD
2016-09-12,HLVT,75.1,360100,CHF
2016-09-12,IBEX,125.2,36705,EUR
2016-09-12,JURA,1581.68,130736,CHF
2016-09-13,ALPN,93.92,219565,CHF
2016-09-13,BRGN,234.68,104942,CHF
2016-09-13,CRYS,34.62,240138,CHF
2016-09-13,DELT,80.45,392081,EUR
2016-09-13,EDLW,49.71,229625,CHF
2016-09-13,FJRD,35.02,23855,USD
2016-09-13,HLVT,76.22,296801,CHF
2016-09-13,IBEX,126.49,290428,EUR
2016-09-13,JURA,1'583.55,160663,CHF
2016-09-14,ALPN,94.42,342786,CHF
2016-09-14,BRGN,234.58,298714,CHF
2016-09-14,CRYS,35.26,199772,CHF
2016-09-14,DELT,80.53,133562,EUR
2016-09-14,EDLW,50.69,318091,CHF
2016-09-14,FJRD,35.67,340977,USD
2016-09-14,HLVT,77.58,260744,CHF
2016-09-14,IBEX,126.52,125824,EUR
2016-09-14,JURA,1593.14,109054,CHF
2016-09-15,ALPN,93.35,359594,CHF
2016-09-15,BRGN,238.24,127571,CHF
2016-09-15,CRYS,35.48,141493,CHF
2016-09-15,DELT,80.95,151202,EUR
2016-09-15,EDLW,50.17,336803,CHF
2016-09-15,FJRD,35.64,328125,USD
2016-09-15,HLVT,77.43,132603,CHF
2016-09-15,IBEX,124.95,234697,EUR
2016-09-15,JURA,1584.61,147610,CHF
2016-09-16,ALPN,90.99,145468,CHF
2016-09-16,BRGN,236.11,160670,CHF
2016-09-16,CRYS,35.56,145186,CHF
2016-09-16,EDLW,50.48,382006,CHF
2016-09-16,FJRD,35.46,126164,USD
2016-09-16,HLVT,75.36,266385,CHF
2016-09-16,IBEX,123.96,92245,EUR
2016-09-16,JURA,1589.42,107543,CHF
2016-09-19,ALPN,90.19,169105,CHF
2016-09-19,BRGN,233.29,145629,CHF
2016-09-19,CRYS,34.71,294064,CHF
2016-09-19,DELT,75.99,235548,EUR
2016-09-19,EDLW,49.86,179095,CHF
2016-09-19,FJRD,34.97,205640,USD
2016-09-19,HLVT,73.66,386030,CHF
2016-09-19,IBEX,122.78,174718,EUR
2016-09-19,JURA,1537.49,251525,CHF
2016-09-20,ALPN,90.43,67760,CHF
2016-09-20,BRGN,235.59,68766,CHF
2016-09-20,CRYS,34.96,166571,CHF
2016-09-20,DELT,77.42,239161,EUR
2016-09-20,EDLW,50.0,278979,CHF
2016-09-20,FJRD,35.75,216967,USD
2016-09-20,HLVT,72.96,92587,CHF
2016-09-20,IBEX,123.11,203811,EUR
2016-09-20,JURA,1537.86,383155,CHF
2016-09-21,ALPN,91.7,59128,CHF
2016-09-21,BRGN,237.91,288166,CHF
2016-09-21,CRYS,35.32,336140,CHF
2016-09-21,DELT,79.0,385386,EUR
2016-09-21,EDLW,50.21,140120,CHF
2016-09-21,FJRD,36.39,278977,USD
2016-09-21,HLVT,74.54,355476,CHF
2016-09-21,IBEX,126.06,44730,EUR
2016-09-21,JURA,1562.36,354095,CHF
2016-09-22,ALPN,90.36,133606,CHF
2016-09-22,BRGN,236.81,168067,CHF
2016-09-22,CRYS,34.36,116853,CHF
2016-09-22,DELT,77.28,57290,EUR
2016-09-22,EDLW,50.24,198020,CHF
2016-09-22,FJRD,36.01,99586,USD
2016-09-22,HLVT,72.41,224609,CHF
2016-09-22,IBEX,124.32,330393,EUR
2016-09-22,JURA,1562.48,290282,CHF
2016-09-23,ALPN,88.37,78232,CHF
2016-09-23,BRGN,236.63,310246,CHF
2016-09-23,CRYS,34.83,356052,CHF
2016-09-23,DELT,75.92,205852,EUR
2016-09-23,EDLW,51.18,308359,CHF
2016-09-23,FJRD,34.6,325056,USD
2016-09-23,HLVT,71.65,264511,CHF
2016-09-23,IBEX,123.8,127464,EUR
2016-09-23,JURA,1586.25,291321,CHF
2016-09-26,ALPN,87.52,220526,CHF
2016-09-26,BRGN,229.78,83416,CHF
2016-09-26,CRYS,33.67,73344,CHF
2016-09-26,DELT,76.52,338827,EUR
2016-09-26,EDLW,51.37,127296,CHF
2016-09-26,FJRD,33.89,317101,USD
2016-09-26,HLVT,71.43,208105,CHF
2016-09-26,IBEX,122.04,227079,EUR
2016-09-26,JURA,1594.37,328525,CHF
2016-09-27,ALPN,88.8,383073,CHF
2016-09-27,BRGN,228.21,190565,CHF
2016-09-27,CRYS,34.32,148455,CHF
2016-09-27,DELT,76.78,174621,EUR
2016-09-27,EDLW,51.05,35992,CHF
2016-09-27,FJRD,34.61,116349,USD
2016-09-27,HLVT,71.66,218586,CHF
2016-09-27,IBEX,122.47,151232,EUR
2016-09-27,JURA,1623.1,317648,CHF
2016-09-28,ALPN,90.19,366115,CHF
2016-09-28,BRGN,228.4,52648,CHF
2016-09-28,CRYS,34.33,341188,CHF
2016-09-28,DELT,78.25,22419,EUR
2016-09-28,EDLW,50.48,158257,CHF
2016-09-28,FJRD,33.75,286906,USD
2016-09-28,HLVT,71.88,398657,CHF
2016-09-28,IBEX,122.74,88649,EUR
2016-09-28,JURA,1613.43,255807,CHF
2016-09-29,ALPN,92.26,54509,CHF
2016-09-29,BRGN,229.7,183037,CHF
2016-09-29,CRYS,34.61,189690,CHF
2016-09-29,DELT,79.64,56391,EUR
2016-09-29,EDLW,50.45,329061,CHF
2016-09-29,FJRD,34.37,337788,USD
2016-09-29,HLVT,72.68,253769,CHF
2016-09-29,IBEX,125.12,359598,EUR
2016-09-29,JURA,1629.13,311758,CHF
2016-09-30,ALPN,92.44,333737,CHF
2016-09-30,BRGN,226.13,237407,CHF
2016-09-30,CRYS,33.86,195103,CHF
2016-09-30,DELT,77.03,288055,EUR
2016-09-30,EDLW,50.46,191404,CHF
2016-09-30,FJRD,33.99,69296,USD
2016-09-30,HLVT,70.25,266900,CHF
2016-09-30,IBEX,124.38,116564,EUR
2016-09-30,JURA,1604.96,365051,CHF
2016-10-03,ALPN,97.37,56517,CHF
2016-10-03,BRGN,231.02,356171,CHF
2016-10-03,CRYS,35.8,66109,CHF
2016-10-03,DELT,78.68,154422,EUR
2016-10-03,EDLW,51.35,318043,CHF
2016-10-03,FJRD,35.87,166083,USD
2016-10-03,HLVT,72.56,84642,CHF
2016-10-03,IBEX,126.48,87825,EUR
2016-10-03,JURA,1638.5,262532,CHF
2016-10-04,ALPN,99.06,398818,CHF
2016-10-04,BRGN,235.58,380354,CHF
2016-10-04,CRYS,37.14,164930,CHF
2016-10-04,DELT,80.26,313913,EUR
2016-10-04,EDLW,51.66,352379,CHF
2016-10-04,FJRD,36.49,223124,USD
2016-10-04,HLVT,74.73,56946,CHF
2016-10-04,IBEX,129.29,178490,EUR
2016-10-04,JURA,1643.35,314949,CHF
2016-10-05,ALPN,99.67,47156,CHF
2016-10-05,BRGN,239.34,185846,CHF
2016-10-05,CRYS,37.11,107755,CHF
2016-10-05,DELT,80.7,282798,EUR
2016-10-05,EDLW,52.07,210274,CHF
2016-10-05,FJRD,35.48,381682,USD
2016-10-05,HLVT,74.31,373879,CHF
2016-10-05,IBEX,128.16,159258,EUR
2016-10-05,JURA,1647.11,231413,CHF
2016-10-06,ALPN,99.86,82545,CHF
2016-10-06,BRGN,241.72,231795,CHF
2016-10-06,CRYS,36.95,323283,CHF
2016-10-06,DELT,80.1,236197,EUR
2016-10-06,EDLW,51.5,289675,CHF
2016-10-06,FJRD,34.78,113926,USD
2016-10-06,HLVT,74.12,105966,CHF
2016-10-06,IBEX,126.77,281436,EUR
2016-10-06,JURA,1663.03,185132,CHF
2016-10-07,ALPN,98.7,106623,CHF
2016-10-07,BRGN,235.74,116461,CHF
2016-10-07,CRYS,36.22,79324,CHF
2016-10-07,DELT,78.66,116777,EUR
2016-10-07,EDLW,51.72,144647,CHF
2016-10-07,FJRD,34.75,75327,USD
2016-10-07,HLVT,73.57,259761,CHF
2016-10-07,IBEX,124.03,262648,EUR
2016-10-07,JURA,1648.63,47278,CHF
2016-10-10,BRGN,236.97,355524,CHF
2016-10-10,CRYS,36.17,308808,CHF
2016-10-10,DELT,79.97,398290,EUR
2016-10-10,EDLW,52.0,24911,CHF
2016-10-10,FJRD,35.51,381070,USD
2016-10-10,HLVT,74.28,134100,CHF
2016-10-10,IBEX,125.25,371043,EUR
2016-10-10,JURA,1654.32,166617,CHF
2016-10-11,ALPN,101.19,356633,CHF
2016-10-11,BRGN,235.27,387835,CHF
2016-10-11,CRYS,36.3,373160,CHF
2016-10-11,DELT,81.88,328280,EUR
2016-10-11,EDLW,52.66,30085,CHF
2016-10-11,FJRD,35.58,329690,USD
2016-10-11,HLVT,74.09,123046,CHF
2016-10-11,IBEX,125.83,53087,EUR
2016-10-11,JURA,1'662.53,238795,CHF
2016-10-12,ALPN,101.63,272022,CHF
2016-10-12,BRGN,234.21,128887,CHF
2016-10-12,CRYS,36.29,67745,CHF
2016-10-12,DELT,81.32,199973,EUR
2016-10-12,EDLW,52.43,39977,CHF
2016-10-12,FJRD,34.92,61639,USD
2016-10-12,HLVT,73.88,59071,CHF
2016-10-12,IBEX,127.03,247188,EUR
2016-10-12,JURA,1678.4,122308,CHF
2016-10-13,ALPN,103.14,167579,CHF
2016-10-13,BRGN,233.69,356239,CHF
2016-10-13,CRYS,35.66,316827,CHF
2016-10-13,DELT,80.81,226588,EUR
2016-10-13,EDLW,51.95,248279,CHF
2016-10-13,FJRD,34.41,72563,USD
2016-10-13,HLVT,73.07,171178,CHF
2016-10-13,IBEX,125.58,225916,EUR
2016-10-13,JURA,1677.44,351644,CHF
2016-10-14,ALPN,100.55,287716,CHF
2016-10-14,BRGN,225.3,98216,CHF
2016-10-14,CRYS,35.19,375116,CHF
2016-10-14,DELT,79.31,237971,EUR
2016-10-14,EDLW,52.86,284158,CHF
2016-10-14,FJRD,34.53,73636,USD
2016-10-14,HLVT,73.49,369656,CHF
2016-10-14,IBEX,126.42,334187,EUR
2016-10-14,JURA,1659.05,338987,CHF
2016-10-17,ALPN,99.61,20139,CHF
2016-10-17,BRGN,227.33,381445,CHF
2016-10-17,CRYS,34.38,227863,CHF
2016-10-17,DELT,79.14,239605,EUR
2016-10-17,EDLW,52.63,346804,CHF
2016-10-17,FJRD,34.94,397612,USD
2016-10-17,HLVT,74.41,176854,CHF
2016-10-17,IBEX,124.99,122039,EUR
2016-10-17,JURA,1634.89,280724,CHF
2016-10-18,ALPN,98.35,317496,CHF
2016-10-18,BRGN,227.16,138103,CHF
2016-10-18,CRYS,34.41,317843,CHF
2016-10-18,DELT,78.79,155059,EUR
2016-10-18,EDLW,51.61,145067,CHF
2016-10-18,FJRD,35.22,238611,USD
2016-10-18,HLVT,75.24,279400,CHF
2016-10-18,IBEX,125.21,158784,EUR
2016-10-18,JURA,1643.13,234728,CHF
2016-10-19,ALPN,98.17,125118,CHF
2016-10-19,BRGN,229.86,177577,CHF
2016-10-19,CRYS,35.62,157799,CHF
2016-10-19,DELT,80.84,384376,EUR
2016-10-19,EDLW,51.69,218424,CHF
2016-10-19,FJRD,35.69,157094,USD
2016-10-19,HLVT,77.24,177112,CHF
2016-10-19,IBEX,125.95,211423,EUR
2016-10-19,JURA,1638.15,314195,CHF
2016-10-20,ALPN,99.07,43126,CHF
2016-10-20,BRGN,230.93,253913,CHF
2016-10-20,CRYS,35.23,272841,CHF
2016-10-20,DELT,80.35,111057,EUR
2016-10-20,EDLW,51.89,126716,CHF
2016-10-20,FJRD,36.04,328081,USD
2016-10-20,HLVT,77.81,120419,CHF
2016-10-20,IBEX,127.49,312260,EUR
2016-10-20,JURA,1655.95,152902,CHF
2016-10-21,ALPN,99.94,189338,CHF
2016-10-21,BRGN,232.95,261264,CHF
2016-10-21,CRYS,34.97,196246,CHF
2016-10-21,DELT,80.09,237761,EUR
2016-10-21,EDLW,51.68,193013,CHF
2016-10-21,FJRD,36.22,201762,USD
2016-10-21,HLVT,76.78,49503,CHF
2016-10-21,IBEX,124.83,372337,EUR
2016-10-21,JURA,1666.37,237737,CHF
2016-10-24,ALPN,101.35,111050,CHF
2016-10-24,BRGN,232.19,380560,CHF
2016-10-24,CRYS,35.2,46745,CHF
2016-10-24,DELT,81.07,69075,EUR
2016-10-24,EDLW,51.67,237987,CHF
2016-10-24,FJRD,37.45,232731,USD
2016-10-24,HLVT,77.13,323260,CHF
2016-10-24,IBEX,124.16,197311,EUR
2016-10-24,JURA,1679.55,230193,CHF
2016-10-25,ALPN,98.98,230713,CHF
2016-10-25,BRGN,232.06,282507,CHF
2016-10-25,CRYS,36.18,213687,CHF
2016-10-25,DELT,80.57,352723,EUR
2016-10-25,EDLW,51.63,331781,CHF
2016-10-25,FJRD,37.44,203353,USD
2016-10-25,HLVT,77.62,398066,CHF
2016-10-25,IBEX,122.21,183633,EUR
2016-10-25,JURA,1676.37,73315,CHF
2016-10-26,ALPN,100.43,321582,CHF
2016-10-26,BRGN,228.91,93734,CHF
2016-10-26,CRYS,36.24,66183,CHF
2016-10-26,DELT,82.0,222259,EUR
2016-10-26,EDLW,51.44,380434,CHF
2016-10-26,FJRD,37.72,372672,USD
2016-10-26,HLVT,79.1,65132,CHF
2016-10-26,IBEX,126.23,116529,EUR
2016-10-26,JURA,1675.36,248444,CHF
2016-10-27,ALPN,96.61,53586,CHF
2016-10-27,CRYS,34.83,194571,CHF
2016-10-27,DELT,80.46,154794,EUR
2016-10-27,EDLW,50.86,383083,CHF
2016-10-27,FJRD,36.49,166581,USD
2016-10-27,HLVT,77.78,232879,CHF
2016-10-27,IBEX,123.07,122330,EUR
2016-10-27,JURA,1641.75,357018,CHF
2016-10-28,ALPN,95.76,392579,CHF
2016-10-28,BRGN,227.74,105331,CHF
2016-10-28,CRYS,35.41,51226,CHF
2016-10-28,DELT,81.65,243461,EUR
2016-10-28,EDLW,50.86,67486,CHF
2016-10-28,FJRD,36.01,318933,USD
2016-10-28,HLVT,79.95,245462,CHF
2016-10-28,IBEX,123.58,398494,EUR
2016-10-28,JURA,1679.49,399484,CHF
2016-10-31,ALPN,98.01,116275,CHF
2016-10-31,BRGN,230.43,48684,CHF
2016-10-31,CRYS,35.87,208922,CHF
2016-10-31,DELT,83.4,248305,EUR
2016-10-31,EDLW,50.34,265498,CHF
2016-10-31,FJRD,36.85,164895,USD
2016-10-31,HLVT,82.28,209470,CHF
2016-10-31,IBEX,126.62,113317,EUR
2016-10-31,JURA,1684.35,172896,CHF
2016-11-01,ALPN,97.32,112738,CHF
2016-11-01,BRGN,226.97,249007,CHF
2016-11-01,CRYS,36.06,156977,CHF
2016-11-01,DELT,83.82,227670,EUR
2016-11-01,EDLW,51.4,129255,CHF
2016-11-01,FJRD,36.46,326321,USD
2016-11-01,HLVT,83.31,89597,CHF
2016-11-01,IBEX,124.84,305073,EUR
2016-11-01,JURA,1675.66,45737,CHF
2016-11-02,ALPN,97.51,143257,CHF
2016-11-02,BRGN,229.39,321609,CHF
2016-11-02,CRYS,36.05,399379,CHF
2016-11-02,DELT,84.28,259095,EUR
2016-11-02,EDLW,51.4,179441,CHF
2016-11-02,FJRD,36.06,79074,USD
2016-11-02,HLVT,84.13,108356,CHF
2016-11-02,IBEX,124.08,284962,EUR
2016-11-02,JURA,1632.33,307127,CHF
2016-11-03,ALPN,98.06,88496,CHF
2016-11-03,BRGN,226.79,141706,CHF
2016-11-03,CRYS,35.77,105596,CHF
2016-11-03,DELT,85.21,317797,EUR
2016-11-03,EDLW,50.75,345258,CHF
2016-11-03,FJRD,36.21,366467,USD
2016-11-03,HLVT,85.07,123832,CHF
2016-11-03,IBEX,125.73,310156,EUR
2016-11-03,JURA,1648.09,72112,CHF
2016-11-04,ALPN,98.11,379821,CHF
2016-11-04,BRGN,228.28,298709,CHF
2016-11-04,CRYS,34.66,94186,CHF
2016-11-04,EDLW,50.34,141767,CHF
2016-11-04,FJRD,35.72,201325,USD
2016-11-04,HLVT,84.45,333442,CHF
2016-11-04,IBEX,125.98,149415,EUR
2016-11-04,JURA,1646.24,314352,CHF
2016-11-07,ALPN,100.98,22651,CHF
2016-11-07,BRGN,233.7,232311,CHF
2016-11-07,CRYS,34.54,190811,CHF
2016-11-07,DELT,87.61,202550,EUR
2016-11-07,EDLW,50.87,159123,CHF
2016-11-07,FJRD,36.68,289959,USD
2016-11-07,HLVT,86.92,184024,CHF
2016-11-07,IBEX,127.24,108395,EUR
2016-11-07,JURA,1670.53,87017,CHF
2016-11-08,ALPN,100.97,292717,CHF
2016-11-08,BRGN,235.3,47453,CHF
2016-11-08,CRYS,33.97,360177,CHF
2016-11-08,DELT,86.71,42555,EUR
2016-11-08,EDLW,49.55,79636,CHF
2016-11-08,FJRD,36.9,330437,USD
2016-11-08,HLVT,85.89,193945,CHF
2016-11-08,IBEX,124.88,305190,EUR
2016-11-08,JURA,1'651.96,366617,CHF
2016-11-09,ALPN,99.99,170073,CHF
2016-11-09,BRGN,231.17,129819,CHF
2016-11-09,CRYS,33.59,258881,CHF
2016-11-09,DELT,86.13,230028,EUR
2016-11-09,EDLW,48.01,109622,CHF
2016-11-09,FJRD,36.92,197029,USD
2016-11-09,HLVT,84.65,157199,CHF
2016-11-09,IBEX,120.6,389765,EUR
2016-11-09,JURA,1630.15,172955,CHF
2016-11-10,ALPN,98.76,116985,CHF
2016-11-10,BRGN,235.51,273955,CHF
2016-11-10,CRYS,33.74,234460,CHF
2016-11-10,DELT,85.02,116231,EUR
2016-11-10,EDLW,48.87,318511,CHF
2016-11-10,FJRD,37.41,188150,USD
2016-11-10,HLVT,83.39,215909,CHF
2016-11-10,IBEX,120.82,97055,EUR
2016-11-10,JURA,1641.84,81151,CHF
2016-11-11,ALPN,100.4,51450,CHF
2016-11-11,BRGN,237.19,365950,CHF
2016-11-11,CRYS,33.51,265135,CHF
2016-11-11,DELT,85.81,267084,EUR
2016-11-11,EDLW,49.59,297825,CHF
2016-11-11,FJRD,38.11,364112,USD
2016-11-11,HLVT,83.95,35497,CHF
2016-11-11,IBEX,123.62,392888,EUR
2016-11-11,JURA,1619.96,267484,CHF
2016-11-14,ALPN,98.14,252989,CHF
2016-11-14,BRGN,238.57,123363,CHF
2016-11-14,CRYS,33.65,323883,CHF
2016-11-14,DELT,86.13,348374,EUR
2016-11-14,EDLW,50.05,190218,CHF
2016-11-14,FJRD,37.35,160996,USD
2016-11-14,HLVT,83.26,347425,CHF
2016-11-14,IBEX,122.79,394758,EUR
2016-11-14,JURA,1626.65,41966,CHF
2016-11-15,ALPN,95.95,111540,CHF
2016-11-15,BRGN,238.72,231653,CHF
2016-11-15,CRYS,33.45,141098,CHF
2016-11-15,DELT,86.34,154249,EUR
2016-11-15,EDLW,49.66,315000,CHF
2016-11-15,FJRD,36.42,94172,USD
2016-11-15,HLVT,82.58,330358,CHF
2016-11-15,IBEX,121.45,202312,EUR
2016-11-15,JURA,1618.13,314638,CHF
2016-11-16,ALPN,94.83,76481,CHF
2016-11-16,BRGN,240.39,277437,CHF
2016-11-16,CRYS,34.28,28745,CHF
2016-11-16,DELT,86.79,355747,EUR
2016-11-16,EDLW,50.16,226308,CHF
2016-11-16,FJRD,36.6,306187,USD
2016-11-16,HLVT,85.2,287290,CHF
2016-11-16,IBEX,121.41,68197,EUR
2016-11-16,JURA,1637.96,206353,CHF
2016-11-17,ALPN,96.21,288479,CHF
2016-11-17,BRGN,250.48,399067,CHF
2016-11-17,CRYS,35.34,297125,CHF
2016-11-17,DELT,87.92,334275,EUR
2016-11-17,EDLW,50.84,347363,CHF
2016-11-17,FJRD,37.03,113815,USD
2016-11-17,HLVT,85.92,269125,CHF
2016-11-17,IBEX,123.88,105551,EUR
2016-11-17,JURA,1654.51,342800,CHF
2016-11-18,ALPN,95.35,309791,CHF
2016-11-18,BRGN,250.55,259476,CHF
2016-11-18,CRYS,34.68,137423,CHF
2016-11-18,DELT,88.47,294164,EUR
2016-11-18,EDLW,51.78,108799,CHF
2016-11-18,FJRD,36.74,90276,USD
2016-11-18,HLVT,87.09,328674,CHF
2016-11-18,IBEX,123.67,25900,EUR
2016-11-18,JURA,1628.89,124969,CHF
2016-11-21,ALPN,97.96,57991,CHF
2016-11-21,BRGN,245.9,279231,CHF
2016-11-21,CRYS,34.95,233979,CHF
2016-11-21,DELT,90.46,367516,EUR
2016-11-21,EDLW,51.69,319173,CHF
2016-11-21,FJRD,36.98,134826,USD
2016-11-21,HLVT,87.45,32002,CHF
2016-11-21,IBEX,123.07,204446,EUR
2016-11-21,JURA,1645.61,109031,CHF
2016-11-22,ALPN,97.89,279993,CHF
2016-11-22,BRGN,243.75,381750,CHF
2016-11-22,CRYS,35.37,261110,CHF
2016-11-22,DELT,90.75,186831,EUR
2016-11-22,EDLW,52.32,124435,CHF
2016-11-22,FJRD,37.28,201923,USD
2016-11-22,HLVT,87.87,396422,CHF
2016-11-22,IBEX,123.8,197365,EUR
2016-11-22,JURA,1671.08,299006,CHF
2016-11-23,ALPN,98.49,242854,CHF
2016-11-23,BRGN,246.01,217424,CHF
2016-11-23,CRYS,35.79,192529,CHF
2016-11-23,DELT,92.8,244073,EUR
2016-11-23,EDLW,51.86,31895,CHF
2016-11-23,FJRD,37.71,39556,USD
2016-11-23,HLVT,88.12,330306,CHF
2016-11-23,IBEX,125.03,47666,EUR
2016-11-23,JURA,1653.33,70020,CHF
2016-11-24,ALPN,99.54,152740,CHF
2016-11-24,BRGN,245.11,229729,CHF
2016-11-24,CRYS,36.52,201228,CHF
2016-11-24,DELT,93.34,381098,EUR
2016-11-24,EDLW,51.1,94152,CHF
2016-11-24,FJRD,37.43,26444,USD
2016-11-24,HLVT,88.24,315427,CHF
2016-11-24,IBEX,125.88,105659,EUR
2016-11-24,JURA,1682.64,22625,CHF
2016-11-25,ALPN,101.51,153163,CHF
2016-11-25,BRGN,242.49,307233,CHF
2016-11-25,CRYS,36.04,191239,CHF
2016-11-25,DELT,94.12,104299,EUR
2016-11-25,EDLW,50.74,249196,CHF
2016-11-25,FJRD,37.23,119183,USD
2016-11-25,HLVT,87.29,124680,CHF
2016-11-25,IBEX,128.86,120717,EUR
2016-11-25,JURA,1692.56,294564,CHF
2016-11-28,ALPN,103.21,388820,CHF
2016-11-28,BRGN,252.08,70764,CHF
2016-11-28,CRYS,36.46,72815,CHF
2016-11-28,DELT,96.08,140334,EUR
2016-11-28,EDLW,50.99,38916,CHF
2016-11-28,FJRD,38.51,59565,USD
2016-11-28,HLVT,88.45,92789,CHF
2016-11-28,IBEX,131.63,233698,EUR
2016-11-28,JURA,1687.55,345159,CHF
2016-11-29,ALPN,102.71,51279,CHF
2016-11-29,BRGN,250.13,157819,CHF
2016-11-29,CRYS,36.03,343154,CHF
2016-11-29,DELT,94.72,350881,EUR
2016-11-29,EDLW,49.65,254896,CHF
2016-11-29,FJRD,37.9,56225,USD
2016-11-29,HLVT,88.86,173743,CHF
2016-11-29,IBEX,131.22,297171,EUR
2016-11-29,JURA,1694.31,338121,CHF
2016-11-30,ALPN,101.76,66489,CHF
2016-11-30,BRGN,252.86,246550,CHF
2016-11-30,CRYS,36.22,247313,CHF
2016-11-30,DELT,94.73,148484,EUR
2016-11-30,EDLW,50.16,140109,CHF
2016-11-30,FJRD,37.68,378244,USD
2016-11-30,HLVT,87.31,365325,CHF
2016-11-30,IBEX,132.71,186035,EUR
2016-11-30,JURA,1688.18,60820,CHF
2016-12-01,ALPN,103.13,189354,CHF
2016-12-01,BRGN,253.68,80872,CHF
2016-12-01,CRYS,36.58,282790,CHF
2016-12-01,DELT,95.93,47891,EUR
2016-12-01,EDLW,51.25,84930,CHF
2016-12-01,FJRD,38.91,149735,USD
2016-12-01,HLVT,90.41,123227,CHF
2016-12-01,IBEX,135.47,97843,EUR
2016-12-01,JURA,1696.83,95106,CHF
2016-12-02,ALPN,101.28,246369,CHF
2016-12-02,BRGN,252.56,153641,CHF
2016-12-02,DELT,96.14,331845,EUR
2016-12-02,EDLW,50.84,230287,CHF
2016-12-02,FJRD,38.42,371525,USD
2016-12-02,HLVT,89.02,80790,CHF
2016-12-02,IBEX,134.19,83327,EUR
2016-12-02,JURA,1708.69,203590,CHF
2016-12-05,ALPN,100.57,38371,CHF
2016-12-05,BRGN,254.27,385550,CHF
2016-12-05,CRYS,35.07,220129,CHF
2016-12-05,DELT,96.45,309337,EUR
2016-12-05,EDLW,51.1,199721,CHF
2016-12-05,FJRD,37.67,327033,USD
2016-12-05,HLVT,88.71,44447,CHF
2016-12-05,IBEX,131.86,267860,EUR
2016-12-05,JURA,1665.54,289105,CHF
2016-12-06,ALPN,99.05,251384,CHF
2016-12-06,BRGN,254.23,235802,CHF
2016-12-06,CRYS,34.37,98533,CHF
2016-12-06,DELT,96.66,257061,EUR
2016-12-06,EDLW,51.32,277936,CHF
2016-12-06,FJRD,38.03,262064,USD
2016-12-06,HLVT,89.59,355957,CHF
2016-12-06,IBEX,130.7,62981,EUR
2016-12-06,JURA,1'688.07,311317,CHF
2016-12-07,ALPN,101.2,201935,CHF
2016-12-07,BRGN,258.76,181367,CHF
2016-12-07,CRYS,34.65,24997,CHF
2016-12-07,DELT,99.28,158739,EUR
2016-12-07,EDLW,52.3,72786,CHF
2016-12-07,FJRD,37.91,132883,USD
2016-12-07,HLVT,91.01,333514,CHF
2016-12-07,IBEX,132.21,59618,EUR
2016-12-07,JURA,1702.04,335200,CHF
2016-12-08,ALPN,103.24,325448,CHF
2016-12-08,BRGN,262.46,304848,CHF
2016-12-08,CRYS,34.88,320619,CHF
2016-12-08,DELT,99.98,73111,EUR
2016-12-08,EDLW,51.73,136169,CHF
2016-12-08,FJRD,38.69,58705,USD
2016-12-08,HLVT,90.91,386714,CHF
2016-12-08,IBEX,131.87,86539,EUR
2016-12-08,JURA,1705.96,259110,CHF
2016-12-09,BRGN,263.53,252630,CHF
2016-12-09,CRYS,35.83,278960,CHF
2016-12-09,DELT,99.0,341591,EUR
2016-12-09,EDLW,50.77,270547,CHF
2016-12-09,FJRD,39.23,78658,USD
2016-12-09,HLVT,90.75,81178,CHF
2016-12-09,IBEX,130.6,93712,EUR
2016-12-09,JURA,1684.17,231079,CHF
2016-12-12,ALPN,102.93,376467,CHF
2016-12-12,BRGN,264.07,184186,CHF
2016-12-12,CRYS,35.54,30564,CHF
2016-12-12,DELT,98.17,153674,EUR
2016-12-12,EDLW,50.01,360145,CHF
2016-12-12,FJRD,38.08,395130,USD
2016-12-12,HLVT,90.74,95077,CHF
2016-12-12,IBEX,130.94,253593,EUR
2016-12-12,JURA,1664.6,145704,CHF
2016-12-13,ALPN,104.35,97540,CHF
2016-12-13,BRGN,266.49,97453,CHF
2016-12-13,CRYS,35.76,156791,CHF
2016-12-13,DELT,97.61,213853,EUR
2016-12-13,EDLW,50.65,30004,CHF
2016-12-13,FJRD,38.46,368871,USD
2016-12-13,HLVT,91.38,156579,CHF
2016-12-13,IBEX,131.27,312811,EUR
2016-12-13,JURA,1665.27,346738,CHF
2016-12-14,ALPN,106.65,331698,CHF
2016-12-14,BRGN,266.71,325204,CHF
2016-12-14,CRYS,36.05,223033,CHF
2016-12-14,DELT,98.15,183367,EUR
2016-12-14,EDLW,49.25,22879,CHF
2016-12-14,FJRD,37.98,365602,USD
2016-12-14,HLVT,89.86,100319,CHF
2016-12-14,IBEX,130.87,355582,EUR
2016-12-14,JURA,1670.26,162378,CHF
2016-12-15,ALPN,106.52,102151,CHF
2016-12-15,BRGN,264.47,385042,CHF
2016-12-15,CRYS,37.29,56179,CHF
2016-12-15,DELT,96.04,24052,EUR
2016-12-15,EDLW,50.11,398977,CHF
2016-12-15,FJRD,38.09,299226,USD
2016-12-15,IBEX,129.65,177107,EUR
2016-12-15,JURA,1675.33,164931,CHF
2016-12-16,ALPN,103.52,223727,CHF
2016-12-16,BRGN,261.54,220396,CHF
2016-12-16,CRYS,36.61,394845,CHF
2016-12-16,DELT,96.26,250547,EUR
2016-12-16,EDLW,49.25,302723,CHF
2016-12-16,FJRD,38.15,223879,USD
2016-12-16,HLVT,89.98,185044,CHF
2016-12-16,IBEX,126.5,117291,EUR
2016-12-16,JURA,1688.58,292112,CHF
2016-12-19,ALPN,105.48,161578,CHF
2016-12-19,BRGN,260.37,252206,CHF
2016-12-19,CRYS,36.23,199300,CHF
2016-12-19,DELT,96.19,232812,EUR
2016-12-19,EDLW,50.22,63358,CHF
2016-12-19,FJRD,38.31,139064,USD
2016-12-19,HLVT,89.23,145086,CHF
2016-12-19,IBEX,127.23,179388,EUR
2016-12-19,JURA,1713.51,44897,CHF
2016-12-20,ALPN,105.77,203513,CHF
2016-12-20,BRGN,254.83,106140,CHF
2016-12-20,CRYS,36.36,42325,CHF
2016-12-20,DELT,94.75,97509,EUR
2016-12-20,EDLW,49.54,310911,CHF
2016-12-20,FJRD,37.86,69865,USD
2016-12-20,HLVT,86.99,323437,CHF
2016-12-20,IBEX,126.46,314045,EUR
2016-12-20,JURA,1702.76,181148,CHF
2016-12-21,ALPN,105.49,370252,CHF
2016-12-21,BRGN,253.51,231137,CHF
2016-12-21,CRYS,37.28,317251,CHF
2016-12-21,DELT,92.9,186622,EUR
2016-12-21,EDLW,48.85,83090,CHF
2016-12-21,FJRD,38.35,58763,USD
2016-12-21,HLVT,87.47,287625,CHF
2016-12-21,IBEX,127.05,349887,EUR
2016-12-21,JURA,1703.25,322059,CHF
2016-12-22,ALPN,105.96,282357,CHF
2016-12-22,BRGN,257.23,150255,CHF
2016-12-22,CRYS,37.26,61127,CHF
2016-12-22,DELT,93.59,107542,EUR
2016-12-22,EDLW,49.51,69093,CHF
2016-12-22,FJRD,39.06,42691,USD
2016-12-22,HLVT,88.78,124108,CHF
2016-12-22,IBEX,125.27,113317,EUR
2016-12-22,JURA,1678.29,32364,CHF
2016-12-23,ALPN,104.72,220855,CHF
2016-12-23,BRGN,260.64,22775,CHF
2016-12-23,CRYS,37.53,192236,CHF
2016-12-23,DELT,93.56,200298,EUR
2016-12-23,EDLW,48.72,384089,CHF
2016-12-23,FJRD,38.28,134889,USD
2016-12-23,HLVT,87.59,163741,CHF
2016-12-23,IBEX,125.2,242040,EUR
2016-12-23,JURA,1635.09,371680,CHF
2016-12-26,ALPN,105.94,320622,CHF
2016-12-26,BRGN,257.99,351649,CHF
2016-12-26,CRYS,38.05,363181,CHF
2016-12-26,DELT,93.47,167795,EUR
2016-12-26,EDLW,49.64,70863,CHF
2016-12-26,FJRD,38.2,285900,USD
2016-12-26,HLVT,88.23,374363,CHF
2016-12-26,IBEX,124.39,126062,EUR
2016-12-26,JURA,1640.71,235460,CHF
2016-12-27,ALPN,106.36,83107,CHF
2016-12-27,BRGN,257.47,238468,CHF
2016-12-27,CRYS,38.13,338646,CHF
2016-12-27,DELT,93.07,60455,EUR
2016-12-27,EDLW,48.55,317914,CHF
2016-12-27,FJRD,37.62,349998,USD
2016-12-27,HLVT,88.41,304135,CHF
2016-12-27,IBEX,125.53,354786,EUR
2016-12-27,JURA,1634.68,247876,CHF
2016-12-28,ALPN,108.74,139283,CHF
2016-12-28,BRGN,263.68,227080,CHF
2016-12-28,CRYS,38.95,185606,CHF
2016-12-28,DELT,94.02,257057,EUR
2016-12-28,EDLW,48.27,122082,CHF
2016-12-28,FJRD,38.34,338199,USD
2016-12-28,HLVT,90.84,332952,CHF
2016-12-28,IBEX,127.0,125039,EUR
2016-12-28,JURA,1687.27,95269,CHF
2016-12-29,ALPN,109.85,187287,CHF
2016-12-29,BRGN,266.65,110723,CHF
2016-12-29,CRYS,38.91,96545,CHF
2016-12-29,DELT,94.29,115758,EUR
2016-12-29,EDLW,48.46,87832,CHF
2016-12-29,FJRD,38.98,104744,USD
2016-12-29,HLVT,89.7,338772,CHF
2016-12-29,IBEX,124.53,138090,EUR
2016-12-29,JURA,1657.57,364053,CHF
2016-12-30,ALPN,111.92,73316,CHF
2016-12-30,BRGN,272.1,72769,CHF
2016-12-30,CRYS,39.53,213843,CHF
2016-12-30,DELT,95.19,209775,EUR
2016-12-30,EDLW,49.15,181292,CHF
2016-12-30,FJRD,39.39,359584,USD
2016-12-30,HLVT,90.74,235306,CHF
2016-12-30,IBEX,124.42,50297,EUR
2016-12-30,JURA,1678.99,313852,CHF
2017-01-02,ALPN,112.27,259869,CHF
2017-01-02,BRGN,269.6,133072,CHF
2017-01-02,CRYS,39.6,361211,CHF
2017-01-02,DELT,96.5,360584,EUR
2017-01-02,EDLW,49.71,301345,CHF
2017-01-02,FJRD,39.39,41303,USD
2017-01-02,HLVT,90.82,208945,CHF
2017-01-02,IBEX,119.29,244284,EUR
2017-01-02,JURA,1694.68,257911,CHF
2017-01-03,ALPN,111.12,236014,CHF
2017-01-03,BRGN,270.03,214644,CHF
2017-01-03,CRYS,38.49,359033,CHF
2017-01-03,DELT,96.12,165096,EUR
2017-01-03,EDLW,50.03,292936,CHF
2017-01-03,FJRD,38.94,266837,USD
2017-01-03,HLVT,90.96,121900,CHF
2017-01-03,IBEX,119.26,136151,EUR
2017-01-03,JURA,1'706.66,317785,CHF
2017-01-04,ALPN,112.37,212924,CHF
2017-01-04,BRGN,273.18,258310,CHF
2017-01-04,CRYS,38.19,87841,CHF
2017-01-04,DELT,97.26,192539,EUR
2017-01-04,EDLW,49.43,334855,CHF
2017-01-04,FJRD,38.93,318480,USD
2017-01-04,HLVT,91.92,226163,CHF
2017-01-04,IBEX,118.45,375989,EUR
2017-01-04,JURA,1684.74,236289,CHF
2017-01-05,ALPN,109.46,137641,CHF
2017-01-05,BRGN,276.09,247901,CHF
2017-01-05,CRYS,39.06,324171,CHF
2017-01-05,DELT,96.44,292007,EUR
2017-01-05,EDLW,49.61,381047,CHF
2017-01-05,FJRD,38.69,137827,USD
2017-01-05,HLVT,91.1,205969,CHF
2017-01-05,IBEX,120.52,148065,EUR
2017-01-05,JURA,1694.87,30217,CHF
2017-01-06,ALPN,110.86,341731,CHF
2017-01-06,BRGN,279.38,246774,CHF
2017-01-06,CRYS,39.39,294305,CHF
2017-01-06,DELT,97.52,55090,EUR
2017-01-06,EDLW,49.57,231819,CHF
2017-01-06,FJRD,40.26,133991,USD
2017-01-06,HLVT,90.46,283170,CHF
2017-01-06,IBEX,119.72,169905,EUR
2017-01-06,JURA,1720.0,330684,CHF
2017-01-09,ALPN,111.01,162161,CHF
2017-01-09,BRGN,282.79,358292,CHF
2017-01-09,CRYS,40.37,91094,CHF
2017-01-09,DELT,101.04,223862,EUR
2017-01-09,EDLW,50.66,221043,CHF
2017-01-09,HLVT,90.09,240076,CHF
2017-01-09,IBEX,120.01,251677,EUR
2017-01-09,JURA,1754.14,90585,CHF
2017-01-10,ALPN,113.24,157479,CHF
2017-01-10,BRGN,283.41,367075,CHF
2017-01-10,CRYS,41.14,206318,CHF
2017-01-10,DELT,101.83,111613,EUR
2017-01-10,EDLW,51.21,99715,CHF
2017-01-10,FJRD,41.3,283533,USD
2017-01-10,HLVT,92.01,152113,CHF
2017-01-10,IBEX,118.41,38777,EUR
2017-01-10,JURA,1775.91,387909,CHF
2017-01-11,ALPN,112.85,375706,CHF
2017-01-11,BRGN,284.23,370932,CHF
2017-01-11,CRYS,41.64,334974,CHF
2017-01-11,DELT,103.53,262003,EUR
2017-01-11,EDLW,51.34,108248,CHF
2017-01-11,FJRD,41.31,64297,USD
2017-01-11,HLVT,93.64,29000,CHF
2017-01-11,IBEX,118.92,238759,EUR
2017-01-11,JURA,1827.04,30816,CHF
2017-01-12,ALPN,110.49,228418,CHF
2017-01-12,BRGN,278.61,250726,CHF
2017-01-12,CRYS,40.06,62717,CHF
2017-01-12,DELT,103.76,261645,EUR
2017-01-12,EDLW,50.64,68421,CHF
2017-01-12,FJRD,40.35,163872,USD
2017-01-12,HLVT,90.82,39278,CHF
2017-01-12,IBEX,116.69,102240,EUR
2017-01-12,JURA,1836.85,344582,CHF
2017-01-13,ALPN,111.95,392860,CHF
2017-01-13,BRGN,283.94,225681,CHF
2017-01-13,CRYS,41.67,46564,CHF
2017-01-13,DELT,105.51,180936,EUR
2017-01-13,EDLW,51.04,52140,CHF
2017-01-13,FJRD,40.83,397607,USD
2017-01-13,HLVT,92.11,107061,CHF
2017-01-13,IBEX,117.06,157421,EUR
2017-01-13,JURA,1880.23,60841,CHF
2017-01-16,ALPN,110.66,140171,CHF
2017-01-16,BRGN,286.18,236785,CHF
2017-01-16,CRYS,41.64,399437,CHF
2017-01-16,DELT,101.99,68213,EUR
2017-01-16,EDLW,50.79,381755,CHF
2017-01-16,FJRD,39.45,177950,USD
2017-01-16,HLVT,89.92,67938,CHF
2017-01-16,IBEX,110.1,207755,EUR
2017-01-16,JURA,1855.37,131686,CHF
2017-01-17,ALPN,112.97,338314,CHF
2017-01-17,BRGN,290.21,59936,CHF
2017-01-17,CRYS,41.9,300938,CHF
2017-01-17,DELT,102.46,245437,EUR
2017-01-17,EDLW,50.68,205961,CHF
2017-01-17,FJRD,40.1,96796,USD
2017-01-17,HLVT,90.08,344698,CHF
2017-01-17,IBEX,110.19,364616,EUR
2017-01-17,JURA,1832.49,72288,CHF
2017-01-18,ALPN,115.86,171187,CHF
2017-01-18,BRGN,295.78,392190,CHF
2017-01-18,CRYS,41.18,399006,CHF
2017-01-18,DELT,103.82,366069,EUR
2017-01-18,EDLW,51.13,391203,CHF
2017-01-18,FJRD,40.09,250714,USD
2017-01-18,HLVT,92.82,188590,CHF
2017-01-18,IBEX,111.92,301749,EUR
2017-01-18,JURA,1880.42,103735,CHF
2017-01-19,ALPN,116.12,303213,CHF
2017-01-19,BRGN,295.48,228090,CHF
2017-01-19,CRYS,41.55,228352,CHF
2017-01-19,DELT,103.64,268140,EUR
2017-01-19,EDLW,50.47,275347,CHF
2017-01-19,FJRD,40.73,143813,USD
2017-01-19,HLVT,92.08,81822,CHF
2017-01-19,IBEX,113.6,58889,EUR
2017-01-19,JURA,1891.78,222011,CHF
2017-01-20,ALPN,114.8,382504,CHF
2017-01-20,BRGN,292.36,277823,CHF
2017-01-20,CRYS,40.85,257434,CHF
2017-01-20,DELT,101.45,31871,EUR
2017-01-20,EDLW,50.78,281359,CHF
2017-01-20,FJRD,39.84,49421,USD
2017-01-20,HLVT,89.15,188577,CHF
2017-01-20,IBEX,111.21,343507,EUR
2017-01-20,JURA,1902.12,215035,CHF
2017-01-23,ALPN,116.89,243564,CHF
2017-01-23,BRGN,297.45,229488,CHF
2017-01-23,BRGN,297.45,229488,CHF
2017-01-23,CRYS,42.96,295578,CHF
2017-01-23,DELT,106.24,77039,EUR
2017-01-23,EDLW,52.35,269880,CHF
2017-01-23,FJRD,40.7,110035,USD
2017-01-23,HLVT,90.66,385512,CHF
2017-01-23,IBEX,114.28,161548,EUR
2017-01-23,JURA,1937.83,202248,CHF
2017-01-24,ALPN,117.32,290077,CHF
2017-01-24,BRGN,298.71,27426,CHF
2017-01-24,CRYS,43.41,99086,CHF
2017-01-24,DELT,105.33,266947,EUR
2017-01-24,EDLW,52.92,215565,CHF
2017-01-24,FJRD,41.4,376370,USD
2017-01-24,HLVT,90.86,332232,CHF
2017-01-24,IBEX,114.3,301097,EUR
2017-01-24,JURA,1984.4,300264,CHF
2017-01-25,ALPN,115.46,157520,CHF
2017-01-25,BRGN,296.8,164175,CHF
2017-01-25,CRYS,43.85,83649,CHF
2017-01-25,DELT,106.0,300897,EUR
2017-01-25,EDLW,52.35,203891,CHF
2017-01-25,FJRD,40.72,216144,USD
2017-01-25,HLVT,88.44,326011,CHF
2017-01-25,IBEX,115.15,202696,EUR
2017-01-25,JURA,1981.85,242363,CHF
2017-01-26,ALPN,118.56,150535,CHF
2017-01-26,BRGN,304.77,182781,CHF
2017-01-26,CRYS,44.82,177187,CHF
2017-01-26,DELT,108.69,74872,EUR
2017-01-26,EDLW,52.39,214237,CHF
2017-01-26,FJRD,40.6,174415,USD
2017-01-26,HLVT,90.28,217825,CHF
2017-01-26,IBEX,118.82,66016,EUR
2017-01-26,JURA,2008.32,333011,CHF
2017-01-27,ALPN,119.13,110352,CHF
2017-01-27,BRGN,313.85,80287,CHF
2017-01-27,CRYS,46.89,354259,CHF
2017-01-27,DELT,111.69,89863,EUR
2017-01-27,EDLW,54.5,74909,CHF
2017-01-27,FJRD,42.34,369953,USD
2017-01-27,HLVT,93.32,267533,CHF
2017-01-27,IBEX,122.12,187798,EUR
2017-01-27,JURA,2043.37,292571,CHF
2017-01-30,ALPN,117.19,103670,CHF
2017-01-30,BRGN,310.63,230770,CHF
2017-01-30,CRYS,47.51,342610,CHF
2017-01-30,DELT,109.44,242395,EUR
2017-01-30,EDLW,54.58,107480,CHF
2017-01-30,FJRD,41.91,338507,USD
2017-01-30,HLVT,91.18,303485,CHF
2017-01-30,IBEX,120.26,70476,EUR
2017-01-30,JURA,2036.01,354417,CHF
2017-01-31,ALPN,117.62,394208,CHF
2017-01-31,BRGN,312.97,111537,CHF
2017-01-31,CRYS,48.31,49154,CHF
2017-01-31,DELT,112.01,62756,EUR
2017-01-31,EDLW,55.19,97227,CHF
2017-01-31,FJRD,42.08,168435,USD
2017-01-31,HLVT,92.15,252192,CHF
2017-01-31,IBEX,120.17,335692,EUR
2017-01-31,JURA,2'057.86,142435,CHF
2017-02-01,ALPN,116.8,229766,CHF
2017-02-01,BRGN,315.04,348380,CHF
2017-02-01,CRYS,46.23,230845,CHF
2017-02-01,DELT,109.18,271685,EUR
2017-02-01,EDLW,54.75,190467,CHF
2017-02-01,FJRD,41.43,52783,USD
2017-02-01,HLVT,92.62,184865,CHF
2017-02-01,IBEX,120.32,315574,EUR
2017-02-01,JURA,2030.62,81780,CHF
2017-02-02,ALPN,114.02,57780,CHF
2017-02-02,BRGN,312.79,190909,CHF
2017-02-02,CRYS,45.24,29718,CHF
2017-02-02,DELT,108.41,225720,EUR
2017-02-02,EDLW,54.45,118201,CHF
2017-02-02,FJRD,40.7,232048,USD
2017-02-02,HLVT,91.29,209897,CHF
2017-02-02,IBEX,118.29,391514,EUR
2017-02-02,JURA,2017.57,21189,CHF
2017-02-03,ALPN,115.62,222718,CHF
2017-02-03,BRGN,315.47,27435,CHF
2017-02-03,CRYS,45.33,55764,CHF
2017-02-03,DELT,109.93,305331,EUR
2017-02-03,EDLW,53.43,268881,CHF
2017-02-03,FJRD,40.84,333893,USD
2017-02-03,HLVT,89.17,23363,CHF
2017-02-03,IBEX,119.23,187676,EUR
2017-02-03,JURA,2010.42,131357,CHF
2017-02-06,ALPN,118.38,242830,CHF
2017-02-06,BRGN,320.02,151434,CHF
2017-02-06,CRYS,47.46,116113,CHF
2017-02-06,DELT,114.44,302318,EUR
2017-02-06,EDLW,53.66,342186,CHF
2017-02-06,FJRD,42.45,133587,USD
2017-02-06,HLVT,90.0,263385,CHF
2017-02-06,IBEX,122.52,163874,EUR
2017-02-06,JURA,2028.68,127671,CHF
2017-02-07,ALPN,119.89,82270,CHF
2017-02-07,BRGN,320.35,279287,CHF
2017-02-07,CRYS,48.37,258926,CHF
2017-02-07,DELT,116.16,396702,EUR
2017-02-07,EDLW,52.97,285560,CHF
2017-02-07,FJRD,42.94,91899,USD
2017-02-07,HLVT,90.2,148206,CHF
2017-02-07,IBEX,122.02,26047,EUR
2017-02-07,JURA,2080.59,330786,CHF
2017-02-08,ALPN,123.06,58161,CHF
2017-02-08,BRGN,325.99,182729,CHF
2017-02-08,CRYS,49.88,391349,CHF
2017-02-08,DELT,120.58,295587,EUR
2017-02-08,EDLW,53.1,20152,CHF
2017-02-08,FJRD,43.74,178850,USD
2017-02-08,HLVT,92.22,396643,CHF
2017-02-08,IBEX,126.02,336413,EUR
2017-02-08,JURA,2107.66,153373,CHF
2017-02-09,ALPN,125.01,168455,CHF
2017-02-09,BRGN,330.35,179170,CHF
2017-02-09,CRYS,51.06,252505,CHF
2017-02-09,DELT,123.56,247338,EUR
2017-02-09,EDLW,52.58,235207,CHF
2017-02-09,FJRD,42.68,195570,USD
2017-02-09,HLVT,94.62,316557,CHF
2017-02-09,IBEX,125.98,342434,EUR
2017-02-09,JURA,2115.65,31856,CHF
2017-02-10,ALPN,122.57,220232,CHF
2017-02-10,BRGN,329.16,194157,CHF
2017-02-10,CRYS,48.85,384158,CHF
2017-02-10,DELT,122.26,91210,EUR
2017-02-10,EDLW,52.6,124844,CHF
2017-02-10,FJRD,41.68,183943,USD
2017-02-10,HLVT,93.14,70405,CHF
2017-02-10,IBEX,125.96,197022,EUR
2017-02-13,ALPN,121.66,160088,CHF
2017-02-13,BRGN,331.7,336602,CHF
2017-02-13,CRYS,47.82,247510,CHF
2017-02-13,DELT,123.72,102693,EUR
2017-02-13,EDLW,52.72,137292,CHF
2017-02-13,FJRD,40.99,178785,USD
2017-02-13,HLVT,92.3,182750,CHF
2017-02-13,IBEX,123.63,136511,EUR
2017-02-13,JURA,2045.66,293095,CHF
2017-02-14,ALPN,124.68,288066,CHF
2017-02-14,BRGN,338.29,225823,CHF
2017-02-14,CRYS,49.68,211998,CHF
2017-02-14,DELT,126.41,293945,EUR
2017-02-14,EDLW,53.02,261559,CHF
2017-02-14,FJRD,41.47,67630,USD
2017-02-14,HLVT,94.27,296340,CHF
2017-02-14,IBEX,124.12,131452,EUR
2017-02-14,JURA,2078.18,195357,CHF
2017-02-15,ALPN,126.67,189622,CHF
2017-02-15,BRGN,343.3,378178,CHF
2017-02-15,CRYS,50.27,246284,CHF
2017-02-15,DELT,129.83,178688,EUR
2017-02-15,EDLW,53.17,317371,CHF
2017-02-15,FJRD,42.32,279441,USD
2017-02-15,HLVT,97.14,345037,CHF
2017-02-15,IBEX,127.21,337733,EUR
2017-02-15,JURA,2135.38,100680,CHF
2017-02-16,ALPN,125.56,142736,CHF
2017-02-16,BRGN,341.22,291193,CHF
2017-02-16,CRYS,50.1,95241,CHF
2017-02-16,DELT,129.73,237988,EUR
2017-02-16,EDLW,53.06,320508,CHF
2017-02-16,FJRD,42.47,259781,USD
2017-02-16,HLVT,95.59,38362,CHF
2017-02-16,HLVT,95.59,38362,CHF
2017-02-16,IBEX,127.79,321981,EUR
2017-02-16,JURA,2136.58,208163,CHF
2017-02-17,ALPN,125.76,134276,CHF
2017-02-17,BRGN,346.23,195746,CHF
2017-02-17,CRYS,51.8,274171,CHF
2017-02-17,DELT,133.09,113047,EUR
2017-02-17,EDLW,53.03,75559,CHF
2017-02-17,FJRD,43.88,80137,USD
2017-02-17,HLVT,95.54,248134,CHF
2017-02-17,IBEX,129.14,154376,EUR
2017-02-17,JURA,2138.14,96748,CHF
2017-02-20,ALPN,124.53,180456,CHF
2017-02-20,BRGN,351.78,357343,CHF
2017-02-20,CRYS,51.2,146474,CHF
2017-02-20,DELT,133.99,187995,EUR
2017-02-20,EDLW,53.43,390325,CHF
2017-02-20,FJRD,44.35,301787,USD
2017-02-20,HLVT,93.48,373625,CHF
2017-02-20,IBEX,131.56,157398,EUR
2017-02-20,JURA,2123.79,346873,CHF
2017-02-21,ALPN,123.6,86358,CHF
2017-02-21,BRGN,346.77,198049,CHF
2017-02-21,CRYS,52.45,82285,CHF
2017-02-21,DELT,138.97,84355,EUR
2017-02-21,EDLW,53.48,355361,CHF
2017-02-21,FJRD,43.63,310762,USD
2017-02-21,HLVT,97.03,225216,CHF
2017-02-21,IBEX,132.13,290417,EUR
2017-02-21,JURA,2133.48,278623,CHF
2017-02-22,ALPN,120.88,212892,CHF
2017-02-22,BRGN,346.86,313886,CHF
2017-02-22,CRYS,50.76,124583,CHF
2017-02-22,DELT,135.73,221035,EUR
2017-02-22,EDLW,52.26,185304,CHF
2017-02-22,FJRD,42.52,201986,USD
2017-02-22,HLVT,95.12,256831,CHF
2017-02-22,IBEX,127.97,107013,EUR
2017-02-22,JURA,2088.07,89851,CHF
2017-02-23,ALPN,118.79,65328,CHF
2017-02-23,BRGN,349.64,49780,CHF
2017-02-23,CRYS,50.32,233263,CHF
2017-02-23,DELT,135.38,59335,EUR
2017-02-23,EDLW,51.67,62916,CHF
2017-02-23,FJRD,42.75,190332,USD
2017-02-23,HLVT,95.16,43015,CHF
2017-02-23,IBEX,129.07,139554,EUR
2017-02-23,JURA,2090.8,389775,CHF
2017-02-24,ALPN,116.55,238862,CHF
2017-02-24,BRGN,341.88,253963,CHF
2017-02-24,CRYS,48.82,66519,CHF
2017-02-24,DELT,133.0,239051,EUR
2017-02-24,EDLW,51.89,335288,CHF
2017-02-24,FJRD,41.31,367382,USD
2017-02-24,HLVT,95.26,334745,CHF
2017-02-24,IBEX,130.09,153034,EUR
2017-02-24,JURA,2063.44,37916,CHF
2017-02-27,ALPN,114.25,40837,CHF
2017-02-27,BRGN,343.62,175315,CHF
2017-02-27,CRYS,46.76,346645,CHF
2017-02-27,DELT,131.03,315404,EUR
2017-02-27,EDLW,51.87,352327,CHF
2017-02-27,FJRD,40.89,141533,USD
2017-02-27,HLVT,95.1,175903,CHF
2017-02-27,IBEX,129.39,312779,EUR
2017-02-27,JURA,2044.61,42315,CHF
2017-02-28,ALPN,114.68,311786,CHF
2017-02-28,BRGN,351.44,344692,CHF
2017-02-28,CRYS,48.0,303977,CHF
2017-02-28,DELT,132.69,193733,EUR
2017-02-28,EDLW,52.38,71247,CHF
2017-02-28,FJRD,41.65,323046,USD
2017-02-28,HLVT,95.29,221174,CHF
2017-02-28,IBEX,131.86,245341,EUR
2017-02-28,JURA,2069.1,75819,CHF
2017-03-01,ALPN,113.42,213388,CHF
2017-03-01,BRGN,353.66,359688,CHF
2017-03-01,CRYS,47.62,125471,CHF
2017-03-01,DELT,132.19,295848,EUR
2017-03-01,EDLW,53.01,354361,CHF
2017-03-01,FJRD,42.36,277330,USD
2017-03-01,HLVT,94.71,165500,CHF
2017-03-01,IBEX,132.86,261785,EUR
2017-03-01,JURA,2'050.24,75412,CHF
2017-03-02,ALPN,112.02,186192,CHF
2017-03-02,BRGN,361.42,293373,CHF
2017-03-02,CRYS,49.05,24442,CHF
2017-03-02,DELT,133.28,357068,EUR
2017-03-02,EDLW,53.0,60738,CHF
2017-03-02,FJRD,43.18,272929,USD
2017-03-02,HLVT,96.88,204960,CHF
2017-03-02,IBEX,132.89,275174,EUR
2017-03-02,JURA,2072.1,239231,CHF
2017-03-03,ALPN,115.36,143492,CHF
2017-03-03,BRGN,361.44,388102,CHF
2017-03-03,CRYS,50.12,78254,CHF
2017-03-03,DELT,134.89,119287,EUR
2017-03-03,EDLW,54.51,199795,CHF
2017-03-03,FJRD,43.6,193450,USD
2017-03-03,HLVT,98.79,200293,CHF
2017-03-03,IBEX,135.19,66525,EUR
2017-03-06,ALPN,113.59,218462,CHF
2017-03-06,BRGN,357.44,22785,CHF
2017-03-06,CRYS,49.03,61881,CHF
2017-03-06,DELT,133.26,187150,EUR
2017-03-06,EDLW,54.86,361812,CHF
2017-03-06,FJRD,43.32,150596,USD
2017-03-06,HLVT,97.3,370999,CHF
2017-03-06,IBEX,136.06,356795,EUR
2017-03-07,ALPN,111.93,193556,CHF
2017-03-07,BRGN,353.06,126632,CHF
2017-03-07,CRYS,49.15,367850,CHF
2017-03-07,DELT,129.8,107286,EUR
2017-03-07,EDLW,54.73,259870,CHF
2017-03-07,FJRD,42.7,188232,USD
2017-03-07,HLVT,96.02,131897,CHF
2017-03-07,IBEX,133.94,118093,EUR
2017-03-07,JURA,2051.42,198073,CHF
2017-03-08,ALPN,110.97,242358,CHF
2017-03-08,BRGN,347.46,271649,CHF
2017-03-08,CRYS,49.67,304661,CHF
2017-03-08,DELT,128.75,258218,EUR
2017-03-08,EDLW,55.82,152490,CHF
2017-03-08,FJRD,42.53,139280,USD
2017-03-08,HLVT,96.03,204558,CHF
2017-03-08,IBEX,134.08,164619,EUR
2017-03-08,JURA,2051.75,358501,CHF
2017-03-09,ALPN,110.37,175380,CHF
2017-03-09,BRGN,344.42,269480,CHF
2017-03-09,CRYS,49.02,188750,CHF
2017-03-09,DELT,128.5,132972,EUR
2017-03-09,EDLW,56.07,364783,CHF
2017-03-09,FJRD,42.92,86477,USD
2017-03-09,HLVT,94.38,187448,CHF
2017-03-09,IBEX,133.61,202191,EUR
2017-03-09,JURA,2049.48,34946,CHF
2017-03-10,ALPN,111.57,202960,CHF
2017-03-10,BRGN,339.97,194609,CHF
2017-03-10,CRYS,48.94,62684,CHF
2017-03-10,DELT,128.65,250976,EUR
2017-03-10,EDLW,55.74,264162,CHF
2017-03-10,FJRD,42.52,139388,USD
2017-03-10,HLVT,92.78,359102,CHF
2017-03-10,IBEX,133.84,273829,EUR
2017-03-10,JURA,2064.42,294979,CHF
2017-03-13,ALPN,110.81,243595,CHF
2017-03-13,BRGN,341.26,320946,CHF
2017-03-13,CRYS,49.32,55821,CHF
2017-03-13,DELT,129.34,63383,EUR
2017-03-13,EDLW,54.83,75347,CHF
2017-03-13,FJRD,42.51,132413,USD
2017-03-13,HLVT,90.62,31354,CHF
2017-03-13,IBEX,131.9,334730,EUR
2017-03-13,JURA,2077.22,74297,CHF
2017-03-14,ALPN,112.21,86852,CHF
2017-03-14,BRGN,340.46,236745,CHF
2017-03-14,CRYS,51.14,235894,CHF
2017-03-14,DELT,13224.0,62336,EUR
2017-03-14,EDLW,56.35,143701,CHF
2017-03-14,FJRD,44.47,145559,USD
2017-03-14,HLVT,93.4,320106,CHF
2017-03-14,IBEX,134.14,289857,EUR
2017-03-14,JURA,2098.13,308696,CHF
2017-03-15,ALPN,111.2,137631,CHF
2017-03-15,BRGN,345.71,348346,CHF
2017-03-15,CRYS,51.22,390169,CHF
2017-03-15,DELT,130.52,31392,EUR
2017-03-15,EDLW,55.41,289641,CHF
2017-03-15,FJRD,43.93,235891,USD
2017-03-15,HLVT,91.97,123132,CHF
2017-03-15,IBEX,133.32,91353,EUR
2017-03-15,JURA,2071.46,80672,CHF
2017-03-16,ALPN,110.88,368751,CHF
2017-03-16,BRGN,350.04,172664,CHF
2017-03-16,CRYS,51.48,121853,CHF
2017-03-16,DELT,130.01,126110,EUR
2017-03-16,EDLW,55.6,204542,CHF
2017-03-16,FJRD,43.62,88739,USD
2017-03-16,HLVT,91.9,321969,CHF
2017-03-16,IBEX,133.95,257436,EUR
2017-03-16,JURA,2039.15,274531,CHF
2017-03-17,ALPN,110.7,46999,CHF
2017-03-17,BRGN,346.07,313085,CHF
2017-03-17,CRYS,51.55,44010,CHF
2017-03-17,DELT,127.69,199187,EUR
2017-03-17,EDLW,54.49,234835,CHF
2017-03-17,FJRD,42.7,161326,USD
2017-03-17,HLVT,90.53,377786,CHF
2017-03-17,IBEX,133.38,249651,EUR
2017-03-17,JURA,1940.29,378650,CHF
2017-03-20,ALPN,111.42,382430,CHF
2017-03-20,BRGN,348.02,52225,CHF
2017-03-20,CRYS,50.67,291604,CHF
2017-03-20,DELT,128.85,309927,EUR
2017-03-20,EDLW,54.9,378083,CHF
2017-03-20,FJRD,41.08,186906,USD
2017-03-20,HLVT,88.84,169266,CHF
2017-03-20,IBEX,135.67,284823,EUR
2017-03-20,JURA,1938.77,126451,CHF
2017-03-21,ALPN,111.39,361936,CHF
2017-03-21,BRGN,349.49,23059,CHF
2017-03-21,CRYS,49.74,94158,CHF
2017-03-21,DELT,131.5,58343,EUR
2017-03-21,EDLW,55.61,331724,CHF
2017-03-21,FJRD,41.35,237730,USD
2017-03-21,HLVT,88.08,56312,CHF
2017-03-21,IBEX,139.76,167034,EUR
2017-03-21,JURA,1974.37,249301,CHF
2017-03-22,ALPN,110.5,283006,CHF
2017-03-22,BRGN,354.04,325094,CHF
2017-03-22,CRYS,50.01,343249,CHF
2017-03-22,DELT,127.88,89632,EUR
2017-03-22,EDLW,55.51,138538,CHF
2017-03-22,FJRD,41.48,58714,USD
2017-03-22,HLVT,87.65,28881,CHF
2017-03-22,IBEX,137.66,251025,EUR
2017-03-22,JURA,1968.41,367061,CHF
2017-03-23,ALPN,111.62,211130,CHF
2017-03-23,BRGN,354.05,315590,CHF
2017-03-23,CRYS,50.03,246107,CHF
2017-03-23,DELT,127.63,356401,EUR
2017-03-23,EDLW,56.0,355415,CHF
2017-03-23,FJRD,41.8,155501,USD
2017-03-23,HLVT,88.32,340309,CHF
2017-03-23,IBEX,138.91,197543,EUR
2017-03-23,JURA,1972.02,321982,CHF
2017-03-24,ALPN,108.7,201976,CHF
2017-03-24,BRGN,351.45,145012,CHF
2017-03-24,CRYS,49.86,160396,CHF
2017-03-24,DELT,127.84,271145,EUR
2017-03-24,EDLW,55.45,224271,CHF
2017-03-24,FJRD,41.88,216199,USD
2017-03-24,HLVT,88.32,363085,CHF
2017-03-24,IBEX,137.81,86302,EUR
2017-03-24,JURA,1965.16,259473,CHF
2017-03-27,ALPN,112.14,31985,CHF
2017-03-27,BRGN,358.48,73225,CHF
2017-03-27,CRYS,50.85,156861,CHF
2017-03-27,DELT,130.81,173316,EUR
2017-03-27,EDLW,56.92,72848,CHF
2017-03-27,FJRD,42.68,278489,USD
2017-03-27,HLVT,87.24,35363,CHF
2017-03-27,IBEX,139.46,378045,EUR
2017-03-27,JURA,2010.73,334554,CHF
2017-03-28,ALPN,111.87,317548,CHF
2017-03-28,BRGN,366.99,237657,CHF
2017-03-28,CRYS,52.81,83127,CHF
2017-03-28,DELT,133.09,196659,EUR
2017-03-28,EDLW,56.73,197351,CHF
2017-03-28,FJRD,42.59,208541,USD
2017-03-28,HLVT,88.77,259854,CHF
2017-03-28,IBEX,140.26,197923,EUR
2017-03-28,JURA,2049.19,314076,CHF
2017-03-29,ALPN,113.28,136797,CHF
2017-03-29,BRGN,371.41,296571,CHF
2017-03-29,CRYS,52.65,229556,CHF
2017-03-29,DELT,133.33,91227,EUR
2017-03-29,EDLW,57.19,232117,CHF
2017-03-29,FJRD,43.11,262204,USD
2017-03-29,HLVT,87.78,156548,CHF
2017-03-29,IBEX,137.72,301637,EUR
2017-03-29,JURA,2039.49,100780,CHF
2017-03-30,ALPN,113.27,254161,CHF
2017-03-30,BRGN,377.12,352894,CHF
2017-03-30,CRYS,53.04,129330,CHF
2017-03-30,DELT,137.05,328012,EUR
2017-03-30,EDLW,58.99,378321,CHF
2017-03-30,FJRD,43.89,347287,USD
2017-03-30,HLVT,89.41,165478,CHF
2017-03-30,IBEX,138.76,112512,EUR
2017-03-30,JURA,2043.14,167398,CHF
2017-03-31,ALPN,117.5,343256,CHF
2017-03-31,BRGN,384.57,202762,CHF
2017-03-31,CRYS,54.81,214086,CHF
2017-03-31,DELT,138.69,124619,EUR
2017-03-31,EDLW,59.22,38913,CHF
2017-03-31,FJRD,45.07,320824,USD
2017-03-31,HLVT,91.17,195308,CHF
2017-03-31,IBEX,143.51,131372,EUR
2017-03-31,JURA,2'113.04,271315,CHF
2017-04-03,ALPN,116.87,38897,CHF
2017-04-03,BRGN,379.88,99670,CHF
2017-04-03,CRYS,54.71,281864,CHF
2017-04-03,DELT,139.07,122789,EUR
2017-04-03,EDLW,59.57,167459,CHF
2017-04-03,FJRD,45.49,269021,USD
2017-04-03,HLVT,91.27,151427,CHF
2017-04-03,IBEX,142.89,356247,EUR
2017-04-03,JURA,2136.69,160362,CHF
2017-04-04,ALPN,117.71,144357,CHF
2017-04-04,BRGN,379.97,167652,CHF
2017-04-04,CRYS,54.62,98103,CHF
2017-04-04,DELT,138.03,95472,EUR
2017-04-04,EDLW,59.07,352423,CHF
2017-04-04,FJRD,45.49,329707,USD
2017-04-04,HLVT,92.1,85382,CHF
2017-04-04,IBEX,142.21,246398,EUR
2017-04-04,JURA,2153.27,24288,CHF
2017-04-05,ALPN,118.4,173347,CHF
2017-04-05,BRGN,381.71,230018,CHF
2017-04-05,CRYS,54.89,47028,CHF
2017-04-05,DELT,136.45,384188,EUR
2017-04-05,EDLW,58.63,341010,CHF
2017-04-05,FJRD,45.37,266797,USD
2017-04-05,HLVT,93.41,45876,CHF
2017-04-05,IBEX,142.76,355370,EUR
2017-04-05,JURA,2171.53,72335,CHF
2017-04-06,ALPN,117.81,51747,CHF
2017-04-06,BRGN,387.18,146647,CHF
2017-04-06,CRYS,55.46,210396,CHF
2017-04-06,DELT,139.74,41092,EUR
2017-04-06,EDLW,59.01,214182,CHF
2017-04-06,FJRD,46.0,65917,USD
2017-04-06,HLVT,95.19,357484,CHF
2017-04-06,IBEX,144.63,378255,EUR
2017-04-06,JURA,2193.59,247155,CHF
2017-04-07,ALPN,114.55,263017,CHF
2017-04-07,BRGN,391.27,316141,CHF
2017-04-07,CRYS,53.39,47906,CHF
2017-04-07,DELT,138.13,41593,EUR
2017-04-07,EDLW,58.03,94182,CHF
2017-04-07,FJRD,45.36,237630,USD
2017-04-07,HLVT,91.37,186905,CHF
2017-04-07,IBEX,139.16,203729,EUR
2017-04-07,JURA,2175.49,276423,CHF
2017-04-10,ALPN,111.48,148398,CHF
2017-04-10,BRGN,390.23,40396,CHF
2017-04-10,CRYS,52.64,178267,CHF
2017-04-10,DELT,134.54,39344,EUR
2017-04-10,EDLW,57.85,76441,CHF
2017-04-10,FJRD,44.07,136139,USD
2017-04-10,HLVT,89.73,384807,CHF
2017-04-10,IBEX,134.46,110303,EUR
2017-04-10,JURA,2164.13,66429,CHF
2017-04-11,ALPN,111.77,294030,CHF
2017-04-11,BRGN,393.04,162400,CHF
2017-04-11,CRYS,51.37,137735,CHF
2017-04-11,DELT,132.54,196869,EUR
2017-04-11,EDLW,58.68,380861,CHF
2017-04-11,FJRD,43.89,53189,USD
2017-04-11,HLVT,90.76,41079,CHF
2017-04-11,IBEX,133.11,246362,EUR
2017-04-11,JURA,2115.09,354677,CHF
2017-04-12,ALPN,112.7,182028,CHF
2017-04-12,BRGN,401.67,336708,CHF
2017-04-12,CRYS,52.3,111678,CHF
2017-04-12,DELT,135.57,282814,EUR
2017-04-12,EDLW,60.3,123501,CHF
2017-04-12,FJRD,45.18,217393,USD
2017-04-12,HLVT,92.47,33311,CHF
2017-04-12,IBEX,133.43,110371,EUR
2017-04-12,JURA,2147.7,206550,CHF
2017-04-13,ALPN,112.07,213430,CHF
2017-04-13,BRGN,406.55,283201,CHF
2017-04-13,CRYS,53.07,311668,CHF
2017-04-13,DELT,135.35,157453,EUR
2017-04-13,EDLW,60.73,166165,CHF
2017-04-13,FJRD,46.13,269702,USD
2017-04-13,HLVT,93.24,164706,CHF
2017-04-13,IBEX,135.25,170824,EUR
2017-04-13,JURA,2174.52,128185,CHF
2017-04-14,ALPN,113.04,65003,CHF
2017-04-14,BRGN,405.96,363771,CHF
2017-04-14,CRYS,53.25,298137,CHF
2017-04-14,DELT,136.47,261132,EUR
2017-04-14,EDLW,61.54,196913,CHF
2017-04-14,FJRD,47.35,205020,USD
2017-04-14,HLVT,94.22,304147,CHF
2017-04-14,IBEX,137.99,83499,EUR
2017-04-14,JURA,2181.89,302370,CHF
2017-04-17,ALPN,112.85,271003,CHF
2017-04-17,BRGN,404.72,32759,CHF
2017-04-17,CRYS,52.7,178133,CHF
2017-04-17,DELT,134.61,225652,EUR
2017-04-17,EDLW,60.24,68879,CHF
2017-04-17,FJRD,45.36,99065,USD
2017-04-17,HLVT,91.48,40462,CHF
2017-04-17,IBEX,140.63,177586,EUR
2017-04-17,JURA,2137.82,167076,CHF
2017-04-18,ALPN,112.44,46876,CHF
2017-04-18,BRGN,409.35,372495,CHF
2017-04-18,CRYS,52.25,252360,CHF
2017-04-18,DELT,132.45,258238,EUR
2017-04-18,EDLW,59.6,63961,CHF
2017-04-18,FJRD,44.88,258489,USD
2017-04-18,HLVT,90.61,50221,CHF
2017-04-18,IBEX,137.69,56776,EUR
2017-04-18,JURA,2090.28,121091,CHF
2017-04-19,ALPN,109.45,356822,CHF
2017-04-19,BRGN,410.9,124640,CHF
2017-04-19,CRYS,50.94,232975,CHF
2017-04-19,DELT,128.04,309047,EUR
2017-04-19,EDLW,58.98,392824,CHF
2017-04-19,FJRD,44.25,163788,USD
2017-04-19,HLVT,90.05,297182,CHF
2017-04-19,IBEX,136.53,235361,EUR
2017-04-19,JURA,2044.71,229671,CHF
2017-04-20,ALPN,109.2,337931,CHF
2017-04-20,BRGN,408.67,342918,CHF
2017-04-20,CRYS,50.28,133065,CHF
2017-04-20,DELT,126.3,367849,EUR
2017-04-20,EDLW,60.03,374120,CHF
2017-04-20,FJRD,44.28,108941,USD
2017-04-20,HLVT,87.57,82547,CHF
2017-04-20,IBEX,133.15,55059,EUR
2017-04-20,JURA,1992.83,326298,CHF
2017-04-21,ALPN,111.76,326135,CHF
2017-04-21,BRGN,407.2,50168,CHF
2017-04-21,CRYS,50.66,62021,CHF
2017-04-21,DELT,123.7,302544,EUR
2017-04-21,EDLW,59.38,329699,CHF
2017-04-21,FJRD,45.29,320827,USD
2017-04-21,HLVT,89.73,126665,CHF
2017-04-21,IBEX,134.22,377335,EUR
2017-04-21,JURA,1985.7,310598,CHF
2017-04-24,ALPN,112.88,331425,CHF
2017-04-24,BRGN,401.1,21973,CHF
2017-04-24,CRYS,50.14,38611,CHF
2017-04-24,DELT,127.4,37825,EUR
2017-04-24,EDLW,59.7,73346,CHF
2017-04-24,FJRD,45.43,50609,USD
2017-04-24,HLVT,88.82,63930,CHF
2017-04-24,IBEX,132.78,343147,EUR
2017-04-24,JURA,2011.96,316622,CHF
2017-04-25,ALPN,113.13,269256,CHF
2017-04-25,BRGN,407.73,260389,CHF
2017-04-25,CRYS,49.72,67422,CHF
2017-04-25,DELT,128.9,111068,EUR
2017-04-25,EDLW,59.92,331128,CHF
2017-04-25,FJRD,44.71,199133,USD
2017-04-25,HLVT,87.75,397749,CHF
2017-04-25,IBEX,132.16,175229,EUR
2017-04-25,JURA,1990.0,58217,CHF
2017-04-26,ALPN,113.62,128735,CHF
2017-04-26,BRGN,408.43,171496,CHF
2017-04-26,CRYS,49.87,52557,CHF
2017-04-26,DELT,126.46,360584,EUR
2017-04-26,EDLW,60.21,101684,CHF
2017-04-26,FJRD,44.18,380311,USD
2017-04-26,HLVT,89.08,33188,CHF
2017-04-26,IBEX,129.37,385230,EUR
2017-04-26,JURA,1981.63,106937,CHF
2017-04-27,ALPN,112.27,157215,CHF
2017-04-27,BRGN,405.63,85996,CHF
2017-04-27,CRYS,50.73,373047,CHF
2017-04-27,DELT,125.83,302768,EUR
2017-04-27,EDLW,59.61,244239,CHF
2017-04-27,HLVT,90.79,351591,CHF
2017-04-27,IBEX,127.36,284006,EUR
2017-04-27,JURA,1978.41,218318,CHF
2017-04-28,ALPN,112.17,360295,CHF
2017-04-28,BRGN,407.44,117400,CHF
2017-04-28,CRYS,50.64,180922,CHF
2017-04-28,DELT,126.44,124300,EUR
2017-04-28,EDLW,59.42,296554,CHF
2017-04-28,FJRD,44.29,123434,USD
2017-04-28,HLVT,92.48,383044,CHF
2017-04-28,IBEX,128.03,361756,EUR
2017-04-28,JURA,2'019.63,245205,CHF
2017-05-01,ALPN,111.87,83437,CHF
2017-05-01,BRGN,409.74,147994,CHF
2017-05-01,CRYS,49.6,321724,CHF
2017-05-01,DELT,124.38,193326,EUR
2017-05-01,EDLW,60.24,136383,CHF
2017-05-01,FJRD,44.6,123970,USD
2017-05-01,HLVT,90.16,138068,CHF
2017-05-01,IBEX,125.12,256260,EUR
2017-05-01,JURA,1998.96,56356,CHF
2017-05-02,ALPN,109.45,164766,CHF
2017-05-02,BRGN,399.94,85929,CHF
2017-05-02,CRYS,48.59,123827,CHF
2017-05-02,DELT,120.67,142989,EUR
2017-05-02,EDLW,58.2,51538,CHF
2017-05-02,FJRD,44.65,75137,USD
2017-05-02,HLVT,88.41,363165,CHF
2017-05-02,IBEX,122.98,214998,EUR
2017-05-02,JURA,1913.02,357280,CHF
2017-05-03,ALPN,108.73,394755,CHF
2017-05-03,BRGN,392.72,89258,CHF
2017-05-03,CRYS,48.37,245118,CHF
2017-05-03,DELT,120.64,34353,EUR
2017-05-03,EDLW,58.28,398690,CHF
2017-05-03,FJRD,45.07,192283,USD
2017-05-03,HLVT,90.49,34047,CHF
2017-05-03,IBEX,120.88,241859,EUR
2017-05-03,JURA,1906.66,87953,CHF
2017-05-04,ALPN,108.71,318498,CHF
2017-05-04,BRGN,403.67,71361,CHF
2017-05-04,CRYS,49.26,279919,CHF
2017-05-04,DELT,121.53,64353,EUR
2017-05-04,EDLW,58.31,337534,CHF
2017-05-04,FJRD,46.02,48998,USD
2017-05-04,HLVT,92.44,147870,CHF
2017-05-04,IBEX,121.92,148435,EUR
2017-05-04,JURA,1970.63,312362,CHF
2017-05-05,ALPN,103.88,167063,CHF
2017-05-05,BRGN,394.19,384634,CHF
2017-05-05,CRYS,49.51,325963,CHF
2017-05-05,DELT,120.11,387308,EUR
2017-05-05,EDLW,58.6,46997,CHF
2017-05-05,FJRD,44.62,341017,USD
2017-05-05,HLVT,90.68,338401,CHF
2017-05-05,IBEX,117.68,333224,EUR
2017-05-05,JURA,1940.41,346392,CHF
2017-05-08,ALPN,104.18,34503,CHF
2017-05-08,BRGN,398.08,191730,CHF
2017-05-08,CRYS,49.84,369096,CHF
2017-05-08,DELT,119.45,100306,EUR
2017-05-08,EDLW,59.03,116207,CHF
2017-05-08,FJRD,45.0,64783,USD
2017-05-08,HLVT,90.27,245830,CHF
2017-05-08,IBEX,119.69,100836,EUR
2017-05-08,JURA,1948.0,97986,CHF
2017-05-09,ALPN,102.22,80361,CHF
2017-05-09,BRGN,396.88,143822,CHF
2017-05-09,CRYS,50.49,175762,CHF
2017-05-09,DELT,118.29,74632,EUR
2017-05-09,EDLW,59.17,262884,CHF
2017-05-09,FJRD,45.21,64847,USD
2017-05-09,HLVT,89.9,50825,CHF
2017-05-09,IBEX,120.26,77476,EUR
2017-05-09,JURA,1918.35,255163,CHF
2017-05-10,ALPN,103.16,65094,CHF
2017-05-10,BRGN,389.15,311336,CHF
2017-05-10,CRYS,50.05,246132,CHF
2017-05-10,DELT,117.43,245278,EUR
2017-05-10,EDLW,58.85,288765,CHF
2017-05-10,FJRD,45.72,303885,USD
2017-05-10,HLVT,87.74,149120,CHF
2017-05-10,IBEX,120.76,218278,EUR
2017-05-10,JURA,1935.24,291193,CHF
2017-05-11,ALPN,105.59,24475,CHF
2017-05-11,BRGN,385.7,363253,CHF
2017-05-11,CRYS,49.07,266383,CHF
2017-05-11,DELT,116.27,366558,EUR
2017-05-11,EDLW,58.69,228902,CHF
2017-05-11,FJRD,45.79,117908,USD
2017-05-11,HLVT,88.34,278998,CHF
2017-05-11,IBEX,118.55,93781,EUR
2017-05-11,JURA,1939.85,41315,CHF
2017-05-12,ALPN,103.89,98904,CHF
2017-05-12,BRGN,385.68,150525,CHF
2017-05-12,CRYS,48.91,83482,CHF
2017-05-12,CRYS,48.91,83482,CHF
2017-05-12,DELT,116.17,283375,EUR
2017-05-12,EDLW,58.94,133720,CHF
2017-05-12,FJRD,45.27,300390,USD
2017-05-12,HLVT,87.24,95295,CHF
2017-05-12,IBEX,116.89,290166,EUR
2017-05-12,JURA,1907.87,58872,CHF
2017-05-15,ALPN,105.92,384994,CHF
2017-05-15,BRGN,391.99,206543,CHF
2017-05-15,CRYS,48.6,87078,CHF
2017-05-15,DELT,115.18,302160,EUR
2017-05-15,EDLW,58.42,349415,CHF
2017-05-15,FJRD,45.91,343869,USD
2017-05-15,HLVT,89.5,80571,CHF
2017-05-15,IBEX,117.77,124142,EUR
2017-05-15,JURA,1923.23,66539,CHF
2017-05-16,ALPN,106.79,238681,CHF
2017-05-16,BRGN,393.08,65948,CHF
2017-05-16,CRYS,47.53,57459,CHF
2017-05-16,DELT,114.95,279920,EUR
2017-05-16,EDLW,58.27,127093,CHF
2017-05-16,FJRD,45.96,255351,USD
2017-05-16,HLVT,90.15,163169,CHF
2017-05-16,IBEX,119.79,357866,EUR
2017-05-16,JURA,1934.07,289554,CHF
2017-05-17,ALPN,107.27,73342,CHF
2017-05-17,BRGN,395.86,367118,CHF
2017-05-17,CRYS,47.81,196699,CHF
2017-05-17,DELT,116.0,191004,EUR
2017-05-17,EDLW,58.96,48052,CHF
2017-05-17,FJRD,47.31,267224,USD
2017-05-17,HLVT,90.31,261141,CHF
2017-05-17,IBEX,120.98,369674,EUR
2017-05-17,JURA,1949.93,218142,CHF
2017-05-18,ALPN,108.05,57741,CHF
2017-05-18,BRGN,404.94,391733,CHF
2017-05-18,CRYS,48.33,78790,CHF
2017-05-18,DELT,117.02,248524,EUR
2017-05-18,EDLW,59.22,363691,CHF
2017-05-18,HLVT,89.8,53334,CHF
2017-05-18,IBEX,123.02,112463,EUR
2017-05-18,JURA,1949.99,368815,CHF
2017-05-19,ALPN,107.45,111328,CHF
2017-05-19,BRGN,406.89,90614,CHF
2017-05-19,CRYS,49.23,149082,CHF
2017-05-19,DELT,119.04,78577,EUR
2017-05-19,EDLW,60.1,139172,CHF
2017-05-19,FJRD,48.47,349608,USD
2017-05-19,HLVT,90.08,373084,CHF
2017-05-19,IBEX,124.59,188872,EUR
2017-05-19,JURA,1953.83,172211,CHF
2017-05-22,ALPN,108.58,338439,CHF
2017-05-22,BRGN,405.9,227957,CHF
2017-05-22,CRYS,49.7,190835,CHF
2017-05-22,DELT,121.03,174636,EUR
2017-05-22,EDLW,60.55,29425,CHF
2017-05-22,FJRD,48.35,24319,USD
2017-05-22,HLVT,90.99,266050,CHF
2017-05-22,IBEX,126.14,247313,EUR
2017-05-22,JURA,1959.96,192247,CHF
2017-05-23,ALPN,107.61,66694,CHF
2017-05-23,BRGN,401.25,87405,CHF
2017-05-23,CRYS,49.44,299157,CHF
2017-05-23,DELT,119.31,66170,EUR
2017-05-23,EDLW,61.24,191460,CHF
2017-05-23,FJRD,47.28,142861,USD
2017-05-23,HLVT,90.99,373711,CHF
2017-05-23,IBEX,125.23,204560,EUR
2017-05-23,IBEX,125.23,204560,EUR
2017-05-23,JURA,1956.39,22606,CHF
2017-05-24,ALPN,106.18,39008,CHF
2017-05-24,BRGN,404.49,201934,CHF
2017-05-24,CRYS,48.97,166823,CHF
2017-05-24,DELT,117.7,121862,EUR
2017-05-24,EDLW,61.09,286980,CHF
2017-05-24,FJRD,45.35,90406,USD
2017-05-24,HLVT,88.82,234254,CHF
2017-05-24,IBEX,125.28,338390,EUR
2017-05-24,JURA,1930.76,354365,CHF
2017-05-25,ALPN,108.1,287218,CHF
2017-05-25,BRGN,398.73,75775,CHF
2017-05-25,CRYS,50.02,326939,CHF
2017-05-25,DELT,116.08,238462,EUR
2017-05-25,EDLW,61.17,323888,CHF
2017-05-25,FJRD,45.41,341404,USD
2017-05-25,HLVT,88.82,262564,CHF
2017-05-25,IBEX,125.73,321945,EUR
2017-05-25,JURA,1950.93,131078,CHF
2017-05-26,ALPN,105.33,342994,CHF
2017-05-26,BRGN,398.0,221454,CHF
2017-05-26,CRYS,49.48,203693,CHF
2017-05-26,DELT,112.07,357388,EUR
2017-05-26,EDLW,60.98,129656,CHF
2017-05-26,FJRD,45.0,78013,USD
2017-05-26,HLVT,87.72,183750,CHF
2017-05-26,IBEX,125.88,88433,EUR
2017-05-26,JURA,1'932.52,139732,CHF
2017-05-29,ALPN,103.32,154074,CHF
2017-05-29,BRGN,388.13,59132,CHF
2017-05-29,CRYS,47.53,41122,CHF
2017-05-29,DELT,111.0,52089,EUR
2017-05-29,EDLW,61.25,113476,CHF
2017-05-29,FJRD,44.86,142520,USD
2017-05-29,HLVT,86.44,98676,CHF
2017-05-29,IBEX,124.86,349929,EUR
2017-05-29,JURA,1954.48,56139,CHF
2017-05-30,ALPN,102.04,373722,CHF
2017-05-30,BRGN,395.47,367488,CHF
2017-05-30,CRYS,47.35,195399,CHF
2017-05-30,DELT,114.18,241813,EUR
2017-05-30,EDLW,61.12,207200,CHF
2017-05-30,FJRD,44.52,94395,USD
2017-05-30,HLVT,86.63,217338,CHF
2017-05-30,IBEX,123.73,179350,EUR
2017-05-30,JURA,1935.98,352676,CHF
2017-05-31,ALPN,101.52,22374,CHF
2017-05-31,BRGN,393.42,142536,CHF
2017-05-31,CRYS,46.79,220855,CHF
2017-05-31,DELT,112.96,73202,EUR
2017-05-31,EDLW,61.18,296139,CHF
2017-05-31,FJRD,44.15,63702,USD
2017-05-31,HLVT,86.55,285019,CHF
2017-05-31,IBEX,120.25,46468,EUR
2017-05-31,JURA,1949.65,389297,CHF
2017-06-01,ALPN,102.62,90816,CHF
2017-06-01,BRGN,393.49,346224,CHF
2017-06-01,CRYS,48.57,118913,CHF
2017-06-01,DELT,115.69,95609,EUR
2017-06-01,EDLW,61.42,275088,CHF
2017-06-01,FJRD,44.9,24159,USD
2017-06-01,HLVT,86.95,249857,CHF
2017-06-01,IBEX,121.27,214021,EUR
2017-06-01,JURA,1974.07,387075,CHF
2017-06-02,ALPN,101.52,222218,CHF
2017-06-02,BRGN,403.17,321047,CHF
2017-06-02,CRYS,49.35,228812,CHF
2017-06-02,DELT,118.45,235672,EUR
2017-06-02,EDLW,60.91,125088,CHF
2017-06-02,FJRD,46.18,318761,USD
2017-06-02,HLVT,90.11,214615,CHF
2017-06-02,IBEX,125.26,280523,EUR
2017-06-02,JURA,1992.84,76469,CHF
2017-06-05,ALPN,100.31,378135,CHF
2017-06-05,BRGN,397.27,197112,CHF
2017-06-05,CRYS,49.03,357784,CHF
2017-06-05,DELT,116.53,252644,EUR
2017-06-05,FJRD,45.12,30513,USD
2017-06-05,HLVT,87.72,314503,CHF
2017-06-05,IBEX,122.28,266333,EUR
2017-06-05,JURA,1995.34,211881,CHF
2017-06-06,ALPN,100.3,155920,CHF
2017-06-06,BRGN,403.38,196735,CHF
2017-06-06,DELT,116.54,325258,EUR
2017-06-06,EDLW,60.79,307196,CHF
2017-06-06,FJRD,45.71,273358,USD
2017-06-06,HLVT,88.13,60414,CHF
2017-06-06,IBEX,120.8,313127,EUR
2017-06-06,JURA,2035.83,267221,CHF
2017-06-07,ALPN,100.29,151935,CHF
2017-06-07,BRGN,406.71,383654,CHF
2017-06-07,CRYS,49.39,332582,CHF
2017-06-07,DELT,114.46,202858,EUR
2017-06-07,EDLW,60.36,308107,CHF
2017-06-07,FJRD,44.99,104874,USD
2017-06-07,HLVT,87.87,211111,CHF
2017-06-07,IBEX,120.09,88270,EUR
2017-06-07,JURA,2009.86,305348,CHF
2017-06-08,ALPN,100.19,343024,CHF
2017-06-08,BRGN,408.96,170164,CHF
2017-06-08,CRYS,48.97,232323,CHF
2017-06-08,DELT,115.94,322090,EUR
2017-06-08,EDLW,59.59,41507,CHF
2017-06-08,FJRD,44.14,192553,USD
2017-06-08,HLVT,86.84,188413,CHF
2017-06-08,IBEX,121.93,112953,EUR
2017-06-08,JURA,2034.2,184411,CHF
2017-06-09,ALPN,99.79,381526,CHF
2017-06-09,BRGN,413.61,268548,CHF
2017-06-09,CRYS,48.86,225061,CHF
2017-06-09,DELT,115.21,212210,EUR
2017-06-09,EDLW,60.07,60724,CHF
2017-06-09,FJRD,43.73,194854,USD
2017-06-09,HLVT,85.22,282383,CHF
2017-06-09,IBEX,120.07,355245,EUR
2017-06-09,JURA,2061.6,368070,CHF
2017-06-12,ALPN,97.48,346267,CHF
2017-06-12,BRGN,417.05,184224,CHF
2017-06-12,CRYS,48.93,271273,CHF
2017-06-12,DELT,114.47,71869,EUR
2017-06-12,EDLW,59.81,393216,CHF
2017-06-12,FJRD,42.52,264501,USD
2017-06-12,HLVT,86.58,144089,CHF
2017-06-12,IBEX,118.91,145047,EUR
2017-06-12,JURA,2058.02,296039,CHF
2017-06-13,ALPN,95.13,300193,CHF
2017-06-13,BRGN,413.58,172563,CHF
2017-06-13,CRYS,49.02,359153,CHF
2017-06-13,DELT,116.62,110187,EUR
2017-06-13,EDLW,59.86,176067,CHF
2017-06-13,FJRD,42.09,46037,USD
2017-06-13,HLVT,86.11,244631,CHF
2017-06-13,IBEX,118.55,396515,EUR
2017-06-13,JURA,2039.87,166219,CHF
2017-06-14,ALPN,95.97,383981,CHF
2017-06-14,BRGN,416.58,319004,CHF
2017-06-14,CRYS,48.63,332805,CHF
2017-06-14,DELT,116.59,229108,EUR
2017-06-14,EDLW,58.66,44514,CHF
2017-06-14,FJRD,40.72,227207,USD
2017-06-14,HLVT,84.05,314472,CHF
2017-06-14,IBEX,115.01,348065,EUR
2017-06-14,JURA,2035.61,37434,CHF
2017-06-15,ALPN,93.97,49955,CHF
2017-06-15,BRGN,417.0,69963,CHF
2017-06-15,CRYS,47.87,127274,CHF
2017-06-15,DELT,113.78,211788,EUR
2017-06-15,EDLW,58.8,219473,CHF
2017-06-15,FJRD,39.97,242254,USD
2017-06-15,HLVT,82.34,377301,CHF
2017-06-15,IBEX,112.13,133878,EUR
2017-06-15,JURA,2016.6,297748,CHF
2017-06-16,ALPN,95.3,390911,CHF
2017-06-16,BRGN,410.35,393604,CHF
2017-06-16,CRYS,47.13,42234,CHF
2017-06-16,DELT,113.96,319284,EUR
2017-06-16,EDLW,60.34,47254,CHF
2017-06-16,FJRD,39.47,347423,USD
2017-06-16,HLVT,82.84,198469,CHF
2017-06-16,IBEX,112.85,162749,EUR
2017-06-16,JURA,1985.09,50163,CHF
2017-06-19,ALPN,93.63,101958,CHF
2017-06-19,BRGN,408.37,127856,CHF
2017-06-19,CRYS,48.0,323942,CHF
2017-06-19,DELT,114.71,372190,EUR
2017-06-19,EDLW,61.17,131244,CHF
2017-06-19,FJRD,39.68,307377,USD
2017-06-19,HLVT,84.86,360179,CHF
2017-06-19,IBEX,111.18,53192,EUR
2017-06-19,JURA,1959.19,235831,CHF
2017-06-20,ALPN,91.69,209753,CHF
2017-06-20,BRGN,412.43,229766,CHF
2017-06-20,CRYS,47.52,135377,CHF
2017-06-20,DELT,113.82,72704,EUR
2017-06-20,EDLW,61.35,105961,CHF
2017-06-20,FJRD,39.72,312558,USD
2017-06-20,HLVT,82.93,391946,CHF
2017-06-20,IBEX,108.9,216765,EUR
2017-06-20,JURA,1923.56,375655,CHF
2017-06-21,ALPN,91.18,363354,CHF
2017-06-21,BRGN,413.43,91782,CHF
2017-06-21,CRYS,48.47,74453,CHF
2017-06-21,DELT,115.07,259587,EUR
2017-06-21,EDLW,61.09,326442,CHF
2017-06-21,FJRD,39.62,130647,USD
2017-06-21,HLVT,82.55,259238,CHF
2017-06-21,IBEX,110.61,72447,EUR
2017-06-21,JURA,1882.96,221030,CHF
2017-06-22,ALPN,90.66,354976,CHF
2017-06-22,BRGN,415.75,311184,CHF
2017-06-22,CRYS,48.47,381813,CHF
2017-06-22,DELT,110.71,46630,EUR
2017-06-22,EDLW,61.73,151960,CHF
2017-06-22,FJRD,38.9,119541,USD
2017-06-22,HLVT,82.81,33292,CHF
2017-06-22,IBEX,109.3,239064,EUR
2017-06-22,JURA,1875.96,325363,CHF
2017-06-23,ALPN,91.82,352599,CHF
2017-06-23,BRGN,414.57,247805,CHF
2017-06-23,CRYS,49.14,216226,CHF
2017-06-23,DELT,111.5,266156,EUR
2017-06-23,EDLW,62.76,241849,CHF
2017-06-23,FJRD,39.61,391011,USD
2017-06-23,HLVT,82.68,231718,CHF
2017-06-23,IBEX,108.27,379253,EUR
2017-06-23,JURA,1'875.05,169589,CHF
2017-06-26,ALPN,91.29,244021,CHF
2017-06-26,BRGN,414.0,261642,CHF
2017-06-26,CRYS,49.66,290145,CHF
2017-06-26,DELT,111.56,266291,EUR
2017-06-26,EDLW,61.61,181976,CHF
2017-06-26,FJRD,39.16,60427,USD
2017-06-26,HLVT,81.2,192041,CHF
2017-06-26,IBEX,107.34,105806,EUR
2017-06-26,JURA,1873.08,201741,CHF
2017-06-27,ALPN,92.65,196547,CHF
2017-06-27,BRGN,410.52,141769,CHF
2017-06-27,CRYS,49.91,367970,CHF
2017-06-27,DELT,111.9,335547,EUR
2017-06-27,EDLW,61.45,258988,CHF
2017-06-27,FJRD,39.38,361300,USD
2017-06-27,HLVT,81.36,90541,CHF
2017-06-27,IBEX,109.4,361267,EUR
2017-06-27,JURA,1861.33,122616,CHF
2017-06-28,ALPN,93.13,78314,CHF
2017-06-28,BRGN,419.6,184786,CHF
2017-06-28,CRYS,50.16,378980,CHF
2017-06-28,DELT,110.51,116155,EUR
2017-06-28,EDLW,61.95,357888,CHF
2017-06-28,FJRD,38.58,33328,USD
2017-06-28,HLVT,82.8,207655,CHF
2017-06-28,IBEX,110.64,65987,EUR
2017-06-28,JURA,1873.06,139108,CHF
2017-06-29,ALPN,93.96,75922,CHF
2017-06-29,BRGN,427.38,190884,CHF
2017-06-29,CRYS,50.63,370340,CHF
2017-06-29,DELT,113.25,321356,EUR
2017-06-29,EDLW,62.5,398923,CHF
2017-06-29,FJRD,38.89,377620,USD
2017-06-29,HLVT,83.17,48179,CHF
2017-06-29,IBEX,113.07,258493,EUR
2017-06-29,JURA,1926.34,166583,CHF
2017-06-30,ALPN,91.33,25736,CHF
2017-06-30,BRGN,424.76,106677,CHF
2017-06-30,CRYS,50.24,222023,CHF
2017-06-30,DELT,112.21,110504,EUR
2017-06-30,EDLW,61.43,271028,CHF
2017-06-30,FJRD,37.76,30484,USD
2017-06-30,HLVT,82.32,293638,CHF
2017-06-30,IBEX,111.24,323266,EUR
2017-06-30,JURA,1899.29,324968,CHF
2017-07-03,ALPN,90.99,291931,CHF
2017-07-03,BRGN,424.16,348770,CHF
2017-07-03,CRYS,50.42,308537,CHF
2017-07-03,DELT,110.94,165965,EUR
2017-07-03,EDLW,61.01,200121,CHF
2017-07-03,FJRD,38.08,395731,USD
2017-07-03,HLVT,81.94,326760,CHF
2017-07-03,IBEX,112.02,38131,EUR
2017-07-03,JURA,1884.68,315089,CHF
2017-07-04,ALPN,92.31,265128,CHF
2017-07-04,BRGN,424.87,226340,CHF
2017-07-04,CRYS,51.08,43226,CHF
2017-07-04,DELT,110.84,43554,EUR
2017-07-04,EDLW,61.32,245003,CHF
2017-07-04,FJRD,38.8,239871,USD
2017-07-04,HLVT,81.36,129486,CHF
2017-07-04,IBEX,114.37,329305,EUR
2017-07-04,JURA,1926.89,21736,CHF
2017-07-05,ALPN,90.81,346790,CHF
2017-07-05,BRGN,416.99,290021,CHF
2017-07-05,CRYS,50.8,383207,CHF
2017-07-05,DELT,106.05,355133,EUR
2017-07-05,EDLW,59.81,136046,CHF
2017-07-05,FJRD,38.32,171632,USD
2017-07-05,HLVT,81.23,25992,CHF
2017-07-05,IBEX,110.19,63100,EUR
2017-07-05,JURA,1881.76,266952,CHF
2017-07-06,ALPN,90.16,197272,CHF
2017-07-06,BRGN,417.17,103485,CHF
2017-07-06,CRYS,50.54,275510,CHF
2017-07-06,DELT,104.05,198508,EUR
2017-07-06,EDLW,59.24,255213,CHF
2017-07-06,FJRD,38.51,118158,USD
2017-07-06,HLVT,81.19,310958,CHF
2017-07-06,IBEX,109.93,35161,EUR
2017-07-06,JURA,1902.08,227862,CHF
2017-07-07,ALPN,88.99,175394,CHF
2017-07-07,BRGN,418.23,252835,CHF
2017-07-07,CRYS,49.63,389844,CHF
2017-07-07,DELT,102.54,321114,EUR
2017-07-07,EDLW,57.19,370012,CHF
2017-07-07,FJRD,38.18,345200,USD
2017-07-07,HLVT,80.27,47621,CHF
2017-07-07,IBEX,108.07,186984,EUR
2017-07-07,JURA,1927.25,357826,CHF
2017-07-10,ALPN,87.62,89527,CHF
2017-07-10,BRGN,413.37,41619,CHF
2017-07-10,CRYS,49.84,91186,CHF
2017-07-10,DELT,100.26,320344,EUR
2017-07-10,EDLW,56.91,248297,CHF
2017-07-10,FJRD,38.65,395768,USD
2017-07-10,HLVT,81.18,140665,CHF
2017-07-10,IBEX,107.8,274942,EUR
2017-07-10,JURA,1894.53,198538,CHF
2017-07-11,ALPN,89.06,256719,CHF
2017-07-11,BRGN,411.73,358958,CHF
2017-07-11,CRYS,50.63,376546,CHF
2017-07-11,DELT,100.16,277711,EUR
2017-07-11,EDLW,57.77,127514,CHF
2017-07-11,FJRD,38.33,217765,USD
2017-07-11,HLVT,81.19,30165,CHF
2017-07-11,IBEX,106.66,276577,EUR
2017-07-11,JURA,1858.66,333173,CHF
2017-07-12,ALPN,87.57,181846,CHF
2017-07-12,BRGN,408.83,200102,CHF
2017-07-12,CRYS,50.2,339925,CHF
2017-07-12,DELT,99.55,194277,EUR
2017-07-12,EDLW,56.97,253125,CHF
2017-07-12,FJRD,38.79,49979,USD
2017-07-12,HLVT,81.7,206735,CHF
2017-07-12,IBEX,106.43,243107,EUR
2017-07-12,JURA,1869.57,305550,CHF
2017-07-13,ALPN,87.75,254115,CHF
2017-07-13,BRGN,413.48,302260,CHF
2017-07-13,CRYS,49.98,135912,CHF
2017-07-13,DELT,99.26,130412,EUR
2017-07-13,EDLW,58.17,388825,CHF
2017-07-13,FJRD,39.35,98576,USD
2017-07-13,HLVT,83.28,196493,CHF
2017-07-13,IBEX,105.26,45357,EUR
2017-07-13,JURA,1885.06,85674,CHF
2017-07-14,ALPN,87.1,148334,CHF
2017-07-14,BRGN,419.01,210299,CHF
2017-07-14,CRYS,50.03,43302,CHF
2017-07-14,DELT,100.28,157619,EUR
2017-07-14,EDLW,57.3,110505,CHF
2017-07-14,FJRD,39.35,245633,USD
2017-07-14,HLVT,83.63,94869,CHF
2017-07-14,IBEX,104.04,219436,EUR
2017-07-14,JURA,1908.56,103846,CHF
2017-07-17,ALPN,85.18,395238,CHF
2017-07-17,BRGN,408.41,217170,CHF
2017-07-17,CRYS,48.7,239084,CHF
2017-07-17,DELT,98.84,196263,EUR
2017-07-17,EDLW,56.02,209405,CHF
2017-07-17,FJRD,38.69,399359,USD
2017-07-17,HLVT,82.64,52013,CHF
2017-07-17,IBEX,102.61,92937,EUR
2017-07-17,JURA,1889.75,318392,CHF
2017-07-18,ALPN,85.15,206706,CHF
2017-07-18,BRGN,417.94,324855,CHF
2017-07-18,CRYS,48.9,210927,CHF
2017-07-18,DELT,100.66,109999,EUR
2017-07-18,EDLW,55.32,385878,CHF
2017-07-18,FJRD,39.35,288609,USD
2017-07-18,HLVT,83.84,105589,CHF
2017-07-18,IBEX,102.26,394932,EUR
2017-07-18,JURA,1901.75,262425,CHF
2017-07-19,ALPN,84.67,238402,CHF
2017-07-19,BRGN,416.27,283711,CHF
2017-07-19,CRYS,48.42,242202,CHF
2017-07-19,DELT,100.8,206000,EUR
2017-07-19,EDLW,56.37,182339,CHF
2017-07-19,FJRD,39.58,119188,USD
2017-07-19,HLVT,82.76,299336,CHF
2017-07-19,IBEX,99.31,288724,EUR
2017-07-19,JURA,1939.94,64272,CHF
2017-07-20,ALPN,85.88,359024,CHF
2017-07-20,BRGN,413.68,97613,CHF
2017-07-20,CRYS,48.36,276776,CHF
2017-07-20,DELT,100.19,215090,EUR
2017-07-20,EDLW,56.53,256162,CHF
2017-07-20,FJRD,39.43,312797,USD
2017-07-20,HLVT,82.12,234243,CHF
2017-07-20,IBEX,102.16,125846,EUR
2017-07-20,JURA,1952.79,88119,CHF
2017-07-21,ALPN,85.79,209009,CHF
2017-07-21,BRGN,413.48,396461,CHF
2017-07-21,CRYS,48.53,84207,CHF
2017-07-21,DELT,100.36,378680,EUR
2017-07-21,EDLW,56.27,386580,CHF
2017-07-21,FJRD,39.6,59512,USD
2017-07-21,HLVT,81.91,69885,CHF
2017-07-21,IBEX,101.9,127969,EUR
2017-07-21,JURA,1'957.86,165795,CHF
2017-07-24,ALPN,86.25,196611,CHF
2017-07-24,BRGN,424.31,89377,CHF
2017-07-24,CRYS,47.83,132448,CHF
2017-07-24,DELT,101.39,178262,EUR
2017-07-24,EDLW,56.01,107524,CHF
2017-07-24,FJRD,39.66,248386,USD
2017-07-24,HLVT,82.48,74814,CHF
2017-07-24,IBEX,100.09,390624,EUR
2017-07-24,JURA,1956.08,28109,CHF
2017-07-25,ALPN,85.11,352559,CHF
2017-07-25,BRGN,418.25,197065,CHF
2017-07-25,CRYS,47.7,186069,CHF
2017-07-25,DELT,99.52,279321,EUR
2017-07-25,EDLW,55.17,142276,CHF
2017-07-25,FJRD,39.14,148912,USD
2017-07-25,HLVT,80.64,214725,CHF
2017-07-25,IBEX,97.92,281117,EUR
2017-07-25,JURA,1923.16,219826,CHF
2017-07-26,ALPN,84.8,304706,CHF
2017-07-26,BRGN,420.35,171633,CHF
2017-07-26,CRYS,46.99,117132,CHF
2017-07-26,DELT,100.23,20394,EUR
2017-07-26,EDLW,55.45,272306,CHF
2017-07-26,FJRD,39.99,109510,USD
2017-07-26,HLVT,80.75,399635,CHF
2017-07-26,IBEX,99.25,193396,EUR
2017-07-26,JURA,1951.76,299651,CHF
2017-07-27,ALPN,87.24,352342,CHF
2017-07-27,BRGN,424.79,241721,CHF
2017-07-27,CRYS,48.38,218377,CHF
2017-07-27,DELT,100.94,26194,EUR
2017-07-27,EDLW,55.74,260338,CHF
2017-07-27,FJRD,40.36,129439,USD
2017-07-27,HLVT,82.16,223043,CHF
2017-07-27,IBEX,100.83,293498,EUR
2017-07-27,JURA,1988.48,392075,CHF
2017-07-28,ALPN,87.63,144013,CHF
2017-07-28,BRGN,427.54,44496,CHF
2017-07-28,CRYS,47.99,164415,CHF
2017-07-28,DELT,98.72,237495,EUR
2017-07-28,EDLW,56.83,62299,CHF
2017-07-28,FJRD,40.73,111556,USD
2017-07-28,IBEX,101.58,64608,EUR
2017-07-28,JURA,1993.75,175521,CHF
2017-07-31,ALPN,87.7,155808,CHF
2017-07-31,BRGN,430.4,204719,CHF
2017-07-31,CRYS,48.29,305376,CHF
2017-07-31,DELT,97.3,222631,EUR
2017-07-31,EDLW,56.38,334650,CHF
2017-07-31,FJRD,41.45,271430,USD
2017-07-31,HLVT,80.34,144274,CHF
2017-07-31,IBEX,99.51,373212,EUR
2017-07-31,JURA,2004.53,177734,CHF
2017-08-01,ALPN,86.53,135906,CHF
2017-08-01,ALPN,86.53,135906,CHF
2017-08-01,BRGN,435.06,340708,CHF
2017-08-01,CRYS,46.71,179428,CHF
2017-08-01,DELT,96.3,330933,EUR
2017-08-01,EDLW,55.31,254699,CHF
2017-08-01,FJRD,41.03,109085,USD
2017-08-01,HLVT,79.29,167989,CHF
2017-08-01,IBEX,97.91,99418,EUR
2017-08-01,JURA,1973.31,190006,CHF
2017-08-02,ALPN,89.65,135119,CHF
2017-08-02,BRGN,441.85,342006,CHF
2017-08-02,CRYS,48.18,334537,CHF
2017-08-02,DELT,98.83,225801,EUR
2017-08-02,EDLW,57.21,183791,CHF
2017-08-02,FJRD,42.22,358529,USD
2017-08-02,HLVT,82.03,398299,CHF
2017-08-02,IBEX,101.01,309224,EUR
2017-08-02,JURA,2052.8,272653,CHF
2017-08-03,ALPN,91.57,222933,CHF
2017-08-03,BRGN,439.1,149543,CHF
2017-08-03,CRYS,48.79,188429,CHF
2017-08-03,DELT,98.65,310422,EUR
2017-08-03,EDLW,57.4,22152,CHF
2017-08-03,HLVT,80.97,204551,CHF
2017-08-03,IBEX,101.72,164035,EUR
2017-08-03,JURA,2072.24,337151,CHF
2017-08-04,ALPN,91.71,225194,CHF
2017-08-04,BRGN,432.58,198289,CHF
2017-08-04,CRYS,47.36,123819,CHF
2017-08-04,DELT,99.06,160181,EUR
2017-08-04,EDLW,58.67,58449,CHF
2017-08-04,FJRD,41.12,81435,USD
2017-08-04,HLVT,80.33,195401,CHF
2017-08-04,IBEX,100.75,81004,EUR
2017-08-04,JURA,2039.95,381809,CHF
2017-08-07,ALPN,92.43,137623,CHF
2017-08-07,BRGN,434.58,80652,CHF
2017-08-07,CRYS,46.67,57636,CHF
2017-08-07,DELT,97.18,343621,EUR
2017-08-07,EDLW,59.2,387096,CHF
2017-08-07,FJRD,41.12,86216,USD
2017-08-07,HLVT,79.73,92084,CHF
2017-08-07,IBEX,100.61,189735,EUR
2017-08-07,JURA,2054.67,320633,CHF
2017-08-08,ALPN,94.38,125204,CHF
2017-08-08,BRGN,435.54,63850,CHF
2017-08-08,CRYS,47.49,184703,CHF
2017-08-08,DELT,98.7,270056,EUR
2017-08-08,EDLW,60.25,122797,CHF
2017-08-08,FJRD,41.65,377213,USD
2017-08-08,HLVT,80.85,254984,CHF
2017-08-08,IBEX,103.71,123967,EUR
2017-08-08,JURA,2073.06,295312,CHF
2017-08-09,ALPN,96.17,272179,CHF
2017-08-09,BRGN,437.9,70968,CHF
2017-08-09,CRYS,48.43,190217,CHF
2017-08-09,DELT,97.2,121376,EUR
2017-08-09,EDLW,61.0,341904,CHF
2017-08-09,FJRD,41.6,299287,USD
2017-08-09,HLVT,81.38,158137,CHF
2017-08-09,IBEX,105.81,25934,EUR
2017-08-09,JURA,2130.9,232232,CHF
2017-08-10,ALPN,97.16,236508,CHF
2017-08-10,BRGN,440.83,170207,CHF
2017-08-10,CRYS,47.8,93793,CHF
2017-08-10,DELT,98.97,327159,EUR
2017-08-10,EDLW,62.22,285930,CHF
2017-08-10,FJRD,41.75,355601,USD
2017-08-10,HLVT,81.01,340097,CHF
2017-08-10,IBEX,106.12,270063,EUR
2017-08-10,JURA,2141.63,66565,CHF
2017-08-11,ALPN,96.06,280211,CHF
2017-08-11,BRGN,446.44,369812,CHF
2017-08-11,CRYS,47.2,52485,CHF
2017-08-11,DELT,99.57,124086,EUR
2017-08-11,EDLW,62.41,210038,CHF
2017-08-11,FJRD,41.68,174229,USD
2017-08-11,HLVT,80.48,32898,CHF
2017-08-11,IBEX,105.82,161477,EUR
2017-08-11,JURA,2123.92,95682,CHF
2017-08-14,ALPN,92.48,310345,CHF
2017-08-14,BRGN,442.24,340143,CHF
2017-08-14,CRYS,46.28,377989,CHF
2017-08-14,DELT,96.83,226904,EUR
2017-08-14,EDLW,61.9,240968,CHF
2017-08-14,EDLW,61.9,240968,CHF
2017-08-14,FJRD,40.31,285155,USD
2017-08-14,HLVT,80.04,151513,CHF
2017-08-14,IBEX,102.48,101539,EUR
2017-08-14,JURA,2083.24,73653,CHF
2017-08-15,ALPN,91.74,84971,CHF
2017-08-15,BRGN,437.22,190900,CHF
2017-08-15,CRYS,45.72,43584,CHF
2017-08-15,DELT,96.69,353415,EUR
2017-08-15,EDLW,61.77,252655,CHF
2017-08-15,FJRD,38.99,358233,USD
2017-08-15,HLVT,79.99,246370,CHF
2017-08-15,IBEX,99.77,318972,EUR
2017-08-15,JURA,2051.9,91233,CHF
2017-08-16,ALPN,91.86,279285,CHF
2017-08-16,BRGN,439.41,219198,CHF
2017-08-16,CRYS,46.11,79342,CHF
2017-08-16,DELT,97.28,209363,EUR
2017-08-16,EDLW,61.93,379314,CHF
2017-08-16,FJRD,39.13,150383,USD
2017-08-16,HLVT,80.26,142006,CHF
2017-08-16,IBEX,99.91,212251,EUR
2017-08-16,JURA,2068.24,75075,CHF
2017-08-17,ALPN,91.32,25636,CHF
2017-08-17,BRGN,445.99,227518,CHF
2017-08-17,CRYS,46.86,315788,CHF
2017-08-17,DELT,96.44,233981,EUR
2017-08-17,EDLW,62.98,29888,CHF
2017-08-17,FJRD,39.32,344669,USD
2017-08-17,HLVT,78.16,125940,CHF
2017-08-17,IBEX,100.76,345605,EUR
2017-08-17,JURA,2057.22,140738,CHF
2017-08-18,ALPN,91.14,274000,CHF
2017-08-18,BRGN,442.01,332804,CHF
2017-08-18,CRYS,47.06,304441,CHF
2017-08-18,DELT,97.81,218604,EUR
2017-08-18,EDLW,62.87,296737,CHF
2017-08-18,FJRD,40.04,192627,USD
2017-08-18,HLVT,78.28,88700,CHF
2017-08-18,IBEX,103.34,104029,EUR
2017-08-21,ALPN,91.16,300545,CHF
2017-08-21,BRGN,441.4,180112,CHF
2017-08-21,CRYS,48.5,224032,CHF
2017-08-21,DELT,98.6,386733,EUR
2017-08-21,EDLW,62.65,335861,CHF
2017-08-21,FJRD,40.39,105538,USD
2017-08-21,HLVT,77.54,131826,CHF
2017-08-21,IBEX,103.41,145765,EUR
2017-08-21,JURA,2'068.58,361176,CHF
2017-08-22,ALPN,93.47,101196,CHF
2017-08-22,BRGN,442.91,267375,CHF
2017-08-22,CRYS,49.39,245853,CHF
2017-08-22,DELT,99.92,145930,EUR
2017-08-22,EDLW,61.51,146040,CHF
2017-08-22,FJRD,41.48,47479,USD
2017-08-22,HLVT,77.29,362504,CHF
2017-08-22,IBEX,103.58,301934,EUR
2017-08-22,JURA,2073.77,387459,CHF
2017-08-23,ALPN,94.16,121240,CHF
2017-08-23,BRGN,430.04,172580,CHF
2017-08-23,CRYS,48.82,391249,CHF
2017-08-23,DELT,97.11,393802,EUR
2017-08-23,EDLW,61.81,77186,CHF
2017-08-23,FJRD,41.73,242054,USD
2017-08-23,HLVT,76.05,179169,CHF
2017-08-23,IBEX,99.45,354422,EUR
2017-08-23,JURA,2093.49,314292,CHF
2017-08-24,ALPN,93.32,273657,CHF
2017-08-24,BRGN,427.6,206545,CHF
2017-08-24,CRYS,47.93,27431,CHF
2017-08-24,DELT,96.95,263692,EUR
2017-08-24,EDLW,62.11,159584,CHF
2017-08-24,FJRD,41.16,369626,USD
2017-08-24,HLVT,75.66,51980,CHF
2017-08-24,IBEX,98.55,346006,EUR
2017-08-24,JURA,2060.15,242426,CHF
2017-08-25,ALPN,93.02,84714,CHF
2017-08-25,BRGN,419.79,96775,CHF
2017-08-25,CRYS,46.78,109044,CHF
2017-08-25,DELT,97.61,59192,EUR
2017-08-25,EDLW,62.92,244271,CHF
2017-08-25,FJRD,40.63,150459,USD
2017-08-25,HLVT,75.2,130476,CHF
2017-08-25,IBEX,96.52,353100,EUR
2017-08-25,JURA,2057.1,188784,CHF
2017-08-28,ALPN,94.26,289181,CHF
2017-08-28,BRGN,420.67,54734,CHF
2017-08-28,CRYS,46.85,336310,CHF
2017-08-28,DELT,99.2,164716,EUR
2017-08-28,EDLW,64.83,358032,CHF
2017-08-28,FJRD,41.23,256815,USD
2017-08-28,HLVT,75.22,146339,CHF
2017-08-28,IBEX,96.95,322681,EUR
2017-08-28,JURA,2090.77,382986,CHF
2017-08-29,ALPN,95.77,71002,CHF
2017-08-29,BRGN,416.22,57654,CHF
2017-08-29,CRYS,47.74,287893,CHF
2017-08-29,DELT,98.8,339393,EUR
2017-08-29,EDLW,64.55,228017,CHF
2017-08-29,FJRD,40.98,59722,USD
2017-08-29,HLVT,76.02,103567,CHF
2017-08-29,IBEX,96.93,383546,EUR
2017-08-29,JURA,2101.72,26362,CHF
2017-08-30,ALPN,96.28,336831,CHF
2017-08-30,BRGN,414.56,392025,CHF
2017-08-30,CRYS,48.74,379382,CHF
2017-08-30,DELT,98.05,191256,EUR
2017-08-30,EDLW,65.09,205691,CHF
2017-08-30,FJRD,40.64,106543,USD
2017-08-30,HLVT,77.55,176772,CHF
2017-08-30,IBEX,96.8,307439,EUR
2017-08-30,JURA,2131.52,302905,CHF
2017-08-31,ALPN,95.5,75541,CHF
2017-08-31,BRGN,409.08,162593,CHF
2017-08-31,CRYS,46.98,134856,CHF
2017-08-31,DELT,98.97,254902,EUR
2017-08-31,EDLW,66.09,361796,CHF
2017-08-31,FJRD,40.89,56212,USD
2017-08-31,HLVT,75.63,210798,CHF
2017-08-31,IBEX,96.19,396040,EUR
2017-08-31,JURA,2153.98,112630,CHF
2017-09-01,ALPN,95.57,397070,CHF
2017-09-01,CRYS,47.31,208688,CHF
2017-09-01,DELT,96.28,398002,EUR
2017-09-01,EDLW,65.87,230206,CHF
2017-09-01,FJRD,39.52,69057,USD
2017-09-01,HLVT,75.92,136150,CHF
2017-09-01,IBEX,94.14,208502,EUR
2017-09-01,JURA,2116.96,109603,CHF
2017-09-04,BRGN,408.24,88285,CHF
2017-09-04,CRYS,47.69,320409,CHF
2017-09-04,DELT,93.99,83806,EUR
2017-09-04,EDLW,66.5,138493,CHF
2017-09-04,FJRD,40.05,284677,USD
2017-09-04,HLVT,76.71,274885,CHF
2017-09-04,IBEX,94.15,60278,EUR
2017-09-04,JURA,2141.62,246855,CHF
2017-09-05,ALPN,94.12,178575,CHF
2017-09-05,BRGN,404.58,115747,CHF
2017-09-05,CRYS,47.04,43581,CHF
2017-09-05,DELT,93.45,276672,EUR
2017-09-05,EDLW,65.29,362676,CHF
2017-09-05,FJRD,39.75,78949,USD
2017-09-05,HLVT,76.36,122485,CHF
2017-09-05,IBEX,95.23,93391,EUR
2017-09-05,JURA,2114.03,189192,CHF
2017-09-06,ALPN,93.39,76557,CHF
2017-09-06,BRGN,397.02,157980,CHF
2017-09-06,CRYS,45.58,156814,CHF
2017-09-06,DELT,92.93,357461,EUR
2017-09-06,EDLW,63.56,249934,CHF
2017-09-06,FJRD,39.07,396183,USD
2017-09-06,HLVT,75.58,331421,CHF
2017-09-06,IBEX,94.12,64662,EUR
2017-09-06,JURA,2091.93,209227,CHF
2017-09-07,ALPN,93.12,307185,CHF
2017-09-07,BRGN,400.14,220492,CHF
2017-09-07,CRYS,45.79,85910,CHF
2017-09-07,DELT,92.43,238119,EUR
2017-09-07,EDLW,63.76,34367,CHF
2017-09-07,FJRD,38.71,169701,USD
2017-09-07,HLVT,77.44,31126,CHF
2017-09-07,IBEX,96.25,38651,EUR
2017-09-07,JURA,2102.38,356121,CHF
2017-09-08,ALPN,93.29,317715,CHF
2017-09-08,BRGN,396.08,240779,CHF
2017-09-08,CRYS,45.93,144615,CHF
2017-09-08,DELT,90.72,293649,EUR
2017-09-08,EDLW,63.52,338896,CHF
2017-09-08,FJRD,38.57,317544,USD
2017-09-08,HLVT,77.31,288542,CHF
2017-09-08,IBEX,94.19,147067,EUR
2017-09-08,JURA,2088.8,216453,CHF
2017-09-11,ALPN,92.99,152926,CHF
2017-09-11,BRGN,401.64,155784,CHF
2017-09-11,CRYS,46.13,213495,CHF
2017-09-11,DELT,90.86,173449,EUR
2017-09-11,EDLW,62.66,280844,CHF
2017-09-11,FJRD,38.96,97583,USD
2017-09-11,HLVT,76.54,202321,CHF
2017-09-11,IBEX,93.48,339748,EUR
2017-09-11,JURA,2132.63,269924,CHF
2017-09-12,ALPN,94.87,278471,CHF
2017-09-12,BRGN,401.45,307578,CHF
2017-09-12,CRYS,46.78,29330,CHF
2017-09-12,DELT,93.11,145500,EUR
2017-09-12,EDLW,64.42,399393,CHF
2017-09-12,FJRD,40.41,258336,USD
2017-09-12,HLVT,78.55,132774,CHF
2017-09-12,IBEX,95.31,347506,EUR
2017-09-12,JURA,2127.34,297319,CHF
2017-09-13,ALPN,96.09,269663,CHF
2017-09-13,BRGN,403.47,154419,CHF
2017-09-13,CRYS,47.66,294842,CHF
2017-09-13,DELT,95.27,270727,EUR
2017-09-13,EDLW,64.61,164899,CHF
2017-09-13,FJRD,41.47,98136,USD
2017-09-13,HLVT,78.24,228643,CHF
2017-09-13,IBEX,97.29,222940,EUR
2017-09-13,JURA,2139.79,316943,CHF
2017-09-14,ALPN,97.37,266883,CHF
2017-09-14,BRGN,399.88,63972,CHF
2017-09-14,CRYS,47.54,377371,CHF
2017-09-14,DELT,94.74,123661,EUR
2017-09-14,EDLW,64.31,58058,CHF
2017-09-14,FJRD,40.92,186581,USD
2017-09-14,HLVT,78.9,345894,CHF
2017-09-14,IBEX,97.8,239330,EUR
2017-09-14,JURA,2123.11,260246,CHF
2017-09-15,ALPN,98.04,280746,CHF
2017-09-15,BRGN,400.9,137380,CHF
2017-09-15,CRYS,47.71,198976,CHF
2017-09-15,DELT,95.56,239911,EUR
2017-09-15,EDLW,64.27,167618,CHF
2017-09-15,FJRD,40.7,324969,USD
2017-09-15,HLVT,78.33,237934,CHF
2017-09-15,IBEX,97.89,30138,EUR
2017-09-15,JURA,2080.3,83250,CHF
2017-09-18,ALPN,97.1,289276,CHF
2017-09-18,BRGN,404.19,142582,CHF
2017-09-18,CRYS,47.91,300000,CHF
2017-09-18,DELT,98.01,344386,EUR
2017-09-18,EDLW,63.69,191512,CHF
2017-09-18,FJRD,42.55,296490,USD
2017-09-18,HLVT,77.35,387703,CHF
2017-09-18,IBEX,97.19,383161,EUR
2017-09-18,JURA,2'093.25,71591,CHF
2017-09-19,ALPN,96.39,206213,CHF
2017-09-19,BRGN,403.22,395329,CHF
2017-09-19,CRYS,47.6,303694,CHF
2017-09-19,DELT,97.85,50087,EUR
2017-09-19,EDLW,65.38,399562,CHF
2017-09-19,FJRD,42.16,232810,USD
2017-09-19,HLVT,76.61,127533,CHF
2017-09-19,IBEX,96.72,277641,EUR
2017-09-19,JURA,2085.13,393711,CHF
2017-09-20,ALPN,96.3,165858,CHF
2017-09-20,BRGN,397.61,20882,CHF
2017-09-20,CRYS,46.95,198846,CHF
2017-09-20,DELT,99.15,64120,EUR
2017-09-20,EDLW,64.19,125118,CHF
2017-09-20,FJRD,42.23,323172,USD
2017-09-20,HLVT,76.7,366671,CHF
2017-09-20,IBEX,96.19,249827,EUR
2017-09-20,JURA,2088.91,280295,CHF
2017-09-21,ALPN,94.45,169203,CHF
2017-09-21,BRGN,392.43,354874,CHF
2017-09-21,CRYS,47.25,368222,CHF
2017-09-21,DELT,98.3,197549,EUR
2017-09-21,EDLW,63.42,20673,CHF
2017-09-21,FJRD,41.87,44427,USD
2017-09-21,HLVT,74.69,147322,CHF
2017-09-21,IBEX,96.59,101841,EUR
2017-09-21,JURA,2134.83,266987,CHF
2017-09-22,ALPN,94.45,182689,CHF
2017-09-22,BRGN,389.75,225943,CHF
2017-09-22,CRYS,47.21,246989,CHF
2017-09-22,DELT,97.03,196014,EUR
2017-09-22,EDLW,62.6,205727,CHF
2017-09-22,FJRD,41.26,139645,USD
2017-09-22,HLVT,75.29,353221,CHF
2017-09-22,IBEX,95.68,28447,EUR
2017-09-22,JURA,2123.79,248553,CHF
2017-09-25,ALPN,95.8,356427,CHF
2017-09-25,BRGN,385.63,395534,CHF
2017-09-25,CRYS,47.26,194968,CHF
2017-09-25,DELT,97.01,252195,EUR
2017-09-25,EDLW,62.15,372388,CHF
2017-09-25,FJRD,41.08,260974,USD
2017-09-25,HLVT,74.76,236766,CHF
2017-09-25,IBEX,98.22,313060,EUR
2017-09-25,JURA,2161.82,336169,CHF
2017-09-26,ALPN,93.78,250547,CHF
2017-09-26,BRGN,386.08,33605,CHF
2017-09-26,CRYS,45.83,377674,CHF
2017-09-26,DELT,94.63,105079,EUR
2017-09-26,EDLW,61.44,87581,CHF
2017-09-26,FJRD,40.45,387541,USD
2017-09-26,HLVT,73.59,229867,CHF
2017-09-26,IBEX,96.15,306040,EUR
2017-09-26,JURA,2141.63,97054,CHF
2017-09-27,ALPN,92.97,108039,CHF
2017-09-27,BRGN,382.01,239930,CHF
2017-09-27,CRYS,45.19,206166,CHF
2017-09-27,DELT,96.18,353025,EUR
2017-09-27,EDLW,61.3,345577,CHF
2017-09-27,FJRD,40.07,249824,USD
2017-09-27,HLVT,73.27,215534,CHF
2017-09-27,IBEX,93.8,256183,EUR
2017-09-27,JURA,2154.91,74107,CHF
2017-09-28,ALPN,93.94,120386,CHF
2017-09-28,BRGN,387.13,59224,CHF
2017-09-28,CRYS,45.86,105398,CHF
2017-09-28,DELT,96.07,395813,EUR
2017-09-28,EDLW,61.19,103022,CHF
2017-09-28,FJRD,40.19,124404,USD
2017-09-28,HLVT,72.89,381528,CHF
2017-09-28,IBEX,93.96,216879,EUR
2017-09-28,JURA,2177.41,58227,CHF
2017-09-29,BRGN,386.59,372107,CHF
2017-09-29,CRYS,45.61,289691,CHF
2017-09-29,DELT,95.87,203425,EUR
2017-09-29,EDLW,62.11,226129,CHF
2017-09-29,FJRD,41.14,329059,USD
2017-09-29,HLVT,72.94,371995,CHF
2017-09-29,IBEX,92.85,374372,EUR
2017-09-29,JURA,2186.39,137164,CHF
2017-10-02,ALPN,93.79,398933,CHF
2017-10-02,BRGN,384.94,284195,CHF
2017-10-02,CRYS,45.74,334102,CHF
2017-10-02,DELT,96.36,57488,EUR
2017-10-02,EDLW,61.76,25127,CHF
2017-10-02,FJRD,40.33,381763,USD
2017-10-02,HLVT,72.71,379301,CHF
2017-10-02,IBEX,92.1,42390,EUR
2017-10-02,JURA,2210.13,28410,CHF
2017-10-03,ALPN,94.92,229567,CHF
2017-10-03,BRGN,378.4,117037,CHF
2017-10-03,CRYS,46.42,125144,CHF
2017-10-03,DELT,97.82,92428,EUR
2017-10-03,EDLW,61.97,211588,CHF
2017-10-03,FJRD,40.66,32456,USD
2017-10-03,HLVT,73.89,84166,CHF
2017-10-03,IBEX,94.16,119446,EUR
2017-10-03,JURA,2236.17,113439,CHF
2017-10-04,ALPN,94.25,218946,CHF
2017-10-04,BRGN,381.45,394395,CHF
2017-10-04,CRYS,44.97,106176,CHF
2017-10-04,DELT,96.74,67833,EUR
2017-10-04,EDLW,63.59,207295,CHF
2017-10-04,FJRD,39.59,122349,USD
2017-10-04,HLVT,72.49,43765,CHF
2017-10-04,IBEX,91.03,45272,EUR
2017-10-04,JURA,2184.9,125152,CHF
2017-10-05,ALPN,94.87,31628,CHF
2017-10-05,BRGN,383.28,54576,CHF
2017-10-05,CRYS,45.06,203682,CHF
2017-10-05,DELT,97.78,252065,EUR
2017-10-05,EDLW,63.93,102228,CHF
2017-10-05,FJRD,39.39,398258,USD
2017-10-05,HLVT,71.83,100010,CHF
2017-10-05,IBEX,91.68,158972,EUR
2017-10-05,JURA,2250.68,27219,CHF
2017-10-06,ALPN,94.59,387436,CHF
2017-10-06,BRGN,375.53,358606,CHF
2017-10-06,CRYS,44.76,37738,CHF
2017-10-06,DELT,96.92,107393,EUR
2017-10-06,EDLW,64.63,69187,CHF
2017-10-06,FJRD,39.92,327500,USD
2017-10-06,HLVT,72.36,217519,CHF
2017-10-06,IBEX,93.67,218600,EUR
2017-10-06,JURA,2276.2,43238,CHF
2017-10-09,ALPN,94.49,159929,CHF
2017-10-09,BRGN,381.1,257999,CHF
2017-10-09,CRYS,45.75,170203,CHF
2017-10-09,DELT,96.61,158797,EUR
2017-10-09,EDLW,65.76,320200,CHF
2017-10-09,FJRD,39.41,70467,USD
2017-10-09,HLVT,71.06,116592,CHF
2017-10-09,IBEX,94.19,96386,EUR
2017-10-09,JURA,2310.82,108162,CHF
2017-10-10,ALPN,94.98,289450,CHF
2017-10-10,BRGN,377.52,212088,CHF
2017-10-10,CRYS,44.38,225254,CHF
2017-10-10,DELT,95.19,146230,EUR
2017-10-10,EDLW,64.81,84710,CHF
2017-10-10,FJRD,39.06,62264,USD
2017-10-10,HLVT,70.87,201243,CHF
2017-10-10,IBEX,93.67,222295,EUR
2017-10-10,JURA,2329.25,86910,CHF
2017-10-11,ALPN,96.69,143251,CHF
2017-10-11,BRGN,384.64,124295,CHF
2017-10-11,CRYS,43.91,76892,CHF
2017-10-11,DELT,94.66,125346,EUR
2017-10-11,EDLW,64.8,32437,CHF
2017-10-11,FJRD,39.32,32287,USD
2017-10-11,HLVT,71.65,111950,CHF
2017-10-11,IBEX,95.27,39518,EUR
2017-10-11,JURA,2344.82,127572,CHF
2017-10-12,ALPN,100.33,195475,CHF
2017-10-12,BRGN,385.8,153626,CHF
2017-10-12,CRYS,45.69,217493,CHF
2017-10-12,DELT,96.81,248826,EUR
2017-10-12,EDLW,66.1,91336,CHF
2017-10-12,FJRD,40.47,175622,USD
2017-10-12,HLVT,73.48,366917,CHF
2017-10-12,IBEX,97.28,288263,EUR
2017-10-12,JURA,2405.98,393749,CHF
2017-10-13,ALPN,100.74,340996,CHF
2017-10-13,BRGN,382.12,101963,CHF
2017-10-13,CRYS,46.46,101252,CHF
2017-10-13,DELT,98.48,205471,EUR
2017-10-13,EDLW,65.67,124961,CHF
2017-10-13,FJRD,40.77,47879,USD
2017-10-13,HLVT,73.71,229695,CHF
2017-10-13,IBEX,98.71,56160,EUR
2017-10-13,JURA,2430.94,226056,CHF
2017-10-16,ALPN,102.98,303117,CHF
2017-10-16,BRGN,393.71,127097,CHF
2017-10-16,CRYS,47.32,387594,CHF
2017-10-16,DELT,101.87,209545,EUR
2017-10-16,EDLW,66.51,26917,CHF
2017-10-16,FJRD,41.61,212265,USD
2017-10-16,HLVT,73.99,364515,CHF
2017-10-16,IBEX,99.88,72213,EUR
2017-10-16,JURA,2'478.76,185810,CHF
2017-10-17,ALPN,102.91,318644,CHF
2017-10-17,BRGN,391.75,217583,CHF
2017-10-17,CRYS,47.18,329833,CHF
2017-10-17,DELT,101.63,114250,EUR
2017-10-17,EDLW,67.3,161694,CHF
2017-10-17,FJRD,41.9,72450,USD
2017-10-17,HLVT,73.18,185239,CHF
2017-10-17,IBEX,99.75,80723,EUR
2017-10-17,JURA,2499.64,364951,CHF
2017-10-18,ALPN,101.19,173089,CHF
2017-10-18,BRGN,393.48,261302,CHF
2017-10-18,CRYS,47.15,346055,CHF
2017-10-18,DELT,98.79,249216,EUR
2017-10-18,EDLW,67.79,80777,CHF
2017-10-18,FJRD,41.53,227662,USD
2017-10-18,HLVT,74.68,372348,CHF
2017-10-18,IBEX,97.81,24512,EUR
2017-10-18,JURA,2532.06,376682,CHF
2017-10-19,ALPN,103.93,94015,CHF
2017-10-19,BRGN,401.9,341901,CHF
2017-10-19,CRYS,49.08,368574,CHF
2017-10-19,DELT,102.27,318129,EUR
2017-10-19,EDLW,68.1,159024,CHF
2017-10-19,FJRD,42.72,67506,USD
2017-10-19,HLVT,76.45,318242,CHF
2017-10-19,IBEX,100.15,321717,EUR
2017-10-19,JURA,2598.46,253135,CHF
2017-10-20,ALPN,101.09,29409,CHF
2017-10-20,BRGN,403.74,222549,CHF
2017-10-20,CRYS,49.72,342549,CHF
2017-10-20,EDLW,68.86,326886,CHF
2017-10-20,FJRD,42.65,356654,USD
2017-10-20,HLVT,74.62,208099,CHF
2017-10-20,IBEX,97.95,165623,EUR
2017-10-20,JURA,2576.39,301189,CHF
2017-10-23,ALPN,102.12,175194,CHF
2017-10-23,BRGN,400.42,138295,CHF
2017-10-23,CRYS,51.58,345768,CHF
2017-10-23,DELT,99.11,304571,EUR
2017-10-23,EDLW,68.72,268881,CHF
2017-10-23,FJRD,42.57,280538,USD
2017-10-23,HLVT,76.74,393739,CHF
2017-10-23,IBEX,98.56,63296,EUR
2017-10-23,JURA,2567.29,127078,CHF
2017-10-24,ALPN,104.09,248076,CHF
2017-10-24,BRGN,404.2,68209,CHF
2017-10-24,CRYS,52.23,70218,CHF
2017-10-24,DELT,101.13,242771,EUR
2017-10-24,EDLW,68.4,237813,CHF
2017-10-24,FJRD,43.27,76740,USD
2017-10-24,HLVT,78.45,160045,CHF
2017-10-24,JURA,2612.51,305042,CHF
2017-10-25,ALPN,105.52,73163,CHF
2017-10-25,BRGN,411.22,198095,CHF
2017-10-25,CRYS,53.15,332295,CHF
2017-10-25,DELT,101.14,325445,EUR
2017-10-25,EDLW,68.78,338889,CHF
2017-10-25,FJRD,43.26,179239,USD
2017-10-25,HLVT,79.49,90777,CHF
2017-10-25,IBEX,102.41,67005,EUR
2017-10-25,JURA,2700.84,225603,CHF
2017-10-26,ALPN,105.37,244861,CHF
2017-10-26,BRGN,402.1,379059,CHF
2017-10-26,CRYS,53.17,105896,CHF
2017-10-26,DELT,101.87,257887,EUR
2017-10-26,EDLW,69.62,69419,CHF
2017-10-26,FJRD,43.25,56867,USD
2017-10-26,HLVT,79.17,373387,CHF
2017-10-26,IBEX,99.57,146687,EUR
2017-10-26,JURA,2676.26,44958,CHF
2017-10-27,ALPN,102.88,293334,CHF
2017-10-27,BRGN,394.9,64435,CHF
2017-10-27,CRYS,50.5,212112,CHF
2017-10-27,DELT,99.51,183274,EUR
2017-10-27,EDLW,68.72,155276,CHF
2017-10-27,FJRD,41.5,181831,USD
2017-10-27,HLVT,76.56,260846,CHF
2017-10-27,IBEX,95.91,371570,EUR
2017-10-27,JURA,2636.47,398229,CHF
2017-10-30,ALPN,100.62,132990,CHF
2017-10-30,BRGN,390.4,260238,CHF
2017-10-30,CRYS,49.83,381321,CHF
2017-10-30,DELT,99.24,32540,EUR
2017-10-30,EDLW,67.87,310324,CHF
2017-10-30,FJRD,40.18,161685,USD
2017-10-30,HLVT,75.01,190272,CHF
2017-10-30,IBEX,94.74,277027,EUR
2017-10-30,JURA,2633.73,106201,CHF
2017-10-31,ALPN,99.83,79985,CHF
2017-10-31,BRGN,384.65,225336,CHF
2017-10-31,CRYS,48.27,281330,CHF
2017-10-31,DELT,97.71,61767,EUR
2017-10-31,EDLW,68.1,291335,CHF
2017-10-31,FJRD,38.81,263713,USD
2017-10-31,HLVT,73.41,120830,CHF
2017-10-31,IBEX,92.1,172053,EUR
2017-10-31,JURA,2615.39,128770,CHF
2017-11-01,ALPN,101.16,252378,CHF
2017-11-01,BRGN,390.33,399701,CHF
2017-11-01,CRYS,48.87,222349,CHF
2017-11-01,DELT,96.65,252146,EUR
2017-11-01,EDLW,69.67,244632,CHF
2017-11-01,FJRD,38.33,185817,USD
2017-11-01,HLVT,74.34,256917,CHF
2017-11-01,IBEX,92.58,108589,EUR
2017-11-01,JURA,2628.16,83975,CHF
2017-11-02,ALPN,103.83,143498,CHF
2017-11-02,BRGN,392.07,245296,CHF
2017-11-02,CRYS,49.2,102105,CHF
2017-11-02,DELT,97.89,310821,EUR
2017-11-02,EDLW,70.66,140257,CHF
2017-11-02,FJRD,38.89,115140,USD
2017-11-02,HLVT,76.01,230847,CHF
2017-11-02,IBEX,93.73,254339,EUR
2017-11-02,JURA,2626.51,318076,CHF
2017-11-03,ALPN,103.66,172441,CHF
2017-11-03,BRGN,401.63,135991,CHF
2017-11-03,CRYS,50.16,366204,CHF
2017-11-03,DELT,100.17,56776,EUR
2017-11-03,EDLW,71.88,99158,CHF
2017-11-03,FJRD,39.34,235422,USD
2017-11-03,HLVT,76.95,255047,CHF
2017-11-03,IBEX,95.81,257764,EUR
2017-11-03,JURA,2590.62,55352,CHF
2017-11-06,ALPN,103.23,258361,CHF
2017-11-06,BRGN,401.57,93093,CHF
2017-11-06,CRYS,50.87,347228,CHF
2017-11-06,DELT,102.96,129753,EUR
2017-11-06,EDLW,72.11,262560,CHF
2017-11-06,FJRD,39.98,71536,USD
2017-11-06,HLVT,78.75,171112,CHF
2017-11-06,IBEX,98.09,147176,EUR
2017-11-06,JURA,2564.06,227316,CHF
2017-11-07,ALPN,104.59,38805,CHF
2017-11-07,BRGN,404.08,215796,CHF
2017-11-07,CRYS,51.62,397330,CHF
2017-11-07,DELT,101.63,79508,EUR
2017-11-07,EDLW,72.75,250722,CHF
2017-11-07,FJRD,41.3,194143,USD
2017-11-07,HLVT,80.26,72534,CHF
2017-11-07,IBEX,100.35,247883,EUR
2017-11-07,JURA,2645.01,81137,CHF
2017-11-08,ALPN,107.16,355838,CHF
2017-11-08,BRGN,399.97,297187,CHF
2017-11-08,CRYS,52.1,49908,CHF
2017-11-08,DELT,102.74,106268,EUR
2017-11-08,EDLW,72.91,347246,CHF
2017-11-08,FJRD,41.55,397201,USD
2017-11-08,HLVT,81.6,151981,CHF
2017-11-08,IBEX,100.58,205853,EUR
2017-11-08,JURA,2659.48,331893,CHF
2017-11-09,ALPN,106.37,79760,CHF
2017-11-09,BRGN,398.66,226417,CHF
2017-11-09,CRYS,52.01,94637,CHF
2017-11-09,DELT,102.11,300217,EUR
2017-11-09,EDLW,70.77,313558,CHF
2017-11-09,FJRD,41.58,205310,USD
2017-11-09,FJRD,41.58,205310,USD
2017-11-09,HLVT,82.4,188317,CHF
2017-11-09,IBEX,100.66,237884,EUR
2017-11-09,JURA,2694.25,77852,CHF
2017-11-10,ALPN,106.65,278156,CHF
2017-11-10,BRGN,387.48,252784,CHF
2017-11-10,CRYS,52.06,389663,CHF
2017-11-10,DELT,101.28,132708,EUR
2017-11-10,EDLW,70.91,265089,CHF
2017-11-10,FJRD,41.63,393293,USD
2017-11-10,HLVT,82.49,163423,CHF
2017-11-10,IBEX,99.66,57112,EUR
2017-11-10,JURA,2637.43,308121,CHF
2017-11-13,ALPN,106.28,245583,CHF
2017-11-13,BRGN,387.57,247151,CHF
2017-11-13,CRYS,51.93,43966,CHF
2017-11-13,DELT,101.37,41793,EUR
2017-11-13,EDLW,71.69,236476,CHF
2017-11-13,FJRD,42.32,156410,USD
2017-11-13,HLVT,81.69,196318,CHF
2017-11-13,IBEX,98.63,335562,EUR
2017-11-13,JURA,2'653.13,49687,CHF
2017-11-14,ALPN,105.41,394006,CHF
2017-11-14,BRGN,389.03,262173,CHF
2017-11-14,CRYS,51.95,250528,CHF
2017-11-14,DELT,101.28,326691,EUR
2017-11-14,EDLW,71.93,33762,CHF
2017-11-14,FJRD,41.42,93543,USD
2017-11-14,HLVT,82.26,315268,CHF
2017-11-14,IBEX,98.99,334549,EUR
2017-11-14,JURA,2631.64,266095,CHF
2017-11-15,ALPN,106.12,175539,CHF
2017-11-15,BRGN,390.66,127295,CHF
2017-11-15,CRYS,52.31,369746,CHF
2017-11-15,DELT,102.46,267274,EUR
2017-11-15,EDLW,72.77,367759,CHF
2017-11-15,FJRD,41.56,136878,USD
2017-11-15,HLVT,81.47,367751,CHF
2017-11-15,IBEX,99.11,328151,EUR
2017-11-15,JURA,2646.41,310076,CHF
2017-11-16,ALPN,107.64,312893,CHF
2017-11-16,BRGN,392.54,368680,CHF
2017-11-16,CRYS,52.95,367455,CHF
2017-11-16,DELT,104.3,301434,EUR
2017-11-16,EDLW,73.34,368631,CHF
2017-11-16,FJRD,42.43,174372,USD
2017-11-16,HLVT,83.46,295360,CHF
2017-11-16,IBEX,99.91,331542,EUR
2017-11-16,JURA,2698.17,344725,CHF
2017-11-17,ALPN,106.15,181098,CHF
2017-11-17,BRGN,396.36,304076,CHF
2017-11-17,CRYS,52.79,192490,CHF
2017-11-17,DELT,104.59,212614,EUR
2017-11-17,EDLW,74.23,91247,CHF
2017-11-17,FJRD,42.24,172296,USD
2017-11-17,HLVT,82.87,71971,CHF
2017-11-17,IBEX,98.7,43978,EUR
2017-11-17,JURA,2702.12,244331,CHF
2017-11-20,ALPN,106.87,296823,CHF
2017-11-20,BRGN,400.81,259386,CHF
2017-11-20,CRYS,54.0,43281,CHF
2017-11-20,DELT,104.41,386454,EUR
2017-11-20,EDLW,73.58,291976,CHF
2017-11-20,FJRD,42.84,324739,USD
2017-11-20,HLVT,82.96,89766,CHF
2017-11-20,IBEX,99.4,56772,EUR
2017-11-20,JURA,2726.97,82433,CHF
2017-11-21,ALPN,106.02,31974,CHF
2017-11-21,BRGN,403.07,336263,CHF
2017-11-21,CRYS,54.65,352667,CHF
2017-11-21,DELT,103.87,45922,EUR
2017-11-21,EDLW,73.74,240728,CHF
2017-11-21,FJRD,43.31,110827,USD
2017-11-21,HLVT,82.02,218929,CHF
2017-11-21,IBEX,100.26,270805,EUR
2017-11-21,JURA,2701.76,340811,CHF
2017-11-22,ALPN,107.98,90046,CHF
2017-11-22,BRGN,404.7,163365,CHF
2017-11-22,CRYS,55.56,228516,CHF
2017-11-22,DELT,104.49,156186,EUR
2017-11-22,EDLW,74.26,109808,CHF
2017-11-22,FJRD,43.51,385844,USD
2017-11-22,HLVT,84.39,98233,CHF
2017-11-22,IBEX,102.82,110438,EUR
2017-11-22,JURA,2721.26,254159,CHF
2017-11-23,ALPN,106.62,362831,CHF
2017-11-23,BRGN,403.49,266158,CHF
2017-11-23,CRYS,54.77,299168,CHF
2017-11-23,DELT,101.73,196129,EUR
2017-11-23,EDLW,72.07,264501,CHF
2017-11-23,FJRD,43.0,316775,USD
2017-11-23,HLVT,84.17,399919,CHF
2017-11-23,IBEX,99.52,295653,EUR
2017-11-23,JURA,2674.61,128850,CHF
2017-11-24,ALPN,107.94,89043,CHF
2017-11-24,BRGN,400.39,373654,CHF
2017-11-24,CRYS,54.79,279195,CHF
2017-11-24,DELT,102.71,125483,EUR
2017-11-24,EDLW,72.38,110979,CHF
2017-11-24,FJRD,42.93,253173,USD
2017-11-24,HLVT,84.57,138231,CHF
2017-11-24,IBEX,99.71,171797,EUR
2017-11-24,JURA,2669.84,193947,CHF
2017-11-27,ALPN,107.27,396974,CHF
2017-11-27,BRGN,407.11,218495,CHF
2017-11-27,CRYS,53.57,283503,CHF
2017-11-27,DELT,102.85,283191,EUR
2017-11-27,EDLW,73.34,60814,CHF
2017-11-27,FJRD,43.91,149461,USD
2017-11-27,HLVT,84.48,315242,CHF
2017-11-27,IBEX,101.5,81003,EUR
2017-11-27,JURA,2648.5,226884,CHF
2017-11-28,ALPN,105.0,34797,CHF
2017-11-28,BRGN,401.5,113056,CHF
2017-11-28,CRYS,51.99,384182,CHF
2017-11-28,DELT,102.35,292810,EUR
2017-11-28,EDLW,71.42,269776,CHF
2017-11-28,FJRD,42.95,33974,USD
2017-11-28,HLVT,82.12,339568,CHF
2017-11-28,IBEX,97.94,392211,EUR
2017-11-28,JURA,2616.74,85884,CHF
2017-11-29,ALPN,101.93,94871,CHF
2017-11-29,BRGN,393.5,185397,CHF
2017-11-29,CRYS,51.03,341473,CHF
2017-11-29,DELT,97.85,337252,EUR
2017-11-29,EDLW,68.77,256205,CHF
2017-11-29,FJRD,41.06,377397,USD
2017-11-29,HLVT,81.11,123771,CHF
2017-11-29,IBEX,97.34,122674,EUR
2017-11-29,JURA,2545.85,377601,CHF
2017-11-30,ALPN,98.64,66355,CHF
2017-11-30,BRGN,390.83,104829,CHF
2017-11-30,CRYS,49.81,386149,CHF
2017-11-30,DELT,96.13,203829,EUR
2017-11-30,EDLW,67.98,361074,CHF
2017-11-30,FJRD,39.43,363978,USD
2017-11-30,FJRD,39.43,363978,USD
2017-11-30,HLVT,79.31,93547,CHF
2017-11-30,IBEX,96.83,32526,EUR
2017-11-30,JURA,2525.45,232869,CHF
2017-12-01,ALPN,96.26,289882,CHF
2017-12-01,BRGN,390.44,307761,CHF
2017-12-01,CRYS,49.02,81127,CHF
2017-12-01,DELT,95.55,344121,EUR
2017-12-01,EDLW,65.91,30808,CHF
2017-12-01,FJRD,38.61,124798,USD
2017-12-01,HLVT,79.28,77803,CHF
2017-12-01,IBEX,96.05,67820,EUR
2017-12-01,JURA,2518.63,327319,CHF
2017-12-04,ALPN,95.3,298121,CHF
2017-12-04,BRGN,387.55,183710,CHF
2017-12-04,CRYS,48.63,125010,CHF
2017-12-04,DELT,94.92,393660,EUR
2017-12-04,EDLW,65.48,269480,CHF
2017-12-04,FJRD,39.03,245230,USD
2017-12-04,HLVT,76.87,136068,CHF
2017-12-04,IBEX,96.89,23645,EUR
2017-12-04,JURA,2532.45,346510,CHF
2017-12-05,ALPN,99.04,305255,CHF
2017-12-05,BRGN,389.55,217944,CHF
2017-12-05,CRYS,48.83,142042,CHF
2017-12-05,DELT,96.97,52639,EUR
2017-12-05,EDLW,66.79,290903,CHF
2017-12-05,FJRD,39.29,208113,USD
2017-12-05,HLVT,76.86,332555,CHF
2017-12-05,IBEX,99.43,303481,EUR
2017-12-05,JURA,2561.58,153620,CHF
2017-12-06,ALPN,101.01,85135,CHF
2017-12-06,BRGN,396.77,140081,CHF
2017-12-06,CRYS,48.62,155462,CHF
2017-12-06,DELT,99.09,147144,EUR
2017-12-06,EDLW,67.16,395533,CHF
2017-12-06,FJRD,39.56,117765,USD
2017-12-06,HLVT,79.03,43795,CHF
2017-12-06,IBEX,99.07,233909,EUR
2017-12-06,JURA,2592.88,375109,CHF
2017-12-07,ALPN,100.92,179697,CHF
2017-12-07,BRGN,392.76,180270,CHF
2017-12-07,CRYS,47.22,170932,CHF
2017-12-07,DELT,98.23,342181,EUR
2017-12-07,EDLW,66.87,55139,CHF
2017-12-07,FJRD,38.8,320707,USD
2017-12-07,HLVT,79.17,31910,CHF
2017-12-07,IBEX,98.38,343976,EUR
2017-12-07,JURA,2507.95,380045,CHF
2017-12-08,ALPN,102.26,156443,CHF
2017-12-08,BRGN,403.71,219990,CHF
2017-12-08,CRYS,48.0,150809,CHF
2017-12-08,DELT,98.78,316250,EUR
2017-12-08,EDLW,66.44,253550,CHF
2017-12-08,FJRD,38.58,33429,USD
2017-12-08,HLVT,79.33,220232,CHF
2017-12-08,IBEX,96.78,51953,EUR
2017-12-08,JURA,2506.78,112699,CHF
2017-12-11,ALPN,105.74,82407,CHF
2017-12-11,BRGN,412.08,365196,CHF
2017-12-11,CRYS,49.38,239083,CHF
2017-12-11,DELT,100.36,306882,EUR
2017-12-11,EDLW,67.45,282669,CHF
2017-12-11,FJRD,39.52,367500,USD
2017-12-11,HLVT,81.21,114997,CHF
2017-12-11,IBEX,97.35,190516,EUR
2017-12-11,JURA,2'535.76,129494,CHF
2017-12-12,ALPN,106.73,244020,CHF
2017-12-12,BRGN,410.34,201746,CHF
2017-12-12,CRYS,50.44,96759,CHF
2017-12-12,DELT,99.97,323545,EUR
2017-12-12,EDLW,66.85,374787,CHF
2017-12-12,FJRD,38.47,266313,USD
2017-12-12,HLVT,81.92,266662,CHF
2017-12-12,IBEX,95.51,236278,EUR
2017-12-12,JURA,2532.67,296751,CHF
2017-12-13,ALPN,107.33,131296,CHF
2017-12-13,BRGN,399.95,47880,CHF
2017-12-13,CRYS,50.83,157739,CHF
2017-12-13,DELT,98.3,389466,EUR
2017-12-13,EDLW,66.88,294441,CHF
2017-12-13,FJRD,38.5,366585,USD
2017-12-13,HLVT,82.88,343664,CHF
2017-12-13,IBEX,95.88,127447,EUR
2017-12-13,JURA,2563.11,32992,CHF
2017-12-14,ALPN,107.25,128496,CHF
2017-12-14,BRGN,395.71,310438,CHF
2017-12-14,CRYS,50.47,78720,CHF
2017-12-14,DELT,97.6,268885,EUR
2017-12-14,EDLW,67.08,225298,CHF
2017-12-14,FJRD,37.62,106361,USD
2017-12-14,HLVT,80.87,183215,CHF
2017-12-14,IBEX,95.25,303246,EUR
2017-12-14,JURA,2578.8,75607,CHF
2017-12-15,ALPN,107.6,80511,CHF
2017-12-15,BRGN,388.79,71844,CHF
2017-12-15,CRYS,50.03,270062,CHF
2017-12-15,DELT,96.53,108394,EUR
2017-12-15,EDLW,65.85,395074,CHF
2017-12-15,FJRD,37.21,371107,USD
2017-12-15,HLVT,81.03,115744,CHF
2017-12-15,IBEX,93.05,268665,EUR
2017-12-15,JURA,2553.55,112744,CHF
2017-12-18,ALPN,107.5,341317,CHF
2017-12-18,BRGN,386.53,166428,CHF
2017-12-18,CRYS,50.64,146053,CHF
2017-12-18,DELT,98.01,136899,EUR
2017-12-18,EDLW,65.8,344831,CHF
2017-12-18,FJRD,37.72,47217,USD
2017-12-18,HLVT,80.66,184568,CHF
2017-12-18,IBEX,94.82,146287,EUR
2017-12-18,JURA,2540.64,106287,CHF
2017-12-19,ALPN,107.19,298167,CHF
2017-12-19,BRGN,383.42,207564,CHF
2017-12-19,CRYS,49.55,75968,CHF
2017-12-19,DELT,96.0,248807,EUR
2017-12-19,EDLW,64.52,86089,CHF
2017-12-19,FJRD,36.4,149050,USD
2017-12-19,HLVT,80.52,342524,CHF
2017-12-19,IBEX,92.9,281259,EUR
2017-12-19,JURA,2524.13,265210,CHF
2017-12-20,ALPN,109.46,156125,CHF
2017-12-20,BRGN,394.48,207746,CHF
2017-12-20,CRYS,49.34,368275,CHF
2017-12-20,DELT,95.66,321878,EUR
2017-12-20,EDLW,66.08,287828,CHF
2017-12-20,FJRD,36.73,34358,USD
2017-12-20,HLVT,82.96,325930,CHF
2017-12-20,IBEX,92.93,195824,EUR
2017-12-20,JURA,2557.78,353343,CHF
2017-12-21,ALPN,110.13,275683,CHF
2017-12-21,BRGN,397.71,271931,CHF
2017-12-21,CRYS,50.51,159106,CHF
2017-12-21,DELT,95.58,389522,EUR
2017-12-21,EDLW,65.08,293419,CHF
2017-12-21,FJRD,37.89,108495,USD
2017-12-21,HLVT,82.9,131310,CHF
2017-12-21,IBEX,93.32,250039,EUR
2017-12-21,JURA,2553.65,192575,CHF
2017-12-22,ALPN,109.82,252231,CHF
2017-12-22,BRGN,398.53,149994,CHF
2017-12-22,CRYS,50.33,192312,CHF
2017-12-22,DELT,93.35,251347,EUR
2017-12-22,EDLW,65.04,198505,CHF
2017-12-22,FJRD,37.25,113700,USD
2017-12-22,HLVT,82.43,371445,CHF
2017-12-22,IBEX,92.56,288822,EUR
2017-12-22,JURA,2521.33,29593,CHF
2017-12-25,ALPN,113.35,23950,CHF
2017-12-25,BRGN,406.03,397195,CHF
2017-12-25,CRYS,52.82,387994,CHF
2017-12-25,DELT,95.93,244581,EUR
2017-12-25,EDLW,64.59,111419,CHF
2017-12-25,FJRD,38.41,380532,USD
2017-12-25,HLVT,86.0,314993,CHF
2017-12-25,IBEX,93.14,323798,EUR
2017-12-25,JURA,2618.7,391065,CHF
2017-12-26,ALPN,112.29,308992,CHF
2017-12-26,BRGN,402.25,273941,CHF
2017-12-26,CRYS,51.54,166618,CHF
2017-12-26,DELT,93.0,376145,EUR
2017-12-26,EDLW,64.79,75545,CHF
2017-12-26,FJRD,38.13,48189,USD
2017-12-26,HLVT,87.29,387091,CHF
2017-12-26,IBEX,93.98,306327,EUR
2017-12-26,JURA,2632.18,67145,CHF
2017-12-27,ALPN,107.57,154837,CHF
2017-12-27,BRGN,404.08,241971,CHF
2017-12-27,CRYS,51.36,69276,CHF
2017-12-27,DELT,92.24,285547,EUR
2017-12-27,EDLW,63.21,378865,CHF
2017-12-27,FJRD,37.54,73626,USD
2017-12-27,HLVT,86.49,223046,CHF
2017-12-27,IBEX,93.84,301654,EUR
2017-12-27,JURA,2583.57,354949,CHF
2017-12-28,ALPN,107.58,342369,CHF
2017-12-28,BRGN,400.68,294010,CHF
2017-12-28,CRYS,51.97,99609,CHF
2017-12-28,DELT,93.35,156447,EUR
2017-12-28,EDLW,62.23,140461,CHF
2017-12-28,FJRD,37.82,26840,USD
2017-12-28,HLVT,86.7,234515,CHF
2017-12-28,IBEX,95.35,236594,EUR
2017-12-28,JURA,2611.05,191506,CHF
2017-12-29,ALPN,105.14,393131,CHF
2017-12-29,BRGN,399.18,133684,CHF
2017-12-29,CRYS,50.78,165737,CHF
2017-12-29,DELT,91.34,116791,EUR
2017-12-29,EDLW,60.77,334258,CHF
2017-12-29,FJRD,36.91,29649,USD
2017-12-29,HLVT,85.59,146253,CHF
2017-12-29,IBEX,94.65,289082,EUR
2017-12-29,JURA,2563.02,281454,CHF
2018-01-01,ALPN,108.63,377901,CHF
2018-01-01,BRGN,398.7,374751,CHF
2018-01-01,CRYS,50.43,268500,CHF
2018-01-01,DELT,89.09,228701,EUR
2018-01-01,EDLW,60.99,377027,CHF
2018-01-01,FJRD,37.39,32853,USD
2018-01-01,HLVT,87.54,29917,CHF
2018-01-01,IBEX,95.86,30932,EUR
2018-01-01,JURA,2525.46,341558,CHF
2018-01-02,ALPN,107.66,57156,CHF
2018-01-02,BRGN,397.21,327464,CHF
2018-01-02,CRYS,49.46,71951,CHF
2018-01-02,DELT,88.74,362037,EUR
2018-01-02,EDLW,62.54,287318,CHF
2018-01-02,FJRD,36.96,26247,USD
2018-01-02,HLVT,86.76,339351,CHF
2018-01-02,IBEX,95.63,54516,EUR
2018-01-02,JURA,2520.68,392928,CHF
2018-01-03,ALPN,109.52,48190,CHF
2018-01-03,BRGN,397.71,55636,CHF
2018-01-03,CRYS,48.91,177225,CHF
2018-01-03,DELT,88.82,61638,EUR
2018-01-03,EDLW,62.01,210665,CHF
2018-01-03,FJRD,37.52,23187,USD
2018-01-03,HLVT,86.56,189565,CHF
2018-01-03,IBEX,96.39,303472,EUR
2018-01-03,JURA,2547.61,70993,CHF
2018-01-04,ALPN,109.94,130033,CHF
2018-01-04,BRGN,407.21,148368,CHF
2018-01-04,CRYS,49.9,52630,CHF
2018-01-04,DELT,88.0,59881,EUR
2018-01-04,EDLW,62.5,344492,CHF
2018-01-04,FJRD,37.19,76684,USD
2018-01-04,HLVT,87.22,347501,CHF
2018-01-04,IBEX,98.49,201220,EUR
2018-01-04,JURA,2588.52,56706,CHF
2018-01-05,ALPN,111.5,201248,CHF
2018-01-05,BRGN,417.16,255687,CHF
2018-01-05,CRYS,50.8,201922,CHF
2018-01-05,DELT,88.14,288744,EUR
2018-01-05,EDLW,63.4,394328,CHF
2018-01-05,FJRD,37.06,221041,USD
2018-01-05,HLVT,86.58,190229,CHF
2018-01-05,IBEX,100.54,275633,EUR
2018-01-05,JURA,2622.11,381258,CHF
2018-01-08,ALPN,109.68,281136,CHF
2018-01-08,BRGN,412.07,217223,CHF
2018-01-08,CRYS,50.73,190756,CHF
2018-01-08,DELT,88.27,23646,EUR
2018-01-08,EDLW,63.11,195035,CHF
2018-01-08,FJRD,38.27,21587,USD
2018-01-08,HLVT,86.49,70100,CHF
2018-01-08,IBEX,102.04,340410,EUR
2018-01-08,JURA,2'666.60,352418,CHF
2018-01-09,ALPN,109.26,36022,CHF
2018-01-09,BRGN,408.27,194619,CHF
2018-01-09,CRYS,49.2,241105,CHF
2018-01-09,DELT,87.33,370616,EUR
2018-01-09,EDLW,62.51,247278,CHF
2018-01-09,FJRD,38.06,79634,USD
2018-01-09,HLVT,88.08,285919,CHF
2018-01-09,IBEX,99.66,124801,EUR
2018-01-09,JURA,2685.28,200898,CHF
2018-01-10,ALPN,110.04,271677,CHF
2018-01-10,BRGN,409.07,36238,CHF
2018-01-10,CRYS,49.33,339472,CHF
2018-01-10,DELT,88.6,298743,EUR
2018-01-10,EDLW,62.88,356760,CHF
2018-01-10,FJRD,38.75,43335,USD
2018-01-10,HLVT,88.09,164138,CHF
2018-01-10,IBEX,100.37,286856,EUR
2018-01-10,JURA,2627.3,212885,CHF
2018-01-11,ALPN,108.69,347530,CHF
2018-01-11,BRGN,405.23,366044,CHF
2018-01-11,CRYS,48.69,202008,CHF
2018-01-11,DELT,86.88,124015,EUR
2018-01-11,EDLW,63.6,256964,CHF
2018-01-11,FJRD,38.37,378131,USD
2018-01-11,HLVT,86.22,351541,CHF
2018-01-11,IBEX,97.86,175214,EUR
2018-01-11,JURA,2639.43,76375,CHF
2018-01-12,ALPN,108.72,137541,CHF
2018-01-12,BRGN,405.56,83437,CHF
2018-01-12,CRYS,47.58,247717,CHF
2018-01-12,DELT,84.64,281404,EUR
2018-01-12,EDLW,62.25,246248,CHF
2018-01-12,FJRD,38.16,177690,USD
2018-01-12,HLVT,85.63,29848,CHF
2018-01-12,IBEX,96.1,397830,EUR
2018-01-12,JURA,2595.77,56321,CHF
2018-01-15,ALPN,109.85,246604,CHF
2018-01-15,BRGN,407.14,257609,CHF
2018-01-15,CRYS,47.79,223892,CHF
2018-01-15,DELT,84.72,189643,EUR
2018-01-15,EDLW,61.82,379318,CHF
2018-01-15,FJRD,38.49,344554,USD
2018-01-15,HLVT,83.29,117086,CHF
2018-01-15,IBEX,95.71,215504,EUR
2018-01-15,JURA,2595.88,209031,CHF
2018-01-16,ALPN,112.55,234938,CHF
2018-01-16,BRGN,406.97,85011,CHF
2018-01-16,CRYS,48.36,264498,CHF
2018-01-16,DELT,85.26,113593,EUR
2018-01-16,EDLW,61.4,322827,CHF
2018-01-16,FJRD,38.88,28560,USD
2018-01-16,HLVT,85.49,39469,CHF
2018-01-16,IBEX,99.84,384540,EUR
2018-01-16,JURA,2615.09,274068,CHF
2018-01-17,ALPN,111.67,125990,CHF
2018-01-17,BRGN,401.71,25151,CHF
2018-01-17,CRYS,48.93,46867,CHF
2018-01-17,DELT,84.51,304885,EUR
2018-01-17,EDLW,60.9,36887,CHF
2018-01-17,FJRD,39.34,307661,USD
2018-01-17,HLVT,85.82,32895,CHF
2018-01-17,IBEX,101.74,264023,EUR
2018-01-17,JURA,2651.42,22182,CHF
2018-01-18,ALPN,113.4,374126,CHF
2018-01-18,BRGN,400.23,399045,CHF
2018-01-18,CRYS,49.72,152086,CHF
2018-01-18,DELT,85.37,82459,EUR
2018-01-18,EDLW,60.9,56472,CHF
2018-01-18,FJRD,39.41,131970,USD
2018-01-18,HLVT,86.38,92983,CHF
2018-01-18,IBEX,101.56,333280,EUR
2018-01-18,JURA,2715.59,373945,CHF
2018-01-19,ALPN,113.73,157757,CHF
2018-01-19,BRGN,403.18,262027,CHF
2018-01-19,CRYS,48.9,219012,CHF
2018-01-19,DELT,85.78,66726,EUR
2018-01-19,EDLW,61.49,322737,CHF
2018-01-19,FJRD,39.76,338237,USD
2018-01-19,HLVT,86.83,83060,CHF
2018-01-19,IBEX,101.39,332712,EUR
2018-01-19,JURA,2745.66,103384,CHF
2018-01-22,ALPN,112.67,365729,CHF
2018-01-22,BRGN,401.64,156300,CHF
2018-01-22,CRYS,48.58,193176,CHF
2018-01-22,DELT,83.59,171437,EUR
2018-01-22,EDLW,62.25,340560,CHF
2018-01-22,FJRD,38.39,318045,USD
2018-01-22,HLVT,87.13,120318,CHF
2018-01-22,IBEX,101.85,351950,EUR
2018-01-22,JURA,2716.95,123182,CHF
2018-01-23,ALPN,111.68,53585,CHF
2018-01-23,BRGN,405.28,45486,CHF
2018-01-23,CRYS,48.92,393924,CHF
2018-01-23,DELT,83.02,332758,EUR
2018-01-23,EDLW,62.03,177865,CHF
2018-01-23,FJRD,38.63,163598,USD
2018-01-23,HLVT,87.74,98303,CHF
2018-01-23,IBEX,101.4,151556,EUR
2018-01-23,JURA,2684.87,149627,CHF
2018-01-24,ALPN,113.67,383801,CHF
2018-01-24,BRGN,402.64,30264,CHF
2018-01-24,BRGN,402.64,30264,CHF
2018-01-24,CRYS,48.98,196212,CHF
2018-01-24,DELT,82.86,74893,EUR
2018-01-24,EDLW,62.93,285964,CHF
2018-01-24,FJRD,39.65,275688,USD
2018-01-24,HLVT,88.15,364791,CHF
2018-01-24,IBEX,103.2,56179,EUR
2018-01-24,JURA,2704.67,355555,CHF
2018-01-25,ALPN,116.24,275892,CHF
2018-01-25,BRGN,410.93,315730,CHF
2018-01-25,CRYS,49.33,99679,CHF
2018-01-25,DELT,84.2,161657,EUR
2018-01-25,EDLW,63.66,388241,CHF
2018-01-25,FJRD,40.84,126433,USD
2018-01-25,HLVT,88.87,74192,CHF
2018-01-25,IBEX,104.08,231223,EUR
2018-01-25,JURA,2756.94,31667,CHF
2018-01-26,ALPN,117.73,145448,CHF
2018-01-26,BRGN,413.87,28031,CHF
2018-01-26,CRYS,49.85,284084,CHF
2018-01-26,DELT,82.6,354403,EUR
2018-01-26,EDLW,63.38,308561,CHF
2018-01-26,FJRD,40.78,145438,USD
2018-01-26,HLVT,88.23,176868,CHF
2018-01-26,IBEX,104.42,202389,EUR
2018-01-26,JURA,2763.35,151398,CHF
2018-01-29,ALPN,117.05,212995,CHF
2018-01-29,BRGN,411.12,104229,CHF
2018-01-29,CRYS,48.21,24270,CHF
2018-01-29,DELT,82.77,176530,EUR
2018-01-29,EDLW,62.1,113354,CHF
2018-01-29,FJRD,39.34,377267,USD
2018-01-29,HLVT,86.58,187629,CHF
2018-01-29,IBEX,100.79,291289,EUR
2018-01-29,JURA,2726.55,181065,CHF
2018-01-30,ALPN,117.93,118908,CHF
2018-01-30,BRGN,412.53,213122,CHF
2018-01-30,CRYS,48.4,179477,CHF
2018-01-30,DELT,82.4,259736,EUR
2018-01-30,EDLW,63.06,226822,CHF
2018-01-30,FJRD,39.49,79532,USD
2018-01-30,HLVT,86.27,278897,CHF
2018-01-30,IBEX,100.68,276503,EUR
2018-01-30,JURA,2775.18,362810,CHF
2018-01-31,ALPN,119.19,85891,CHF
2018-01-31,BRGN,415.38,162362,CHF
2018-01-31,CRYS,49.87,34998,CHF
2018-01-31,DELT,84.28,114196,EUR
2018-01-31,EDLW,62.98,322080,CHF
2018-01-31,FJRD,40.81,264858,USD
2018-01-31,HLVT,85.63,125127,CHF
2018-01-31,IBEX,101.68,340916,EUR
2018-01-31,JURA,2809.71,349734,CHF
2018-02-01,ALPN,120.13,362890,CHF
2018-02-01,BRGN,415.16,349397,CHF
2018-02-01,CRYS,49.53,247246,CHF
2018-02-01,DELT,82.71,186090,EUR
2018-02-01,EDLW,62.91,269620,CHF
2018-02-01,FJRD,39.94,387305,USD
2018-02-01,HLVT,85.37,289622,CHF
2018-02-01,IBEX,99.34,208423,EUR
2018-02-01,JURA,2769.98,56871,CHF
2018-02-02,ALPN,119.29,31310,CHF
2018-02-02,BRGN,423.4,348098,CHF
2018-02-02,CRYS,49.28,117122,CHF
2018-02-02,DELT,83.39,244905,EUR
2018-02-02,EDLW,62.97,253062,CHF
2018-02-02,FJRD,39.9,57347,USD
2018-02-02,HLVT,86.04,137213,CHF
2018-02-02,IBEX,97.46,286215,EUR
2018-02-02,JURA,2771.66,137521,CHF
2018-02-05,ALPN,119.64,357977,CHF
2018-02-05,BRGN,429.35,336392,CHF
2018-02-05,CRYS,49.58,277030,CHF
2018-02-05,DELT,83.03,214526,EUR
2018-02-05,EDLW,63.19,201965,CHF
2018-02-05,FJRD,39.7,196409,USD
2018-02-05,HLVT,87.06,361859,CHF
2018-02-05,IBEX,96.69,103362,EUR
2018-02-05,JURA,2'814.10,339859,CHF
2018-02-06,ALPN,117.53,285154,CHF
2018-02-06,BRGN,423.1,343705,CHF
2018-02-06,CRYS,49.42,110202,CHF
2018-02-06,DELT,81.59,158782,EUR
2018-02-06,EDLW,64.11,119143,CHF
2018-02-06,FJRD,40.18,63478,USD
2018-02-06,HLVT,87.77,255050,CHF
2018-02-06,IBEX,95.95,381017,EUR
2018-02-06,JURA,2763.26,96769,CHF
2018-02-07,ALPN,115.63,347558,CHF
2018-02-07,BRGN,424.0,48248,CHF
2018-02-07,CRYS,50.37,138075,CHF
2018-02-07,DELT,82.09,375386,EUR
2018-02-07,EDLW,64.18,103267,CHF
2018-02-07,FJRD,40.44,386658,USD
2018-02-07,HLVT,88.42,361021,CHF
2018-02-07,IBEX,96.41,54671,EUR
2018-02-07,JURA,2791.14,189471,CHF
2018-02-08,ALPN,116.23,190558,CHF
2018-02-08,BRGN,420.87,357365,CHF
2018-02-08,CRYS,49.82,326938,CHF
2018-02-08,DELT,82.71,33136,EUR
2018-02-08,EDLW,65.06,311323,CHF
2018-02-08,FJRD,40.82,85957,USD
2018-02-08,HLVT,87.03,250170,CHF
2018-02-08,IBEX,96.4,185940,EUR
2018-02-08,JURA,2799.31,77047,CHF
2018-02-09,ALPN,115.51,48497,CHF
2018-02-09,BRGN,434.62,130136,CHF
2018-02-09,CRYS,50.58,135942,CHF
2018-02-09,DELT,85.58,99989,EUR
2018-02-09,FJRD,42.54,231348,USD
2018-02-09,HLVT,86.94,106691,CHF
2018-02-09,IBEX,97.62,362754,EUR
2018-02-09,JURA,2835.58,60403,CHF
2018-02-12,ALPN,113.11,45621,CHF
2018-02-12,BRGN,432.6,247442,CHF
2018-02-12,BRGN,432.6,247442,CHF
2018-02-12,CRYS,48.86,369947,CHF
2018-02-12,DELT,81.82,355177,EUR
2018-02-12,EDLW,65.17,306424,CHF
2018-02-12,FJRD,41.77,347445,USD
2018-02-12,HLVT,84.6,48336,CHF
2018-02-12,IBEX,95.84,341530,EUR
2018-02-12,JURA,2799.17,349117,CHF
2018-02-13,ALPN,113.25,139447,CHF
2018-02-13,BRGN,432.26,88196,CHF
2018-02-13,CRYS,48.94,86288,CHF
2018-02-13,DELT,82.32,25715,EUR
2018-02-13,EDLW,65.46,174513,CHF
2018-02-13,FJRD,42.34,171794,USD
2018-02-13,HLVT,86.93,268962,CHF
2018-02-13,IBEX,96.96,217145,EUR
2018-02-13,JURA,2833.76,213432,CHF
2018-02-14,ALPN,115.41,355282,CHF
2018-02-14,BRGN,431.06,157226,CHF
2018-02-14,CRYS,49.68,199717,CHF
2018-02-14,DELT,82.61,373125,EUR
2018-02-14,EDLW,65.38,256010,CHF
2018-02-14,FJRD,42.47,157167,USD
2018-02-14,HLVT,84.75,165298,CHF
2018-02-14,IBEX,97.42,105175,EUR
2018-02-14,JURA,2840.52,126006,CHF
2018-02-15,ALPN,115.66,67291,CHF
2018-02-15,BRGN,438.09,326603,CHF
2018-02-15,CRYS,50.3,295707,CHF
2018-02-15,DELT,80.55,75816,EUR
2018-02-15,EDLW,64.99,359495,CHF
2018-02-15,FJRD,41.62,59884,USD
2018-02-15,HLVT,85.08,239397,CHF
2018-02-15,IBEX,96.34,377045,EUR
2018-02-15,JURA,2776.33,302509,CHF
2018-02-16,ALPN,113.73,362879,CHF
2018-02-16,BRGN,439.87,311420,CHF
2018-02-16,CRYS,50.21,318630,CHF
2018-02-16,DELT,79.49,132460,EUR
2018-02-16,EDLW,63.91,262818,CHF
2018-02-16,HLVT,85.51,175638,CHF
2018-02-16,IBEX,96.01,318087,EUR
2018-02-16,JURA,2774.74,389512,CHF
2018-02-19,ALPN,114.2,225630,CHF
2018-02-19,BRGN,443.92,254171,CHF
2018-02-19,CRYS,51.21,240285,CHF
2018-02-19,DELT,81.49,188884,EUR
2018-02-19,EDLW,63.4,37887,CHF
2018-02-19,FJRD,41.7,137387,USD
2018-02-19,HLVT,85.96,276976,CHF
2018-02-19,IBEX,95.12,399503,EUR
2018-02-19,JURA,2758.9,123578,CHF
2018-02-20,ALPN,115.28,199099,CHF
2018-02-20,BRGN,445.95,21765,CHF
2018-02-20,CRYS,50.3,48146,CHF
2018-02-20,DELT,79.58,277023,EUR
2018-02-20,EDLW,62.78,128321,CHF
2018-02-20,FJRD,41.63,52412,USD
2018-02-20,HLVT,85.6,394366,CHF
2018-02-20,IBEX,94.06,314375,EUR
2018-02-20,JURA,2728.3,335997,CHF
2018-02-21,ALPN,117.07,291911,CHF
2018-02-21,BRGN,444.14,140411,CHF
2018-02-21,CRYS,51.64,68432,CHF
2018-02-21,DELT,81.7,22098,EUR
2018-02-21,EDLW,62.7,390262,CHF
2018-02-21,FJRD,42.94,241349,USD
2018-02-21,HLVT,87.27,61215,CHF
2018-02-21,IBEX,95.44,231115,EUR
2018-02-21,JURA,2765.92,44655,CHF
2018-02-22,ALPN,117.13,226531,CHF
2018-02-22,BRGN,437.52,355451,CHF
2018-02-22,CRYS,50.56,105081,CHF
2018-02-22,DELT,79.52,43510,EUR
2018-02-22,EDLW,62.08,259641,CHF
2018-02-22,FJRD,43.1,399708,USD
2018-02-22,HLVT,84.49,52560,CHF
2018-02-22,IBEX,95.82,203639,EUR
2018-02-22,JURA,2760.83,78832,CHF
2018-02-23,ALPN,115.73,240168,CHF
2018-02-23,CRYS,51.66,160013,CHF
2018-02-23,DELT,79.61,33807,EUR
2018-02-23,EDLW,62.66,143120,CHF
2018-02-23,FJRD,43.67,364389,USD
2018-02-23,HLVT,85.42,92767,CHF
2018-02-23,IBEX,96.2,139543,EUR
2018-02-23,JURA,2785.5,182740,CHF
2018-02-26,ALPN,112.46,124799,CHF
2018-02-26,BRGN,449.81,315769,CHF
2018-02-26,CRYS,50.74,80970,CHF
2018-02-26,DELT,78.91,196751,EUR
2018-02-26,EDLW,61.48,340334,CHF
2018-02-26,FJRD,43.95,249337,USD
2018-02-26,HLVT,86.47,183145,CHF
2018-02-26,IBEX,96.36,90369,EUR
2018-02-26,JURA,2751.26,183336,CHF
2018-02-27,ALPN,112.32,204378,CHF
2018-02-27,BRGN,450.71,351196,CHF
2018-02-27,CRYS,50.2,66097,CHF
2018-02-27,DELT,78.34,106292,EUR
2018-02-27,EDLW,62.21,202788,CHF
2018-02-27,FJRD,44.97,241000,USD
2018-02-27,HLVT,86.14,78396,CHF
2018-02-27,IBEX,98.47,119652,EUR
2018-02-27,JURA,2785.97,32677,CHF
2018-02-28,ALPN,110.65,343918,CHF
2018-02-28,BRGN,451.28,264961,CHF
2018-02-28,CRYS,50.67,99588,CHF
2018-02-28,DELT,77.41,181437,EUR
2018-02-28,EDLW,61.08,394562,CHF
2018-02-28,FJRD,45.7,358427,USD
2018-02-28,HLVT,85.14,49183,CHF
2018-02-28,IBEX,97.06,321209,EUR
2018-02-28,JURA,2759.03,144178,CHF
2018-03-01,ALPN,112.63,25258,CHF
2018-03-01,BRGN,449.93,311722,CHF
2018-03-01,CRYS,50.52,105533,CHF
2018-03-01,DELT,78.26,68957,EUR
2018-03-01,EDLW,61.32,310271,CHF
2018-03-01,FJRD,45.17,22677,USD
2018-03-01,GLAC,30.39,105114,CHF
2018-03-01,HLVT,84.24,245566,CHF
2018-03-01,IBEX,96.23,307006,EUR
2018-03-01,JURA,2740.41,180635,CHF
2018-03-02,ALPN,114.03,95067,CHF
2018-03-02,BRGN,446.13,335746,CHF
2018-03-02,CRYS,51.96,87741,CHF
2018-03-02,DELT,78.9,341516,EUR
2018-03-02,EDLW,59.95,116106,CHF
2018-03-02,FJRD,45.65,305869,USD
2018-03-02,GLAC,30.23,229076,CHF
2018-03-02,HLVT,83.26,110055,CHF
2018-03-02,IBEX,97.06,61263,EUR
2018-03-02,JURA,2711.72,182366,CHF
2018-03-05,ALPN,113.07,322144,CHF
2018-03-05,BRGN,450.42,133598,CHF
2018-03-05,CRYS,51.22,266490,CHF
2018-03-05,DELT,77.69,312695,EUR
2018-03-05,EDLW,59.2,262517,CHF
2018-03-05,FJRD,43.66,174954,USD
2018-03-05,GLAC,29.51,342732,CHF
2018-03-05,HLVT,81.66,20291,CHF
2018-03-05,IBEX,96.78,381243,EUR
2018-03-05,JURA,2'662.47,113994,CHF
2018-03-06,ALPN,114.17,297661,CHF
2018-03-06,BRGN,455.26,82841,CHF
2018-03-06,CRYS,52.31,390617,CHF
2018-03-06,DELT,79.9,107425,EUR
2018-03-06,EDLW,59.24,372945,CHF
2018-03-06,FJRD,45.09,84220,USD
2018-03-06,GLAC,30.21,255955,CHF
2018-03-06,HLVT,82.5,254050,CHF
2018-03-06,IBEX,97.65,58264,EUR
2018-03-06,JURA,2697.66,213309,CHF
2018-03-07,ALPN,115.59,218657,CHF
2018-03-07,BRGN,454.51,177971,CHF
2018-03-07,CRYS,52.72,40013,CHF
2018-03-07,DELT,80.48,260171,EUR
2018-03-07,EDLW,59.7,100870,CHF
2018-03-07,FJRD,46.64,223083,USD
2018-03-07,GLAC,30.59,134178,CHF
2018-03-07,HLVT,82.17,118347,CHF
2018-03-07,IBEX,98.19,393105,EUR
2018-03-07,JURA,2728.66,166191,CHF
2018-03-08,ALPN,116.74,344894,CHF
2018-03-08,BRGN,450.0,42804,CHF
2018-03-08,CRYS,51.86,399242,CHF
2018-03-08,DELT,81.24,347996,EUR
2018-03-08,EDLW,60.0,217798,CHF
2018-03-08,FJRD,46.3,43011,USD
2018-03-08,GLAC,31.01,213795,CHF
2018-03-08,HLVT,81.68,266786,CHF
2018-03-08,IBEX,98.8,207667,EUR
2018-03-08,JURA,2766.02,50933,CHF
2018-03-09,ALPN,117.54,353173,CHF
2018-03-09,BRGN,457.17,248603,CHF
2018-03-09,CRYS,52.27,391444,CHF
2018-03-09,DELT,81.17,39100,EUR
2018-03-09,EDLW,60.49,41252,CHF
2018-03-09,FJRD,46.6,263039,USD
2018-03-09,HLVT,80.46,235621,CHF
2018-03-09,IBEX,99.86,131937,EUR
2018-03-09,JURA,2779.15,187428,CHF
2018-03-12,ALPN,114.84,80543,CHF
2018-03-12,BRGN,461.88,367407,CHF
2018-03-12,CRYS,51.05,82533,CHF
2018-03-12,DELT,79.83,362380,EUR
2018-03-12,EDLW,59.08,363269,CHF
2018-03-12,FJRD,45.02,353695,USD
2018-03-12,GLAC,30.27,81783,CHF
2018-03-12,HLVT,80.75,65103,CHF
2018-03-12,IBEX,99.49,117023,EUR
2018-03-12,JURA,2760.2,33910,CHF
2018-03-13,ALPN,114.98,311173,CHF
2018-03-13,BRGN,459.47,46638,CHF
2018-03-13,CRYS,49.76,134708,CHF
2018-03-13,DELT,77.18,248490,EUR
2018-03-13,EDLW,57.62,349162,CHF
2018-03-13,FJRD,43.83,393306,USD
2018-03-13,GLAC,29.46,85483,CHF
2018-03-13,HLVT,80.92,207569,CHF
2018-03-13,IBEX,97.06,306388,EUR
2018-03-13,JURA,2743.67,388761,CHF
2018-03-14,ALPN,116.44,275450,CHF
2018-03-14,BRGN,463.89,284411,CHF
2018-03-14,CRYS,49.03,237329,CHF
2018-03-14,DELT,75.7,72531,EUR
2018-03-14,EDLW,56.65,201804,CHF
2018-03-14,FJRD,43.5,178503,USD
2018-03-14,GLAC,29.63,399602,CHF
2018-03-14,HLVT,81.27,20563,CHF
2018-03-14,IBEX,96.88,160658,EUR
2018-03-14,JURA,2706.55,177043,CHF
2018-03-15,ALPN,113.47,147031,CHF
2018-03-15,BRGN,461.88,180703,CHF
2018-03-15,CRYS,48.31,141111,CHF
2018-03-15,DELT,76.09,161711,EUR
2018-03-15,EDLW,57.14,89378,CHF
2018-03-15,FJRD,42.84,188308,USD
2018-03-15,GLAC,30.11,326235,CHF
2018-03-15,HLVT,81.56,356283,CHF
2018-03-15,IBEX,96.69,133042,EUR
2018-03-15,JURA,2628.25,29373,CHF
2018-03-16,ALPN,113.2,137938,CHF
2018-03-16,BRGN,457.84,217339,CHF
2018-03-16,CRYS,48.45,388518,CHF
2018-03-16,DELT,77.59,157931,EUR
2018-03-16,EDLW,56.91,114668,CHF
2018-03-16,FJRD,42.62,152370,USD
2018-03-16,GLAC,30.21,303478,CHF
2018-03-16,HLVT,81.95,294418,CHF
2018-03-16,IBEX,98.97,291174,EUR
2018-03-16,JURA,2634.63,258654,CHF
2018-03-19,ALPN,114.74,129670,CHF
2018-03-19,BRGN,464.41,186124,CHF
2018-03-19,CRYS,48.65,248862,CHF
2018-03-19,DELT,77.96,201109,EUR
2018-03-19,EDLW,56.78,185415,CHF
2018-03-19,FJRD,43.74,382124,USD
2018-03-19,GLAC,30.85,198900,CHF
2018-03-19,HLVT,81.34,350230,CHF
2018-03-19,IBEX,98.35,398888,EUR
2018-03-19,JURA,2642.03,40990,CHF
2018-03-20,ALPN,114.17,301457,CHF
2018-03-20,BRGN,475.22,228246,CHF
2018-03-20,CRYS,49.57,161433,CHF
2018-03-20,DELT,78.73,56386,EUR
2018-03-20,EDLW,56.96,106826,CHF
2018-03-20,FJRD,44.7,379700,USD
2018-03-20,GLAC,30.57,186115,CHF
2018-03-20,IBEX,98.37,197038,EUR
2018-03-20,JURA,2652.67,86486,CHF
2018-03-21,ALPN,112.5,159319,CHF
2018-03-21,BRGN,470.33,181450,CHF
2018-03-21,CRYS,49.81,152602,CHF
2018-03-21,DELT,79.8,130923,EUR
2018-03-21,EDLW,57.64,20181,CHF
2018-03-21,FJRD,45.56,267018,USD
2018-03-21,GLAC,30.5,381147,CHF
2018-03-21,HLVT,80.97,117569,CHF
2018-03-21,IBEX,100.09,343956,EUR
2018-03-21,JURA,2641.95,23804,CHF
2018-03-22,ALPN,112.87,144085,CHF
2018-03-22,BRGN,465.79,264196,CHF
2018-03-22,CRYS,49.43,231510,CHF
2018-03-22,DELT,80.97,263753,EUR
2018-03-22,EDLW,58.74,94577,CHF
2018-03-22,FJRD,45.02,315316,USD
2018-03-22,GLAC,30.16,251113,CHF
2018-03-22,HLVT,83.22,395475,CHF
2018-03-22,IBEX,97.56,280409,EUR
2018-03-22,JURA,2648.28,210596,CHF
2018-03-23,ALPN,112.25,142674,CHF
2018-03-23,BRGN,473.22,363841,CHF
2018-03-23,CRYS,50.09,51146,CHF
2018-03-23,DELT,81.89,285735,EUR
2018-03-23,EDLW,58.79,343613,CHF
2018-03-23,FJRD,44.97,34786,USD
2018-03-23,GLAC,30.39,256914,CHF
2018-03-23,HLVT,84.0,395239,CHF
2018-03-23,IBEX,97.25,279090,EUR
2018-03-23,JURA,2628.58,240872,CHF
2018-03-26,ALPN,111.79,90917,CHF
2018-03-26,BRGN,487.8,288709,CHF
2018-03-26,CRYS,50.2,270346,CHF
2018-03-26,DELT,83.75,221003,EUR
2018-03-26,EDLW,58.8,204548,CHF
2018-03-26,FJRD,46.02,392766,USD
2018-03-26,GLAC,30.99,323455,CHF
2018-03-26,HLVT,85.32,79443,CHF
2018-03-26,IBEX,97.97,86732,EUR
2018-03-26,JURA,2636.29,154414,CHF
2018-03-27,ALPN,111.04,183709,CHF
2018-03-27,BRGN,483.68,379037,CHF
2018-03-27,CRYS,50.07,393222,CHF
2018-03-27,DELT,83.06,57917,EUR
2018-03-27,EDLW,58.45,322913,CHF
2018-03-27,FJRD,45.11,316692,USD
2018-03-27,GLAC,30.56,380542,CHF
2018-03-27,HLVT,83.33,35437,CHF
2018-03-27,IBEX,97.21,53577,EUR
2018-03-27,JURA,2566.41,134309,CHF
2018-03-28,ALPN,110.61,133953,CHF
2018-03-28,BRGN,483.95,32399,CHF
2018-03-28,CRYS,51.09,28573,CHF
2018-03-28,DELT,84.13,81565,EUR
2018-03-28,EDLW,59.84,76705,CHF
2018-03-28,FJRD,46.77,161768,USD
2018-03-28,GLAC,31.64,214294,CHF
2018-03-28,HLVT,84.09,273711,CHF
2018-03-28,IBEX,99.92,182844,EUR
2018-03-28,JURA,2669.21,325840,CHF
2018-03-29,ALPN,111.08,24825,CHF
2018-03-29,BRGN,481.62,161348,CHF
2018-03-29,CRYS,52.26,369543,CHF
2018-03-29,DELT,83.97,157048,EUR
2018-03-29,EDLW,60.52,294521,CHF
2018-03-29,FJRD,47.06,131794,USD
2018-03-29,GLAC,32.21,384433,CHF
2018-03-29,HLVT,82.37,339085,CHF
2018-03-29,IBEX,101.08,126189,EUR
2018-03-29,JURA,2646.21,304363,CHF
2018-03-30,ALPN,109.82,49435,CHF
2018-03-30,BRGN,488.56,134471,CHF
2018-03-30,CRYS,52.71,306153,CHF
2018-03-30,DELT,82.73,90595,EUR
2018-03-30,EDLW,61.37,245742,CHF
2018-03-30,FJRD,47.87,340681,USD
2018-03-30,GLAC,31.93,254899,CHF
2018-03-30,HLVT,83.61,105970,CHF
2018-03-30,IBEX,100.92,283724,EUR
2018-03-30,JURA,2610.07,132023,CHF
2018-04-02,ALPN,108.86,137684,CHF
2018-04-02,BRGN,480.9,146400,CHF
2018-04-02,CRYS,53.56,37833,CHF
2018-04-02,DELT,83.37,212793,EUR
2018-04-02,EDLW,61.38,291282,CHF
2018-04-02,FJRD,48.08,41520,USD
2018-04-02,GLAC,31.81,250501,CHF
2018-04-02,HLVT,83.15,259800,CHF
2018-04-02,IBEX,100.59,121124,EUR
2018-04-02,JURA,2'586.56,295320,CHF
2018-04-03,ALPN,109.18,60537,CHF
2018-04-03,BRGN,474.97,113604,CHF
2018-04-03,CRYS,53.43,315220,CHF
2018-04-03,DELT,82.35,160729,EUR
2018-04-03,EDLW,61.55,68659,CHF
2018-04-03,FJRD,48.49,252574,USD
2018-04-03,GLAC,31.83,273536,CHF
2018-04-03,HLVT,83.16,271443,CHF
2018-04-03,IBEX,100.93,99956,EUR
2018-04-03,JURA,2605.35,287694,CHF
2018-04-04,ALPN,109.31,310054,CHF
2018-04-04,BRGN,472.57,277893,CHF
2018-04-04,CRYS,53.99,223238,CHF
2018-04-04,DELT,85.77,237766,EUR
2018-04-04,EDLW,62.43,381050,CHF
2018-04-04,FJRD,48.99,202169,USD
2018-04-04,GLAC,31.98,330262,CHF
2018-04-04,HLVT,84.14,183584,CHF
2018-04-04,IBEX,102.66,295816,EUR
2018-04-04,JURA,2605.6,242461,CHF
2018-04-05,ALPN,106.89,26558,CHF
2018-04-05,BRGN,474.2,82500,CHF
2018-04-05,CRYS,52.91,317393,CHF
2018-04-05,DELT,84.36,135818,EUR
2018-04-05,EDLW,60.52,57027,CHF
2018-04-05,FJRD,48.44,168056,USD
2018-04-05,GLAC,30.42,318521,CHF
2018-04-05,HLVT,82.7,367650,CHF
2018-04-05,IBEX,101.51,226267,EUR
2018-04-05,JURA,2584.35,249975,CHF
2018-04-06,ALPN,109.32,250417,CHF
2018-04-06,BRGN,475.81,287370,CHF
2018-04-06,CRYS,53.79,336428,CHF
2018-04-06,DELT,85.4,367220,EUR
2018-04-06,EDLW,60.68,147486,CHF
2018-04-06,FJRD,48.36,44071,USD
2018-04-06,GLAC,31.0,342588,CHF
2018-04-06,HLVT,83.38,43174,CHF
2018-04-06,IBEX,100.58,45175,EUR
2018-04-06,JURA,2602.72,150683,CHF
2018-04-09,ALPN,107.85,161544,CHF
2018-04-09,BRGN,470.01,179456,CHF
2018-04-09,CRYS,52.19,174733,CHF
2018-04-09,DELT,83.47,199621,EUR
2018-04-09,EDLW,61.3,267483,CHF
2018-04-09,FJRD,47.8,75944,USD
2018-04-09,GLAC,30.32,370617,CHF
2018-04-09,HLVT,84.36,47553,CHF
2018-04-09,IBEX,99.91,146119,EUR
2018-04-09,JURA,2602.49,61162,CHF
2018-04-10,ALPN,109.66,137805,CHF
2018-04-10,BRGN,474.35,372669,CHF
2018-04-10,CRYS,53.24,20163,CHF
2018-04-10,DELT,85.95,366899,EUR
2018-04-10,EDLW,62.87,154985,CHF
2018-04-10,FJRD,49.32,215217,USD
2018-04-10,HLVT,86.42,327581,CHF
2018-04-10,IBEX,101.91,201330,EUR
2018-04-10,JURA,2627.24,186228,CHF
2018-04-11,ALPN,110.22,23151,CHF
2018-04-11,BRGN,470.35,386612,CHF
2018-04-11,CRYS,53.84,224815,CHF
2018-04-11,DELT,85.33,165895,EUR
2018-04-11,EDLW,63.82,206213,CHF
2018-04-11,FJRD,49.3,112498,USD
2018-04-11,GLAC,31.98,75617,CHF
2018-04-11,HLVT,84.94,189522,CHF
2018-04-11,IBEX,102.27,194500,EUR
2018-04-11,JURA,2620.51,206856,CHF
2018-04-12,ALPN,110.3,86611,CHF
2018-04-12,CRYS,51.95,136251,CHF
2018-04-12,DELT,85.89,32471,EUR
2018-04-12,EDLW,63.53,113911,CHF
2018-04-12,FJRD,48.49,197405,USD
2018-04-12,GLAC,32.08,67968,CHF
2018-04-12,HLVT,83.32,61125,CHF
2018-04-12,IBEX,100.77,340895,EUR
2018-04-12,JURA,2562.51,381546,CHF
2018-04-13,ALPN,111.53,354047,CHF
2018-04-13,BRGN,467.13,262462,CHF
2018-04-13,CRYS,54.09,177070,CHF
2018-04-13,DELT,88.57,342301,EUR
2018-04-13,EDLW,63.4,300323,CHF
2018-04-13,FJRD,50.17,65672,USD
2018-04-13,GLAC,32.49,281339,CHF
2018-04-13,HLVT,86.04,348915,CHF
2018-04-13,IBEX,104.17,215212,EUR
2018-04-13,JURA,2599.47,145136,CHF
2018-04-16,ALPN,110.28,165319,CHF
2018-04-16,BRGN,462.54,175087,CHF
2018-04-16,CRYS,53.24,362812,CHF
2018-04-16,DELT,88.43,343286,EUR
2018-04-16,EDLW,64.13,151532,CHF
2018-04-16,FJRD,48.46,289868,USD
2018-04-16,GLAC,31.82,41657,CHF
2018-04-16,HLVT,85.99,61735,CHF
2018-04-16,IBEX,104.15,179290,EUR
2018-04-16,JURA,2583.28,88120,CHF
2018-04-17,ALPN,107.91,304368,CHF
2018-04-17,BRGN,463.82,271392,CHF
2018-04-17,CRYS,52.38,173410,CHF
2018-04-17,DELT,87.3,393548,EUR
2018-04-17,FJRD,46.95,346768,USD
2018-04-17,GLAC,30.84,154781,CHF
2018-04-17,HLVT,85.81,279974,CHF
2018-04-17,IBEX,101.2,297693,EUR
2018-04-17,JURA,2533.24,384802,CHF
2018-04-18,ALPN,107.26,196091,CHF
2018-04-18,BRGN,459.21,288499,CHF
2018-04-18,CRYS,51.74,166010,CHF
2018-04-18,DELT,86.57,64434,EUR
2018-04-18,EDLW,63.6,251240,CHF
2018-04-18,FJRD,46.66,164095,USD
2018-04-18,GLAC,30.97,280793,CHF
2018-04-18,HLVT,84.39,369279,CHF
2018-04-18,IBEX,102.13,42100,EUR
2018-04-18,JURA,2512.87,287980,CHF
2018-04-19,ALPN,104.12,297867,CHF
2018-04-19,BRGN,456.62,94420,CHF
2018-04-19,CRYS,52.32,98562,CHF
2018-04-19,DELT,87.1,152783,EUR
2018-04-19,EDLW,64.15,360630,CHF
2018-04-19,FJRD,46.54,67248,USD
2018-04-19,GLAC,30.78,290953,CHF
2018-04-19,HLVT,83.92,211139,CHF
2018-04-19,IBEX,103.32,341528,EUR
2018-04-19,JURA,2499.83,260973,CHF
2018-04-20,ALPN,104.54,209604,CHF
2018-04-20,BRGN,458.7,177086,CHF
2018-04-20,CRYS,53.54,227480,CHF
2018-04-20,DELT,87.96,291279,EUR
2018-04-20,EDLW,64.99,241898,CHF
2018-04-20,FJRD,46.37,37831,USD
2018-04-20,GLAC,30.73,350097,CHF
2018-04-20,HLVT,84.19,351150,CHF
2018-04-20,IBEX,102.61,225854,EUR
2018-04-20,JURA,2563.78,322282,CHF
2018-04-23,ALPN,103.52,269680,CHF
2018-04-23,BRGN,457.41,301138,CHF
2018-04-23,CRYS,55.12,308705,CHF
2018-04-23,DELT,86.76,382488,EUR
2018-04-23,EDLW,66.34,46138,CHF
2018-04-23,FJRD,47.34,165427,USD
2018-04-23,GLAC,31.42,185524,CHF
2018-04-23,HLVT,85.0,110478,CHF
2018-04-23,IBEX,104.0,398403,EUR
2018-04-23,JURA,2548.04,163828,CHF
2018-04-24,ALPN,102.74,377361,CHF
2018-04-24,BRGN,447.04,258872,CHF
2018-04-24,CRYS,56.13,84363,CHF
2018-04-24,DELT,87.89,251562,EUR
2018-04-24,EDLW,68.08,313252,CHF
2018-04-24,FJRD,47.34,122542,USD
2018-04-24,GLAC,31.68,350778,CHF
2018-04-24,HLVT,84.29,108981,CHF
2018-04-24,IBEX,104.63,34427,EUR
2018-04-24,JURA,2530.69,59396,CHF
2018-04-25,ALPN,103.67,279088,CHF
2018-04-25,BRGN,449.91,55832,CHF
2018-04-25,CRYS,57.91,117836,CHF
2018-04-25,DELT,88.7,215061,EUR
2018-04-25,EDLW,67.93,65966,CHF
2018-04-25,FJRD,48.38,382706,USD
2018-04-25,GLAC,31.63,306937,CHF
2018-04-25,HLVT,85.72,149880,CHF
2018-04-25,IBEX,105.36,364966,EUR
2018-04-25,JURA,2591.57,274826,CHF
2018-04-26,ALPN,104.04,108360,CHF
2018-04-26,BRGN,455.73,259049,CHF
2018-04-26,CRYS,58.7,62779,CHF
2018-04-26,DELT,90.33,93927,EUR
2018-04-26,EDLW,69.16,321928,CHF
2018-04-26,FJRD,49.14,102470,USD
2018-04-26,GLAC,32.07,360685,CHF
2018-04-26,HLVT,86.68,328316,CHF
2018-04-26,IBEX,107.41,187160,EUR
2018-04-26,JURA,2601.12,220027,CHF
2018-04-27,ALPN,105.19,232679,CHF
2018-04-27,BRGN,467.6,77017,CHF
2018-04-27,CRYS,60.31,285228,CHF
2018-04-27,DELT,90.23,394442,EUR
2018-04-27,EDLW,71.09,349868,CHF
2018-04-27,FJRD,49.02,319634,USD
2018-04-27,GLAC,32.85,315557,CHF
2018-04-27,HLVT,86.29,177959,CHF
2018-04-27,IBEX,108.95,197247,EUR
2018-04-27,JURA,2625.05,323901,CHF
2018-04-30,ALPN,105.72,60691,CHF
2018-04-30,BRGN,463.08,137123,CHF
2018-04-30,CRYS,60.97,31797,CHF
2018-04-30,DELT,90.29,282657,EUR
2018-04-30,EDLW,71.69,324484,CHF
2018-04-30,FJRD,49.35,310119,USD
2018-04-30,GLAC,33.96,50719,CHF
2018-04-30,HLVT,86.83,33014,CHF
2018-04-30,IBEX,111.55,378123,EUR
2018-04-30,JURA,2'641.13,226445,CHF
2018-05-01,ALPN,106.81,396858,CHF
2018-05-01,BRGN,462.13,127110,CHF
2018-05-01,CRYS,59.91,81438,CHF
2018-05-01,DELT,88.62,221167,EUR
2018-05-01,EDLW,69.99,357874,CHF
2018-05-01,FJRD,48.8,117842,USD
2018-05-01,GLAC,33.17,395901,CHF
2018-05-01,HLVT,86.5,179824,CHF
2018-05-01,IBEX,110.62,88880,EUR
2018-05-01,JURA,2619.85,187263,CHF
2018-05-02,ALPN,100.13,202512,CHF
2018-05-02,BRGN,450.7,86641,CHF
2018-05-02,CRYS,56.57,167584,CHF
2018-05-02,DELT,86.14,199684,EUR
2018-05-02,EDLW,66.62,111686,CHF
2018-05-02,FJRD,48.85,378521,USD
2018-05-02,GLAC,33.66,297311,CHF
2018-05-02,HLVT,84.72,92196,CHF
2018-05-02,IBEX,109.67,389641,EUR
2018-05-02,JURA,2594.59,97658,CHF
2018-05-03,ALPN,99.42,163537,CHF
2018-05-03,BRGN,448.31,114019,CHF
2018-05-03,CRYS,56.4,207536,CHF
2018-05-03,DELT,87.14,70576,EUR
2018-05-03,EDLW,66.77,381718,CHF
2018-05-03,FJRD,48.21,316780,USD
2018-05-03,GLAC,33.59,266278,CHF
2018-05-03,HLVT,82.16,278371,CHF
2018-05-03,IBEX,108.75,311794,EUR
2018-05-03,JURA,2584.75,342654,CHF
2018-05-04,ALPN,98.2,382472,CHF
2018-05-04,BRGN,442.18,395112,CHF
2018-05-04,CRYS,56.53,74235,CHF
2018-05-04,DELT,88.43,182442,EUR
2018-05-04,EDLW,66.56,38164,CHF
2018-05-04,FJRD,48.12,363655,USD
2018-05-04,GLAC,33.74,260880,CHF
2018-05-04,HLVT,82.63,383220,CHF
2018-05-04,IBEX,110.8,361097,EUR
2018-05-04,JURA,2713.76,262523,CHF
2018-05-07,ALPN,98.33,57570,CHF
2018-05-07,BRGN,438.6,119595,CHF
2018-05-07,CRYS,55.65,73790,CHF
2018-05-07,DELT,87.89,139313,EUR
2018-05-07,EDLW,65.24,231417,CHF
2018-05-07,FJRD,47.69,150610,USD
2018-05-07,GLAC,34.17,237002,CHF
2018-05-07,HLVT,81.91,351498,CHF
2018-05-07,IBEX,111.12,288858,EUR
2018-05-07,JURA,2691.63,272481,CHF
2018-05-08,ALPN,97.4,193730,CHF
2018-05-08,BRGN,437.66,340011,CHF
2018-05-08,CRYS,56.22,239603,CHF
2018-05-08,DELT,89.04,61245,EUR
2018-05-08,EDLW,66.28,353230,CHF
2018-05-08,FJRD,47.77,216408,USD
2018-05-08,GLAC,34.5,83301,CHF
2018-05-08,HLVT,82.74,168431,CHF
2018-05-08,IBEX,110.32,214854,EUR
2018-05-08,JURA,2660.71,147431,CHF
2018-05-09,ALPN,98.04,153122,CHF
2018-05-09,BRGN,452.64,78188,CHF
2018-05-09,CRYS,55.76,27895,CHF
2018-05-09,DELT,89.6,48228,EUR
2018-05-09,EDLW,65.95,335731,CHF
2018-05-09,FJRD,48.13,336825,USD
2018-05-09,GLAC,34.18,42302,CHF
2018-05-09,HLVT,83.24,329642,CHF
2018-05-09,IBEX,109.85,35799,EUR
2018-05-09,JURA,2713.07,89292,CHF
2018-05-10,ALPN,96.84,153327,CHF
2018-05-10,BRGN,442.19,304406,CHF
2018-05-10,CRYS,53.0,320289,CHF
2018-05-10,DELT,87.16,204734,EUR
2018-05-10,EDLW,64.1,212618,CHF
2018-05-10,FJRD,45.86,266269,USD
2018-05-10,GLAC,32.63,391327,CHF
2018-05-10,HLVT,80.09,80365,CHF
2018-05-10,IBEX,106.59,32558,EUR
2018-05-10,JURA,2643.7,34030,CHF
2018-05-11,ALPN,99.07,173645,CHF
2018-05-11,BRGN,441.56,125200,CHF
2018-05-11,CRYS,53.9,43189,CHF
2018-05-11,DELT,89.02,244516,EUR
2018-05-11,EDLW,63.14,393691,CHF
2018-05-11,FJRD,45.49,313998,USD
2018-05-11,GLAC,32.82,25762,CHF
2018-05-11,HLVT,81.0,50312,CHF
2018-05-11,IBEX,107.06,194370,EUR
2018-05-11,JURA,2631.85,31455,CHF
2018-05-14,ALPN,97.85,55555,CHF
2018-05-14,BRGN,450.1,122056,CHF
2018-05-14,CRYS,53.94,45082,CHF
2018-05-14,DELT,87.6,282221,EUR
2018-05-14,EDLW,63.2,169928,CHF
2018-05-14,FJRD,45.32,76678,USD
2018-05-14,GLAC,32.39,247391,CHF
2018-05-14,HLVT,80.71,270944,CHF
2018-05-14,IBEX,104.72,108694,EUR
2018-05-14,JURA,2613.29,138858,CHF
2018-05-15,ALPN,95.98,62898,CHF
2018-05-15,BRGN,445.13,105634,CHF
2018-05-15,CRYS,53.27,137621,CHF
2018-05-15,DELT,88.74,250812,EUR
2018-05-15,EDLW,63.18,106839,CHF
2018-05-15,FJRD,45.99,214926,USD
2018-05-15,GLAC,33.03,356657,CHF
2018-05-15,HLVT,79.46,44195,CHF
2018-05-15,IBEX,105.51,372449,EUR
2018-05-15,JURA,2669.19,314578,CHF
2018-05-16,ALPN,97.51,178974,CHF
2018-05-16,BRGN,440.39,35134,CHF
2018-05-16,CRYS,53.31,273644,CHF
2018-05-16,DELT,87.06,355487,EUR
2018-05-16,EDLW,63.22,97708,CHF
2018-05-16,FJRD,46.24,79930,USD
2018-05-16,GLAC,32.74,381966,CHF
2018-05-16,HLVT,78.54,188271,CHF
2018-05-16,IBEX,104.64,112144,EUR
2018-05-16,JURA,2642.33,121592,CHF
2018-05-17,ALPN,94.72,335214,CHF
2018-05-17,BRGN,432.1,42079,CHF
2018-05-17,CRYS,50.84,196289,CHF
2018-05-17,DELT,85.93,304022,EUR
2018-05-17,EDLW,62.71,191544,CHF
2018-05-17,FJRD,46.23,352916,USD
2018-05-17,GLAC,32.02,329847,CHF
2018-05-17,HLVT,77.37,31900,CHF
2018-05-17,IBEX,104.21,153769,EUR
2018-05-17,JURA,2586.84,239425,CHF
2018-05-18,ALPN,95.03,107395,CHF
2018-05-18,BRGN,430.83,126069,CHF
2018-05-18,CRYS,50.76,309400,CHF
2018-05-18,DELT,83.74,234659,EUR
2018-05-18,EDLW,61.51,89703,CHF
2018-05-18,EDLW,61.51,89703,CHF
2018-05-18,FJRD,47.21,132914,USD
2018-05-18,GLAC,32.27,49432,CHF
2018-05-18,HLVT,77.2,120662,CHF
2018-05-18,IBEX,104.01,367026,EUR
2018-05-18,JURA,2593.91,195415,CHF
2018-05-21,ALPN,94.46,366721,CHF
2018-05-21,BRGN,425.7,45320,CHF
2018-05-21,CRYS,50.64,361501,CHF
2018-05-21,DELT,81.26,51695,EUR
2018-05-21,EDLW,59.62,120747,CHF
2018-05-21,FJRD,45.89,54570,USD
2018-05-21,GLAC,32.03,75406,CHF
2018-05-21,HLVT,77.2,291364,CHF
2018-05-21,IBEX,102.24,112762,EUR
2018-05-21,JURA,2564.89,268913,CHF
2018-05-22,ALPN,90.92,361670,CHF
2018-05-22,BRGN,414.89,307039,CHF
2018-05-22,CRYS,49.17,64560,CHF
2018-05-22,DELT,79.86,390895,EUR
2018-05-22,EDLW,58.66,163166,CHF
2018-05-22,FJRD,45.36,289342,USD
2018-05-22,GLAC,31.39,88004,CHF
2018-05-22,HLVT,74.91,288506,CHF
2018-05-22,IBEX,99.49,85230,EUR
2018-05-22,JURA,2554.88,256754,CHF
2018-05-23,ALPN,89.16,194248,CHF
2018-05-23,BRGN,401.34,139618,CHF
2018-05-23,CRYS,49.34,24246,CHF
2018-05-23,DELT,78.4,208922,EUR
2018-05-23,EDLW,58.08,376366,CHF
2018-05-23,FJRD,44.48,389010,USD
2018-05-23,GLAC,31.11,369155,CHF
2018-05-23,HLVT,73.79,40330,CHF
2018-05-23,IBEX,98.81,364750,EUR
2018-05-23,JURA,2547.87,146237,CHF
2018-05-24,ALPN,88.71,392326,CHF
2018-05-24,BRGN,405.24,197998,CHF
2018-05-24,CRYS,48.29,108844,CHF
2018-05-24,DELT,77.08,345272,EUR
2018-05-24,EDLW,57.23,235733,CHF
2018-05-24,FJRD,45.06,67771,USD
2018-05-24,GLAC,31.59,286202,CHF
2018-05-24,HLVT,74.86,307810,CHF
2018-05-24,IBEX,98.49,128235,EUR
2018-05-24,JURA,2583.41,320276,CHF
2018-05-25,ALPN,88.14,369215,CHF
2018-05-25,BRGN,404.61,95751,CHF
2018-05-25,CRYS,49.47,183069,CHF
2018-05-25,DELT,78.17,179494,EUR
2018-05-25,EDLW,58.8,377769,CHF
2018-05-25,FJRD,44.84,254914,USD
2018-05-25,GLAC,32.34,390880,CHF
2018-05-25,HLVT,75.51,83825,CHF
2018-05-25,IBEX,99.45,36413,EUR
2018-05-25,JURA,2623.73,132408,CHF
2018-05-28,ALPN,87.2,227401,CHF
2018-05-28,BRGN,400.59,75735,CHF
2018-05-28,CRYS,49.75,38295,CHF
2018-05-28,DELT,77.47,64902,EUR
2018-05-28,EDLW,58.64,173310,CHF
2018-05-28,FJRD,44.56,141837,USD
2018-05-28,GLAC,32.28,27965,CHF
2018-05-28,HLVT,75.63,336046,CHF
2018-05-28,IBEX,97.4,296650,EUR
2018-05-28,JURA,2'665.95,350235,CHF
2018-05-29,ALPN,85.79,71295,CHF
2018-05-29,BRGN,398.21,375462,CHF
2018-05-29,CRYS,49.63,104232,CHF
2018-05-29,DELT,78.97,81917,EUR
2018-05-29,EDLW,58.12,159301,CHF
2018-05-29,FJRD,44.04,366412,USD
2018-05-29,GLAC,31.46,137293,CHF
2018-05-29,HLVT,75.12,245139,CHF
2018-05-29,IBEX,95.3,92467,EUR
2018-05-29,IBEX,95.3,92467,EUR
2018-05-29,JURA,2691.87,337873,CHF
2018-05-30,ALPN,84.25,76414,CHF
2018-05-30,BRGN,394.17,74635,CHF
2018-05-30,CRYS,48.79,330058,CHF
2018-05-30,DELT,77.46,266419,EUR
2018-05-30,EDLW,57.55,43365,CHF
2018-05-30,FJRD,43.44,126411,USD
2018-05-30,GLAC,30.49,235620,CHF
2018-05-30,HLVT,74.0,177597,CHF
2018-05-30,IBEX,95.23,151219,EUR
2018-05-30,JURA,2678.51,364616,CHF
2018-05-31,ALPN,84.25,154596,CHF
2018-05-31,BRGN,399.45,212287,CHF
2018-05-31,CRYS,48.18,285940,CHF
2018-05-31,CRYS,48.18,285940,CHF
2018-05-31,DELT,78.43,80237,EUR
2018-05-31,EDLW,57.07,218420,CHF
2018-05-31,FJRD,44.1,199009,USD
2018-05-31,GLAC,30.82,399533,CHF
2018-05-31,HLVT,74.11,393822,CHF
2018-05-31,IBEX,96.17,101010,EUR
2018-05-31,JURA,2635.9,345384,CHF
2018-06-01,ALPN,83.34,246792,CHF
2018-06-01,BRGN,405.47,138590,CHF
2018-06-01,CRYS,47.23,310713,CHF
2018-06-01,DELT,78.14,21280,EUR
2018-06-01,EDLW,57.89,89279,CHF
2018-06-01,FJRD,44.11,23836,USD
2018-06-01,GLAC,31.06,341196,CHF
2018-06-01,HLVT,74.78,228642,CHF
2018-06-01,IBEX,95.85,110166,EUR
2018-06-01,JURA,2622.09,172166,CHF
2018-06-04,ALPN,84.2,333408,CHF
2018-06-04,BRGN,409.96,148015,CHF
2018-06-04,CRYS,48.7,386962,CHF
2018-06-04,DELT,78.39,82805,EUR
2018-06-04,EDLW,59.44,22703,CHF
2018-06-04,FJRD,43.39,57529,USD
2018-06-04,GLAC,31.09,79753,CHF
2018-06-04,HLVT,74.59,282785,CHF
2018-06-04,IBEX,95.94,26508,EUR
2018-06-04,JURA,2615.66,191357,CHF
2018-06-05,ALPN,84.29,356961,CHF
2018-06-05,BRGN,397.2,172788,CHF
2018-06-05,CRYS,48.04,372447,CHF
2018-06-05,DELT,76.59,133229,EUR
2018-06-05,EDLW,59.92,307756,CHF
2018-06-05,FJRD,42.36,247476,USD
2018-06-05,HLVT,74.9,187652,CHF
2018-06-05,IBEX,96.14,382098,EUR
2018-06-05,JURA,2583.16,269215,CHF
2018-06-06,ALPN,84.97,273238,CHF
2018-06-06,BRGN,398.19,41482,CHF
2018-06-06,CRYS,48.27,67919,CHF
2018-06-06,DELT,77.05,67763,EUR
2018-06-06,EDLW,59.86,204828,CHF
2018-06-06,FJRD,42.62,39612,USD
2018-06-06,HLVT,74.67,259089,CHF
2018-06-06,IBEX,95.74,225645,EUR
2018-06-06,JURA,2565.74,285177,CHF
2018-06-07,ALPN,84.37,308007,CHF
2018-06-07,BRGN,392.24,144749,CHF
2018-06-07,CRYS,48.83,69773,CHF
2018-06-07,DELT,78.41,269550,EUR
2018-06-07,EDLW,59.02,73048,CHF
2018-06-07,FJRD,42.27,30994,USD
2018-06-07,GLAC,31.22,181122,CHF
2018-06-07,HLVT,74.97,173776,CHF
2018-06-07,IBEX,95.52,88174,EUR
2018-06-07,JURA,2570.93,391364,CHF
2018-06-08,ALPN,84.8,43209,CHF
2018-06-08,BRGN,393.89,318988,CHF
2018-06-08,CRYS,48.96,125744,CHF
2018-06-08,DELT,79.03,28050,EUR
2018-06-08,EDLW,59.52,58833,CHF
2018-06-08,FJRD,42.04,70275,USD
2018-06-08,GLAC,31.23,300055,CHF
2018-06-08,HLVT,76.1,50477,CHF
2018-06-08,IBEX,96.9,104366,EUR
2018-06-08,JURA,2527.8,377345,CHF
2018-06-11,ALPN,85.22,96449,CHF
2018-06-11,BRGN,396.35,104754,CHF
2018-06-11,CRYS,48.93,370693,CHF
2018-06-11,DELT,79.99,353747,EUR
2018-06-11,EDLW,60.11,275507,CHF
2018-06-11,FJRD,41.81,203181,USD
2018-06-11,GLAC,31.24,103230,CHF
2018-06-11,HLVT,76.69,153078,CHF
2018-06-11,IBEX,95.34,50258,EUR
2018-06-11,JURA,2501.27,170969,CHF
2018-06-12,ALPN,86.52,141722,CHF
2018-06-12,BRGN,396.43,82889,CHF
2018-06-12,CRYS,50.26,194233,CHF
2018-06-12,DELT,80.43,281756,EUR
2018-06-12,EDLW,59.09,294338,CHF
2018-06-12,FJRD,42.24,114922,USD
2018-06-12,GLAC,32.3,134848,CHF
2018-06-12,HLVT,75.98,193271,CHF
2018-06-12,IBEX,95.18,112509,EUR
2018-06-12,JURA,2545.65,134582,CHF
2018-06-13,ALPN,84.49,366175,CHF
2018-06-13,BRGN,390.21,168066,CHF
2018-06-13,CRYS,49.48,253612,CHF
2018-06-13,DELT,79.51,157736,EUR
2018-06-13,EDLW,58.69,56182,CHF
2018-06-13,FJRD,41.6,327638,USD
2018-06-13,GLAC,31.26,71759,CHF
2018-06-13,HLVT,74.74,141521,CHF
2018-06-13,IBEX,92.6,39741,EUR
2018-06-13,JURA,2526.39,215105,CHF
2018-06-14,ALPN,82.06,379056,CHF
2018-06-14,BRGN,389.27,314264,CHF
2018-06-14,CRYS,48.71,340982,CHF
2018-06-14,DELT,77.73,84306,EUR
2018-06-14,EDLW,58.51,379411,CHF
2018-06-14,FJRD,41.29,147946,USD
2018-06-14,GLAC,31.86,222022,CHF
2018-06-14,HLVT,74.81,282411,CHF
2018-06-14,IBEX,90.98,105072,EUR
2018-06-14,JURA,2510.05,92835,CHF
2018-06-15,ALPN,81.41,172249,CHF
2018-06-15,BRGN,392.78,107224,CHF
2018-06-15,CRYS,50.34,36789,CHF
2018-06-15,DELT,80.26,105893,EUR
2018-06-15,EDLW,58.58,240253,CHF
2018-06-15,FJRD,41.79,122586,USD
2018-06-15,GLAC,32.27,350644,CHF
2018-06-15,HLVT,75.75,44749,CHF
2018-06-15,IBEX,95.32,314485,EUR
2018-06-15,JURA,2479.41,304738,CHF
2018-06-18,ALPN,79.42,308701,CHF
2018-06-18,BRGN,387.1,87655,CHF
2018-06-18,CRYS,48.89,351582,CHF
2018-06-18,DELT,79.85,21531,EUR
2018-06-18,EDLW,59.56,399939,CHF
2018-06-18,FJRD,40.96,382268,USD
2018-06-18,GLAC,31.58,89643,CHF
2018-06-18,HLVT,74.65,328931,CHF
2018-06-18,IBEX,92.93,217231,EUR
2018-06-18,JURA,2413.77,87268,CHF
2018-06-19,ALPN,82.03,128414,CHF
2018-06-19,BRGN,392.75,138685,CHF
2018-06-19,CRYS,49.85,112655,CHF
2018-06-19,DELT,81.38,259071,EUR
2018-06-19,EDLW,60.6,132664,CHF
2018-06-19,FJRD,40.71,344043,USD
2018-06-19,GLAC,32.26,69779,CHF
2018-06-19,HLVT,74.52,185078,CHF
2018-06-19,IBEX,94.38,122756,EUR
2018-06-19,JURA,2411.23,369598,CHF
2018-06-20,ALPN,80.69,167934,CHF
2018-06-20,BRGN,388.5,152667,CHF
2018-06-20,CRYS,49.18,353279,CHF
2018-06-20,DELT,79.4,282676,EUR
2018-06-20,EDLW,59.86,334252,CHF
2018-06-20,FJRD,39.22,88266,USD
2018-06-20,GLAC,31.4,272513,CHF
2018-06-20,HLVT,74.37,24665,CHF
2018-06-20,IBEX,92.65,351094,EUR
2018-06-20,JURA,2393.0,353754,CHF
2018-06-21,ALPN,78.55,69995,CHF
2018-06-21,BRGN,382.29,305976,CHF
2018-06-21,CRYS,49.03,49599,CHF
2018-06-21,DELT,77.83,25285,EUR
2018-06-21,EDLW,59.89,291760,CHF
2018-06-21,FJRD,38.76,317279,USD
2018-06-21,GLAC,30.75,343504,CHF
2018-06-21,HLVT,73.39,203685,CHF
2018-06-21,IBEX,91.07,302604,EUR
2018-06-21,JURA,2362.19,184152,CHF
2018-06-22,ALPN,78.54,21492,CHF
2018-06-22,BRGN,380.08,290747,CHF
2018-06-22,CRYS,48.79,205920,CHF
2018-06-22,DELT,77.28,292457,EUR
2018-06-22,EDLW,58.71,112487,CHF
2018-06-22,FJRD,38.38,260546,USD
2018-06-22,GLAC,30.51,109325,CHF
2018-06-22,HLVT,74.33,286657,CHF
2018-06-22,IBEX,89.72,282513,EUR
2018-06-22,JURA,2316.95,132835,CHF
2018-06-25,ALPN,78.57,152372,CHF
2018-06-25,BRGN,380.9,97028,CHF
2018-06-25,CRYS,48.24,275229,CHF
2018-06-25,DELT,78.63,153633,EUR
2018-06-25,EDLW,59.78,385162,CHF
2018-06-25,FJRD,37.75,397730,USD
2018-06-25,GLAC,30.8,372682,CHF
2018-06-25,HLVT,72.72,84198,CHF
2018-06-25,IBEX,90.79,103760,EUR
2018-06-25,JURA,2'313.96,385129,CHF
2018-06-26,ALPN,79.9,259310,CHF
2018-06-26,BRGN,384.5,141100,CHF
2018-06-26,CRYS,49.46,234152,CHF
2018-06-26,DELT,79.49,373179,EUR
2018-06-26,EDLW,60.06,362144,CHF
2018-06-26,FJRD,38.47,351279,USD
2018-06-26,GLAC,31.57,80381,CHF
2018-06-26,HLVT,74.0,74654,CHF
2018-06-26,IBEX,93.42,213808,EUR
2018-06-26,JURA,2343.18,399309,CHF
2018-06-27,ALPN,80.47,321571,CHF
2018-06-27,BRGN,389.6,327693,CHF
2018-06-27,CRYS,49.76,216731,CHF
2018-06-27,DELT,79.67,78381,EUR
2018-06-27,EDLW,60.29,325410,CHF
2018-06-27,FJRD,39.29,59990,USD
2018-06-27,GLAC,31.85,190200,CHF
2018-06-27,HLVT,72.7,64524,CHF
2018-06-27,IBEX,95.78,342537,EUR
2018-06-27,JURA,2304.35,213847,CHF
2018-06-28,ALPN,80.2,356280,CHF
2018-06-28,BRGN,392.38,179203,CHF
2018-06-28,CRYS,49.44,222140,CHF
2018-06-28,DELT,77.53,215273,EUR
2018-06-28,EDLW,59.75,252235,CHF
2018-06-28,FJRD,38.54,242885,USD
2018-06-28,GLAC,32.1,259449,CHF
2018-06-28,HLVT,74.36,266852,CHF
2018-06-28,IBEX,94.76,87882,EUR
2018-06-28,JURA,2286.29,106398,CHF
2018-06-29,ALPN,77.78,203127,CHF
2018-06-29,BRGN,388.32,324695,CHF
2018-06-29,CRYS,48.25,240207,CHF
2018-06-29,DELT,77.35,349838,EUR
2018-06-29,EDLW,59.23,294017,CHF
2018-06-29,FJRD,38.2,174023,USD
2018-06-29,GLAC,31.64,338452,CHF
2018-06-29,HLVT,72.0,92521,CHF
2018-06-29,IBEX,93.02,375842,EUR
2018-06-29,JURA,2278.41,276646,CHF
2018-07-02,ALPN,76.42,160880,CHF
2018-07-02,BRGN,388.42,253624,CHF
2018-07-02,CRYS,48.16,187457,CHF
2018-07-02,DELT,78.13,110741,EUR
2018-07-02,EDLW,58.7,350382,CHF
2018-07-02,FJRD,38.03,202122,USD
2018-07-02,GLAC,31.1,147684,CHF
2018-07-02,HLVT,72.6,29184,CHF
2018-07-02,IBEX,92.47,98670,EUR
2018-07-02,JURA,2313.2,288545,CHF
2018-07-03,ALPN,75.11,330168,CHF
2018-07-03,BRGN,393.28,119817,CHF
2018-07-03,CRYS,47.08,139296,CHF
2018-07-03,DELT,76.86,165847,EUR
2018-07-03,EDLW,57.92,210064,CHF
2018-07-03,FJRD,37.4,155975,USD
2018-07-03,GLAC,30.79,227757,CHF
2018-07-03,HLVT,71.77,200681,CHF
2018-07-03,IBEX,92.76,262973,EUR
2018-07-03,JURA,2303.52,207255,CHF
2018-07-04,ALPN,74.33,328852,CHF
2018-07-04,BRGN,384.71,151533,CHF
2018-07-04,CRYS,45.99,89071,CHF
2018-07-04,DELT,75.53,340300,EUR
2018-07-04,EDLW,58.06,274944,CHF
2018-07-04,FJRD,37.04,154372,USD
2018-07-04,GLAC,30.96,247439,CHF
2018-07-04,HLVT,71.3,218551,CHF
2018-07-04,IBEX,91.51,61672,EUR
2018-07-04,JURA,2275.62,231185,CHF
2018-07-05,ALPN,75.11,295682,CHF
2018-07-05,BRGN,381.64,99482,CHF
2018-07-05,CRYS,47.26,211855,CHF
2018-07-05,DELT,75.45,95692,EUR
2018-07-05,EDLW,58.03,331876,CHF
2018-07-05,FJRD,36.54,72177,USD
2018-07-05,GLAC,31.15,185026,CHF
2018-07-05,HLVT,71.08,350650,CHF
2018-07-05,IBEX,90.32,301053,EUR
2018-07-05,JURA,2287.16,48534,CHF
2018-07-06,ALPN,74.18,206370,CHF
2018-07-06,BRGN,380.91,46565,CHF
2018-07-06,CRYS,46.36,128832,CHF
2018-07-06,DELT,74.44,339853,EUR
2018-07-06,EDLW,56.16,32531,CHF
2018-07-06,FJRD,35.86,357042,USD
2018-07-06,GLAC,30.82,276787,CHF
2018-07-06,HLVT,68.09,273278,CHF
2018-07-06,IBEX,89.38,52954,EUR
2018-07-06,JURA,2326.73,140104,CHF
2018-07-09,ALPN,74.12,94397,CHF
2018-07-09,BRGN,378.71,116041,CHF
2018-07-09,CRYS,47.31,243630,CHF
2018-07-09,DELT,72.91,110053,EUR
2018-07-09,EDLW,56.34,42574,CHF
2018-07-09,FJRD,35.51,388120,USD
2018-07-09,GLAC,30.97,156167,CHF
2018-07-09,HLVT,68.91,73140,CHF
2018-07-09,IBEX,91.49,180687,EUR
2018-07-09,JURA,2322.04,84535,CHF
2018-07-10,ALPN,73.32,325961,CHF
2018-07-10,BRGN,379.93,120664,CHF
2018-07-10,CRYS,46.66,239269,CHF
2018-07-10,DELT,72.61,379785,EUR
2018-07-10,EDLW,56.44,383178,CHF
2018-07-10,FJRD,35.48,121708,USD
2018-07-10,GLAC,30.36,53671,CHF
2018-07-10,HLVT,67.96,395724,CHF
2018-07-10,IBEX,92.06,50074,EUR
2018-07-11,ALPN,73.28,356064,CHF
2018-07-11,BRGN,380.94,151011,CHF
2018-07-11,CRYS,48.08,48029,CHF
2018-07-11,DELT,73.73,212944,EUR
2018-07-11,EDLW,56.66,215356,CHF
2018-07-11,FJRD,36.79,163512,USD
2018-07-11,GLAC,30.88,163624,CHF
2018-07-11,HLVT,68.94,352700,CHF
2018-07-11,IBEX,95.59,70466,EUR
2018-07-11,JURA,2315.7,279879,CHF
2018-07-12,ALPN,74.87,85000,CHF
2018-07-12,BRGN,376.23,78898,CHF
2018-07-12,CRYS,48.43,396008,CHF
2018-07-12,DELT,73.72,232105,EUR
2018-07-12,EDLW,57.22,87230,CHF
2018-07-12,FJRD,38.42,124117,USD
2018-07-12,GLAC,31.68,300949,CHF
2018-07-12,HLVT,69.59,268609,CHF
2018-07-12,IBEX,96.33,162632,EUR
2018-07-12,JURA,2357.11,79106,CHF
2018-07-13,ALPN,75.18,65148,CHF
2018-07-13,BRGN,377.41,337291,CHF
2018-07-13,CRYS,48.76,86481,CHF
2018-07-13,DELT,74.07,311658,EUR
2018-07-13,EDLW,57.63,362048,CHF
2018-07-13,FJRD,38.44,118899,USD
2018-07-13,GLAC,31.44,157518,CHF
2018-07-13,HLVT,70.25,23272,CHF
2018-07-13,IBEX,97.03,352816,EUR
2018-07-13,JURA,2382.26,72757,CHF
2018-07-16,ALPN,73.46,106175,CHF
2018-07-16,BRGN,371.51,97321,CHF
2018-07-16,CRYS,47.02,396025,CHF
2018-07-16,DELT,71.84,240162,EUR
2018-07-16,EDLW,56.95,381062,CHF
2018-07-16,FJRD,38.12,144692,USD
2018-07-16,GLAC,30.81,164260,CHF
2018-07-16,HLVT,68.78,366348,CHF
2018-07-16,IBEX,96.1,61668,EUR
2018-07-16,JURA,2353.24,243103,CHF
2018-07-17,ALPN,73.47,384510,CHF
2018-07-17,BRGN,366.37,202802,CHF
2018-07-17,CRYS,45.98,157453,CHF
2018-07-17,DELT,71.43,248632,EUR
2018-07-17,EDLW,55.96,105137,CHF
2018-07-17,FJRD,37.15,150856,USD
2018-07-17,GLAC,30.46,262037,CHF
2018-07-17,HLVT,67.39,83002,CHF
2018-07-17,IBEX,95.65,128342,EUR
2018-07-17,JURA,2288.3,203542,CHF
2018-07-18,ALPN,71.63,324695,CHF
2018-07-18,BRGN,361.22,279255,CHF
2018-07-18,CRYS,44.5,263999,CHF
2018-07-18,DELT,70.6,298862,EUR
2018-07-18,EDLW,54.94,79322,CHF
2018-07-18,FJRD,37.38,68850,USD
2018-07-18,GLAC,30.81,336869,CHF
2018-07-18,HLVT,67.11,40633,CHF
2018-07-18,IBEX,94.32,306896,EUR
2018-07-18,JURA,2281.48,120343,CHF
2018-07-19,ALPN,71.52,253743,CHF
2018-07-19,BRGN,362.19,322182,CHF
2018-07-19,CRYS,44.18,267799,CHF
2018-07-19,DELT,70.2,190033,EUR
2018-07-19,EDLW,55.38,386626,CHF
2018-07-19,FJRD,37.3,40654,USD
2018-07-19,GLAC,29.99,248117,CHF
2018-07-19,HLVT,68.72,382707,CHF
2018-07-19,IBEX,94.26,360983,EUR
2018-07-19,JURA,2284.84,322898,CHF
2018-07-20,ALPN,70.98,27663,CHF
2018-07-20,BRGN,373.26,181217,CHF
2018-07-20,CRYS,46.16,362375,CHF
2018-07-20,DELT,71.73,322018,EUR
2018-07-20,EDLW,57.62,232282,CHF
2018-07-20,FJRD,38.65,117382,USD
2018-07-20,GLAC,31.22,243182,CHF
2018-07-20,HLVT,70.69,192367,CHF
2018-07-20,IBEX,94.56,382638,EUR
2018-07-20,JURA,2323.05,294774,CHF
2018-07-23,ALPN,72.05,241791,CHF
2018-07-23,BRGN,380.91,279765,CHF
2018-07-23,CRYS,46.5,190484,CHF
2018-07-23,DELT,73.59,386286,EUR
2018-07-23,EDLW,58.71,357149,CHF
2018-07-23,FJRD,38.15,76319,USD
2018-07-23,GLAC,30.9,212729,CHF
2018-07-23,HLVT,70.86,376385,CHF
2018-07-23,IBEX,95.21,308615,EUR
2018-07-23,JURA,2358.32,221159,CHF
2018-07-24,ALPN,71.88,363123,CHF
2018-07-24,BRGN,387.12,368732,CHF
2018-07-24,CRYS,45.46,97474,CHF
2018-07-24,DELT,74.35,167656,EUR
2018-07-24,EDLW,59.3,119261,CHF
2018-07-24,FJRD,38.03,282176,USD
2018-07-24,GLAC,31.4,231721,CHF
2018-07-24,HLVT,71.14,377302,CHF
2018-07-24,IBEX,96.24,211292,EUR
2018-07-24,JURA,2'381.65,242046,CHF
2018-07-25,ALPN,71.86,160243,CHF
2018-07-25,BRGN,389.12,134128,CHF
2018-07-25,CRYS,46.34,52644,CHF
2018-07-25,DELT,74.69,199776,EUR
2018-07-25,EDLW,58.96,204156,CHF
2018-07-25,FJRD,38.0,323845,USD
2018-07-25,GLAC,31.5,241044,CHF
2018-07-25,HLVT,70.48,72500,CHF
2018-07-25,IBEX,95.34,126758,EUR
2018-07-25,JURA,2391.81,207342,CHF
2018-07-26,ALPN,73.1,71911,CHF
2018-07-26,BRGN,391.22,298762,CHF
2018-07-26,CRYS,47.49,338644,CHF
2018-07-26,DELT,76.06,50604,EUR
2018-07-26,EDLW,59.92,311789,CHF
2018-07-26,FJRD,38.44,180175,USD
2018-07-26,GLAC,31.75,303585,CHF
2018-07-26,HLVT,72.26,42027,CHF
2018-07-26,IBEX,97.87,329747,EUR
2018-07-26,JURA,2389.46,203903,CHF
2018-07-27,ALPN,73.32,263182,CHF
2018-07-27,BRGN,397.99,256456,CHF
2018-07-27,CRYS,47.74,103159,CHF
2018-07-27,DELT,76.94,149534,EUR
2018-07-27,FJRD,38.1,318889,USD
2018-07-27,GLAC,31.01,171905,CHF
2018-07-27,HLVT,71.9,22077,CHF
2018-07-27,IBEX,96.59,347039,EUR
2018-07-27,JURA,2347.22,389472,CHF
2018-07-30,ALPN,71.22,117174,CHF
2018-07-30,BRGN,394.58,346460,CHF
2018-07-30,CRYS,47.9,212519,CHF
2018-07-30,DELT,76.06,256582,EUR
2018-07-30,EDLW,59.43,212585,CHF
2018-07-30,FJRD,37.73,187989,USD
2018-07-30,GLAC,30.56,30487,CHF
2018-07-30,HLVT,70.21,73685,CHF
2018-07-30,IBEX,95.94,172106,EUR
2018-07-30,JURA,2335.7,220605,CHF
2018-07-31,ALPN,72.53,222001,CHF
2018-07-31,BRGN,409.66,281679,CHF
2018-07-31,CRYS,49.76,62527,CHF
2018-07-31,DELT,76.97,115967,EUR
2018-07-31,EDLW,61.01,78994,CHF
2018-07-31,FJRD,38.7,380883,USD
2018-07-31,GLAC,31.1,283552,CHF
2018-07-31,HLVT,71.63,132250,CHF
2018-07-31,IBEX,96.42,260480,EUR
2018-07-31,JURA,2394.8,342920,CHF
2018-08-01,ALPN,71.08,295259,CHF
2018-08-01,BRGN,415.78,385959,CHF
2018-08-01,CRYS,50.35,175521,CHF
2018-08-01,DELT,77.48,92780,EUR
2018-08-01,EDLW,60.93,259453,CHF
2018-08-01,FJRD,38.94,145551,USD
2018-08-01,GLAC,31.27,273687,CHF
2018-08-01,HLVT,72.66,204184,CHF
2018-08-01,IBEX,94.12,209525,EUR
2018-08-01,JURA,2409.39,73948,CHF
2018-08-02,ALPN,71.25,167179,CHF
2018-08-02,BRGN,405.59,139348,CHF
2018-08-02,CRYS,49.59,315555,CHF
2018-08-02,DELT,75.21,95894,EUR
2018-08-02,EDLW,60.12,341585,CHF
2018-08-02,FJRD,37.85,335402,USD
2018-08-02,GLAC,30.43,169883,CHF
2018-08-02,HLVT,70.91,163147,CHF
2018-08-02,IBEX,92.86,45677,EUR
2018-08-02,JURA,2291.08,230839,CHF
2018-08-03,ALPN,71.11,31284,CHF
2018-08-03,BRGN,403.54,351105,CHF
2018-08-03,CRYS,48.88,56027,CHF
2018-08-03,DELT,74.77,227978,EUR
2018-08-03,EDLW,59.82,61884,CHF
2018-08-03,FJRD,37.77,228758,USD
2018-08-03,GLAC,30.08,59730,CHF
2018-08-03,HLVT,69.88,366294,CHF
2018-08-03,IBEX,93.02,199917,EUR
2018-08-03,JURA,2307.99,79210,CHF
2018-08-06,ALPN,70.36,99041,CHF
2018-08-06,BRGN,396.29,241238,CHF
2018-08-06,CRYS,47.93,100169,CHF
2018-08-06,DELT,72.39,24295,EUR
2018-08-06,EDLW,59.42,234043,CHF
2018-08-06,FJRD,36.94,240554,USD
2018-08-06,GLAC,29.41,46978,CHF
2018-08-06,HLVT,67.72,318824,CHF
2018-08-06,IBEX,88.83,203416,EUR
2018-08-06,JURA,2303.39,279881,CHF
2018-08-07,ALPN,71.53,238591,CHF
2018-08-07,BRGN,396.21,355025,CHF
2018-08-07,CRYS,48.41,89106,CHF
2018-08-07,DELT,74.57,210081,EUR
2018-08-07,EDLW,59.35,59020,CHF
2018-08-07,FJRD,37.32,47218,USD
2018-08-07,GLAC,30.72,329538,CHF
2018-08-07,HLVT,68.82,249394,CHF
2018-08-07,IBEX,89.96,246427,EUR
2018-08-07,JURA,2373.36,351114,CHF
2018-08-08,ALPN,71.88,352705,CHF
2018-08-08,BRGN,386.83,111506,CHF
2018-08-08,CRYS,48.14,99725,CHF
2018-08-08,DELT,74.6,368166,EUR
2018-08-08,EDLW,58.75,66453,CHF
2018-08-08,FJRD,37.65,376685,USD
2018-08-08,GLAC,30.95,296650,CHF
2018-08-08,HLVT,69.19,226006,CHF
2018-08-08,IBEX,89.21,84116,EUR
2018-08-08,JURA,2390.55,315700,CHF
2018-08-09,ALPN,72.19,192467,CHF
2018-08-09,BRGN,376.87,326370,CHF
2018-08-09,CRYS,47.9,306900,CHF
2018-08-09,DELT,74.52,43377,EUR
2018-08-09,EDLW,59.33,190309,CHF
2018-08-09,FJRD,36.73,181654,USD
2018-08-09,GLAC,29.99,360358,CHF
2018-08-09,HLVT,67.9,88911,CHF
2018-08-09,IBEX,86.6,258142,EUR
2018-08-09,JURA,2395.36,26156,CHF
2018-08-10,ALPN,73.13,234935,CHF
2018-08-10,BRGN,383.12,275458,CHF
2018-08-10,CRYS,47.64,300328,CHF
2018-08-10,DELT,75.55,367517,EUR
2018-08-10,EDLW,59.76,84984,CHF
2018-08-10,FJRD,38.11,157848,USD
2018-08-10,GLAC,30.88,340679,CHF
2018-08-10,HLVT,67.86,247642,CHF
2018-08-10,IBEX,85.45,209378,EUR
2018-08-10,JURA,2437.41,390126,CHF
2018-08-13,ALPN,72.65,286115,CHF
2018-08-13,BRGN,383.71,104797,CHF
2018-08-13,CRYS,47.18,263419,CHF
2018-08-13,DELT,75.98,220321,EUR
2018-08-13,EDLW,58.82,188595,CHF
2018-08-13,FJRD,37.96,29772,USD
2018-08-13,GLAC,31.41,349355,CHF
2018-08-13,HLVT,67.4,317830,CHF
2018-08-13,IBEX,85.05,140931,EUR
2018-08-13,JURA,2447.46,155675,CHF
2018-08-14,ALPN,72.35,119670,CHF
2018-08-14,BRGN,389.47,206337,CHF
2018-08-14,CRYS,47.12,109942,CHF
2018-08-14,DELT,76.26,250079,EUR
2018-08-14,EDLW,59.61,79817,CHF
2018-08-14,FJRD,38.35,197015,USD
2018-08-14,GLAC,31.02,67027,CHF
2018-08-14,HLVT,67.39,316358,CHF
2018-08-14,IBEX,84.69,148133,EUR
2018-08-14,JURA,2419.29,262015,CHF
2018-08-15,ALPN,73.77,147784,CHF
2018-08-15,BRGN,384.09,162715,CHF
2018-08-15,BRGN,384.09,162715,CHF
2018-08-15,CRYS,48.41,383198,CHF
2018-08-15,DELT,76.43,278012,EUR
2018-08-15,EDLW,60.32,40300,CHF
2018-08-15,FJRD,37.86,312732,USD
2018-08-15,GLAC,31.26,189419,CHF
2018-08-15,HLVT,66.44,318629,CHF
2018-08-15,IBEX,85.46,154803,EUR
2018-08-15,JURA,2427.37,95058,CHF
2018-08-16,ALPN,72.56,24094,CHF
2018-08-16,BRGN,388.89,42519,CHF
2018-08-16,CRYS,47.56,96621,CHF
2018-08-16,DELT,75.73,355508,EUR
2018-08-16,EDLW,60.0,364938,CHF
2018-08-16,FJRD,37.47,344529,USD
2018-08-16,GLAC,31.22,37334,CHF
2018-08-16,HLVT,65.95,288080,CHF
2018-08-16,IBEX,85.75,251712,EUR
2018-08-16,JURA,2416.5,384963,CHF
2018-08-17,ALPN,71.66,95995,CHF
2018-08-17,BRGN,393.83,339794,CHF
2018-08-17,CRYS,46.35,143917,CHF
2018-08-17,DELT,75.84,107298,EUR
2018-08-17,EDLW,59.18,334988,CHF
2018-08-17,FJRD,36.71,42922,USD
2018-08-17,GLAC,30.77,321841,CHF
2018-08-17,HLVT,64.89,110436,CHF
2018-08-17,IBEX,85.0,143198,EUR
2018-08-17,JURA,2403.49,142081,CHF
2018-08-20,ALPN,70.61,337067,CHF
2018-08-20,BRGN,391.65,249341,CHF
2018-08-20,CRYS,46.27,92182,CHF
2018-08-20,DELT,73.83,54651,EUR
2018-08-20,EDLW,58.79,351125,CHF
2018-08-20,FJRD,35.9,313847,USD
2018-08-20,GLAC,30.54,209248,CHF
2018-08-20,HLVT,65.45,383358,CHF
2018-08-20,IBEX,84.69,225765,EUR
2018-08-20,JURA,2427.05,241381,CHF
2018-08-21,ALPN,70.09,77262,CHF
2018-08-21,BRGN,387.9,204236,CHF
2018-08-21,CRYS,47.03,205738,CHF
2018-08-21,DELT,72.69,279693,EUR
2018-08-21,EDLW,57.27,276760,CHF
2018-08-21,FJRD,35.5,176832,USD
2018-08-21,GLAC,30.8,58047,CHF
2018-08-21,HLVT,66.02,95575,CHF
2018-08-21,IBEX,85.54,224903,EUR
2018-08-21,JURA,2'428.83,51073,CHF
2018-08-22,ALPN,70.75,41569,CHF
2018-08-22,BRGN,385.85,136470,CHF
2018-08-22,CRYS,47.62,110870,CHF
2018-08-22,DELT,74.34,131598,EUR
2018-08-22,EDLW,57.67,138859,CHF
2018-08-22,FJRD,36.43,273554,USD
2018-08-22,GLAC,31.04,32792,CHF
2018-08-22,HLVT,66.6,55983,CHF
2018-08-22,IBEX,87.36,314494,EUR
2018-08-22,JURA,2477.34,124738,CHF
2018-08-23,ALPN,69.19,112770,CHF
2018-08-23,BRGN,391.75,343025,CHF
2018-08-23,DELT,73.79,186784,EUR
2018-08-23,EDLW,58.76,315288,CHF
2018-08-23,FJRD,35.74,116944,USD
2018-08-23,GLAC,31.32,369184,CHF
2018-08-23,HLVT,65.99,236148,CHF
2018-08-23,IBEX,87.6,218741,EUR
2018-08-23,JURA,2471.24,83081,CHF
2018-08-24,ALPN,70.12,260743,CHF
2018-08-24,BRGN,386.45,306984,CHF
2018-08-24,CRYS,46.05,390689,CHF
2018-08-24,DELT,73.94,232013,EUR
2018-08-24,EDLW,59.52,84112,CHF
2018-08-24,FJRD,35.44,126265,USD
2018-08-24,GLAC,31.09,190085,CHF
2018-08-24,HLVT,65.83,92241,CHF
2018-08-24,IBEX,87.3,199960,EUR
2018-08-24,JURA,2466.7,290667,CHF
2018-08-27,ALPN,72.23,28031,CHF
2018-08-27,BRGN,385.39,54205,CHF
2018-08-27,CRYS,47.95,30134,CHF
2018-08-27,DELT,77.49,185464,EUR
2018-08-27,EDLW,60.31,56760,CHF
2018-08-27,FJRD,36.21,117837,USD
2018-08-27,GLAC,31.77,113832,CHF
2018-08-27,HLVT,67.75,59064,CHF
2018-08-27,IBEX,88.88,163460,EUR
2018-08-27,JURA,2514.6,322110,CHF
2018-08-28,ALPN,73.14,305410,CHF
2018-08-28,BRGN,376.73,171449,CHF
2018-08-28,CRYS,47.92,79533,CHF
2018-08-28,DELT,79.58,293571,EUR
2018-08-28,EDLW,60.06,66559,CHF
2018-08-28,FJRD,35.64,271792,USD
2018-08-28,GLAC,32.5,196392,CHF
2018-08-28,HLVT,68.58,147154,CHF
2018-08-28,IBEX,89.27,354155,EUR
2018-08-28,JURA,2541.31,188198,CHF
2018-08-29,ALPN,74.16,94430,CHF
2018-08-29,BRGN,369.86,20823,CHF
2018-08-29,CRYS,48.18,70671,CHF
2018-08-29,DELT,77.81,199029,EUR
2018-08-29,EDLW,60.16,71533,CHF
2018-08-29,FJRD,35.08,278156,USD
2018-08-29,GLAC,32.23,349439,CHF
2018-08-29,HLVT,69.07,211042,CHF
2018-08-29,IBEX,86.95,73345,EUR
2018-08-29,JURA,2516.36,241856,CHF
2018-08-30,ALPN,73.45,371884,CHF
2018-08-30,BRGN,368.93,55526,CHF
2018-08-30,CRYS,48.24,100638,CHF
2018-08-30,DELT,76.77,258689,EUR
2018-08-30,EDLW,60.22,119823,CHF
2018-08-30,FJRD,34.99,373261,USD
2018-08-30,GLAC,31.36,361010,CHF
2018-08-30,HLVT,69.65,154767,CHF
2018-08-30,IBEX,85.66,302738,EUR
2018-08-30,JURA,2476.0,211264,CHF
2018-08-31,ALPN,74.91,268294,CHF
2018-08-31,BRGN,374.6,321922,CHF
2018-08-31,CRYS,49.31,237759,CHF
2018-08-31,DELT,75.96,271598,EUR
2018-08-31,EDLW,60.8,388739,CHF
2018-08-31,FJRD,35.65,266917,USD
2018-08-31,GLAC,31.43,360947,CHF
2018-08-31,HLVT,69.3,240590,CHF
2018-08-31,IBEX,86.46,150589,EUR
2018-08-31,JURA,2498.95,28076,CHF
2018-09-03,ALPN,74.64,123991,CHF
2018-09-03,BRGN,373.87,318539,CHF
2018-09-03,CRYS,50.16,94356,CHF
2018-09-03,DELT,76.74,205792,EUR
2018-09-03,EDLW,61.11,258056,CHF
2018-09-03,FJRD,36.72,377821,USD
2018-09-03,GLAC,31.59,57847,CHF
2018-09-03,HLVT,71.14,219070,CHF
2018-09-03,IBEX,86.09,259684,EUR
2018-09-03,JURA,2527.15,130788,CHF
2018-09-04,ALPN,73.63,191056,CHF
2018-09-04,BRGN,369.36,233266,CHF
2018-09-04,CRYS,49.35,381337,CHF
2018-09-04,DELT,75.01,67358,EUR
2018-09-04,EDLW,61.28,198926,CHF
2018-09-04,FJRD,36.73,115221,USD
2018-09-04,GLAC,30.7,239405,CHF
2018-09-04,HLVT,70.23,318099,CHF
2018-09-04,IBEX,84.7,66704,EUR
2018-09-04,JURA,2476.37,101153,CHF
2018-09-05,ALPN,73.79,359133,CHF
2018-09-05,BRGN,374.59,379616,CHF
2018-09-05,CRYS,50.07,136385,CHF
2018-09-05,DELT,75.19,322236,EUR
2018-09-05,EDLW,60.91,278044,CHF
2018-09-05,FJRD,36.95,266498,USD
2018-09-05,GLAC,31.0,39932,CHF
2018-09-05,HLVT,70.09,135753,CHF
2018-09-05,IBEX,85.62,195660,EUR
2018-09-05,JURA,2473.84,233603,CHF
2018-09-06,ALPN,73.14,396763,CHF
2018-09-06,BRGN,366.92,373388,CHF
2018-09-06,CRYS,48.97,351655,CHF
2018-09-06,DELT,74.61,309183,EUR
2018-09-06,EDLW,61.77,129654,CHF
2018-09-06,FJRD,36.45,314456,USD
2018-09-06,GLAC,30.53,96958,CHF
2018-09-06,HLVT,69.87,45563,CHF
2018-09-06,IBEX,83.44,162441,EUR
2018-09-06,JURA,2476.83,318577,CHF
2018-09-07,ALPN,71.57,125423,CHF
2018-09-07,BRGN,368.3,271178,CHF
2018-09-07,CRYS,49.4,41220,CHF
2018-09-07,DELT,75.36,349894,EUR
2018-09-07,EDLW,60.8,307818,CHF
2018-09-07,FJRD,36.9,295186,USD
2018-09-07,GLAC,30.6,275864,CHF
2018-09-07,HLVT,69.64,47740,CHF
2018-09-07,IBEX,82.93,119888,EUR
2018-09-07,JURA,2506.28,108398,CHF
2018-09-10,ALPN,72.4,295060,CHF
2018-09-10,BRGN,366.81,394834,CHF
2018-09-10,CRYS,49.97,168473,CHF
2018-09-10,DELT,75.82,327067,EUR
2018-09-10,EDLW,60.6,243852,CHF
2018-09-10,FJRD,36.41,358554,USD
2018-09-10,GLAC,31.44,332539,CHF
2018-09-10,HLVT,70.44,354517,CHF
2018-09-10,IBEX,81.85,262328,EUR
2018-09-10,JURA,2531.99,311025,CHF
2018-09-11,ALPN,74.06,60280,CHF
2018-09-11,BRGN,367.5,370929,CHF
2018-09-11,CRYS,50.3,164786,CHF
2018-09-11,DELT,76.83,21966,EUR
2018-09-11,EDLW,61.06,276341,CHF
2018-09-11,FJRD,36.57,269194,USD
2018-09-11,GLAC,31.89,386826,CHF
2018-09-11,HLVT,69.79,32437,CHF
2018-09-11,IBEX,82.85,183371,EUR
2018-09-11,JURA,2584.07,219146,CHF
2018-09-12,ALPN,74.61,172586,CHF
2018-09-12,BRGN,371.42,59850,CHF
2018-09-12,CRYS,51.39,198256,CHF
2018-09-12,DELT,79.86,121322,EUR
2018-09-12,EDLW,61.55,95633,CHF
2018-09-12,FJRD,37.25,387338,USD
2018-09-12,GLAC,32.04,203704,CHF
2018-09-12,HLVT,71.32,196391,CHF
2018-09-12,IBEX,82.94,336708,EUR
2018-09-12,JURA,2541.84,153230,CHF
2018-09-13,ALPN,74.98,362753,CHF
2018-09-13,BRGN,369.96,61353,CHF
2018-09-13,CRYS,50.74,113826,CHF
2018-09-13,DELT,80.29,258926,EUR
2018-09-13,FJRD,36.9,221341,USD
2018-09-13,GLAC,31.96,379211,CHF
2018-09-13,HLVT,70.94,178388,CHF
2018-09-13,IBEX,83.65,337416,EUR
2018-09-13,JURA,2573.92,364737,CHF
2018-09-14,ALPN,73.29,132122,CHF
2018-09-14,BRGN,368.07,284536,CHF
2018-09-14,CRYS,48.49,246588,CHF
2018-09-14,DELT,80.13,62484,EUR
2018-09-14,EDLW,61.36,246780,CHF
2018-09-14,FJRD,36.01,320236,USD
2018-09-14,GLAC,30.7,216998,CHF
2018-09-14,HLVT,69.38,317460,CHF
2018-09-14,IBEX,82.67,311272,EUR
2018-09-14,JURA,2565.46,146978,CHF
2018-09-17,ALPN,75.04,252691,CHF
2018-09-17,BRGN,379.55,84150,CHF
2018-09-17,CRYS,47.76,336580,CHF
2018-09-17,DELT,82.17,322365,EUR
2018-09-17,FJRD,37.02,218136,USD
2018-09-17,GLAC,31.34,200530,CHF
2018-09-17,HLVT,69.44,99481,CHF
2018-09-17,IBEX,83.08,149502,EUR
2018-09-17,JURA,2591.93,251017,CHF
2018-09-18,ALPN,72.52,268654,CHF
2018-09-18,BRGN,374.18,142488,CHF
2018-09-18,CRYS,45.72,173455,CHF
2018-09-18,DELT,81.22,139021,EUR
2018-09-18,EDLW,61.91,228676,CHF
2018-09-18,FJRD,36.25,67966,USD
2018-09-18,GLAC,30.77,265121,CHF
2018-09-18,HLVT,67.63,337119,CHF
2018-09-18,IBEX,82.56,382962,EUR
2018-09-18,JURA,2'543.36,281083,CHF
2018-09-19,ALPN,73.14,102823,CHF
2018-09-19,BRGN,379.43,152311,CHF
2018-09-19,CRYS,47.03,202447,CHF
2018-09-19,DELT,80.47,281105,EUR
2018-09-19,EDLW,63.02,257024,CHF
2018-09-19,FJRD,35.46,387970,USD
2018-09-19,GLAC,31.18,196141,CHF
2018-09-19,HLVT,66.2,92076,CHF
2018-09-19,IBEX,81.83,235083,EUR
2018-09-19,JURA,2549.61,331594,CHF
2018-09-20,ALPN,73.88,71376,CHF
2018-09-20,BRGN,379.6,392219,CHF
2018-09-20,BRGN,379.6,392219,CHF
2018-09-20,CRYS,48.92,45526,CHF
2018-09-20,DELT,82.78,50699,EUR
2018-09-20,EDLW,63.98,98623,CHF
2018-09-20,FJRD,36.29,120147,USD
2018-09-20,GLAC,31.99,193749,CHF
2018-09-20,HLVT,66.58,129115,CHF
2018-09-20,IBEX,84.18,208467,EUR
2018-09-20,JURA,2552.75,254042,CHF
2018-09-21,ALPN,72.68,275936,CHF
2018-09-21,BRGN,375.92,129519,CHF
2018-09-21,CRYS,48.59,124817,CHF
2018-09-21,DELT,81.92,350632,EUR
2018-09-21,EDLW,63.91,89252,CHF
2018-09-21,FJRD,36.51,32834,USD
2018-09-21,GLAC,32.47,155622,CHF
2018-09-21,HLVT,66.56,65125,CHF
2018-09-21,IBEX,85.21,81992,EUR
2018-09-21,JURA,2547.3,254943,CHF
2018-09-24,ALPN,71.51,253679,CHF
2018-09-24,BRGN,384.93,162171,CHF
2018-09-24,CRYS,48.01,186694,CHF
2018-09-24,DELT,80.93,324634,EUR
2018-09-24,EDLW,62.68,301427,CHF
2018-09-24,FJRD,36.6,41443,USD
2018-09-24,GLAC,32.57,230099,CHF
2018-09-24,HLVT,66.02,239982,CHF
2018-09-24,IBEX,86.06,137514,EUR
2018-09-24,JURA,2611.4,296960,CHF
2018-09-25,ALPN,71.21,178109,CHF
2018-09-25,BRGN,386.19,181772,CHF
2018-09-25,CRYS,47.53,97628,CHF
2018-09-25,DELT,80.36,211963,EUR
2018-09-25,EDLW,62.64,267406,CHF
2018-09-25,FJRD,36.8,254436,USD
2018-09-25,GLAC,31.8,36268,CHF
2018-09-25,HLVT,66.17,201818,CHF
2018-09-25,IBEX,84.87,104798,EUR
2018-09-25,JURA,2598.92,195127,CHF
2018-09-26,ALPN,69.22,374334,CHF
2018-09-26,BRGN,386.32,58428,CHF
2018-09-26,CRYS,45.81,77645,CHF
2018-09-26,DELT,79.61,263201,EUR
2018-09-26,EDLW,62.47,34665,CHF
2018-09-26,FJRD,36.01,35588,USD
2018-09-26,GLAC,31.23,301060,CHF
2018-09-26,HLVT,66.52,186982,CHF
2018-09-26,IBEX,83.9,277383,EUR
2018-09-26,JURA,2537.15,143344,CHF
2018-09-27,ALPN,70.86,296618,CHF
2018-09-27,BRGN,393.48,158024,CHF
2018-09-27,CRYS,47.03,246223,CHF
2018-09-27,DELT,79.91,93393,EUR
2018-09-27,EDLW,63.11,196901,CHF
2018-09-27,FJRD,36.09,42364,USD
2018-09-27,GLAC,31.37,255995,CHF
2018-09-27,HLVT,67.46,268505,CHF
2018-09-27,IBEX,83.72,163577,EUR
2018-09-27,JURA,2577.62,89797,CHF
2018-09-28,ALPN,70.4,124596,CHF
2018-09-28,BRGN,388.68,40587,CHF
2018-09-28,CRYS,46.01,145173,CHF
2018-09-28,DELT,78.35,348301,EUR
2018-09-28,EDLW,62.25,168650,CHF
2018-09-28,FJRD,35.51,160182,USD
2018-09-28,HLVT,66.56,259191,CHF
2018-09-28,IBEX,82.5,147766,EUR
2018-09-28,JURA,2631.15,287679,CHF
2018-10-01,ALPN,72.04,288858,CHF
2018-10-01,BRGN,388.41,145814,CHF
2018-10-01,CRYS,47.08,290523,CHF
2018-10-01,DELT,78.85,276919,EUR
2018-10-01,EDLW,64.17,361122,CHF
2018-10-01,EDLW,64.17,361122,CHF
2018-10-01,FJRD,36.12,343063,USD
2018-10-01,GLAC,31.31,175894,CHF
2018-10-01,HLVT,67.27,234175,CHF
2018-10-01,JURA,2654.67,114226,CHF
2018-10-02,ALPN,72.12,84516,CHF
2018-10-02,BRGN,390.16,363700,CHF
2018-10-02,CRYS,46.67,179283,CHF
2018-10-02,DELT,79.34,223809,EUR
2018-10-02,EDLW,62.73,134756,CHF
2018-10-02,FJRD,36.84,24017,USD
2018-10-02,GLAC,31.8,299205,CHF
2018-10-02,HLVT,65.72,303283,CHF
2018-10-02,IBEX,82.37,340584,EUR
2018-10-02,JURA,2639.83,154155,CHF
2018-10-03,ALPN,70.93,264250,CHF
2018-10-03,BRGN,384.38,320603,CHF
2018-10-03,CRYS,45.47,213828,CHF
2018-10-03,DELT,77.52,242612,EUR
2018-10-03,EDLW,62.48,211456,CHF
2018-10-03,FJRD,36.93,261005,USD
2018-10-03,GLAC,31.13,313676,CHF
2018-10-03,HLVT,65.49,266647,CHF
2018-10-03,IBEX,83.1,138684,EUR
2018-10-03,JURA,2663.96,362678,CHF
2018-10-04,ALPN,71.02,371599,CHF
2018-10-04,BRGN,389.04,298512,CHF
2018-10-04,CRYS,45.53,361477,CHF
2018-10-04,DELT,78.18,102558,EUR
2018-10-04,EDLW,62.14,165387,CHF
2018-10-04,FJRD,37.48,224766,USD
2018-10-04,GLAC,31.61,355894,CHF
2018-10-04,HLVT,64.84,155272,CHF
2018-10-04,IBEX,81.88,352633,EUR
2018-10-04,JURA,2690.86,312366,CHF
2018-10-05,ALPN,71.5,227927,CHF
2018-10-05,BRGN,385.64,352440,CHF
2018-10-05,CRYS,45.31,198389,CHF
2018-10-05,DELT,77.62,265493,EUR
2018-10-05,EDLW,61.96,47364,CHF
2018-10-05,FJRD,37.16,305266,USD
2018-10-05,GLAC,32.12,206960,CHF
2018-10-05,HLVT,65.02,231643,CHF
2018-10-05,IBEX,81.23,309001,EUR
2018-10-05,JURA,2686.07,301125,CHF
2018-10-08,ALPN,70.18,176341,CHF
2018-10-08,BRGN,391.71,197338,CHF
2018-10-08,CRYS,44.82,108044,CHF
2018-10-08,DELT,76.91,331092,EUR
2018-10-08,EDLW,61.39,358968,CHF
2018-10-08,FJRD,36.71,84242,USD
2018-10-08,GLAC,32.01,105394,CHF
2018-10-08,HLVT,64.56,361345,CHF
2018-10-08,IBEX,80.29,214576,EUR
2018-10-08,JURA,2649.61,89565,CHF
2018-10-09,ALPN,70.64,193427,CHF
2018-10-09,BRGN,399.19,178912,CHF
2018-10-09,CRYS,45.71,31040,CHF
2018-10-09,DELT,78.53,144437,EUR
2018-10-09,EDLW,61.35,224984,CHF
2018-10-09,FJRD,38.23,271374,USD
2018-10-09,GLAC,33.01,97251,CHF
2018-10-09,HLVT,65.32,248315,CHF
2018-10-09,IBEX,81.99,195535,EUR
2018-10-09,JURA,2647.05,59533,CHF
2018-10-10,ALPN,69.99,220773,CHF
2018-10-10,BRGN,391.8,50382,CHF
2018-10-10,CRYS,45.69,95334,CHF
2018-10-10,DELT,78.32,215300,EUR
2018-10-10,EDLW,61.04,105165,CHF
2018-10-10,FJRD,36.77,201085,USD
2018-10-10,GLAC,32.89,331413,CHF
2018-10-10,HLVT,63.6,105017,CHF
2018-10-10,IBEX,79.97,206916,EUR
2018-10-10,JURA,2651.96,36509,CHF
2018-10-11,ALPN,70.86,100232,CHF
2018-10-11,BRGN,395.62,51754,CHF
2018-10-11,CRYS,46.29,175095,CHF
2018-10-11,DELT,76.74,279423,EUR
2018-10-11,EDLW,60.56,144844,CHF
2018-10-11,FJRD,36.86,192076,USD
2018-10-11,GLAC,33.66,351425,CHF
2018-10-11,HLVT,64.61,321187,CHF
2018-10-11,IBEX,80.2,81534,EUR
2018-10-11,JURA,2642.41,120716,CHF
2018-10-12,ALPN,70.58,248264,CHF
2018-10-12,BRGN,396.73,209768,CHF
2018-10-12,CRYS,46.34,220288,CHF
2018-10-12,DELT,76.2,107238,EUR
2018-10-12,EDLW,59.61,40491,CHF
2018-10-12,EDLW,59.61,40491,CHF
2018-10-12,FJRD,36.6,145274,USD
2018-10-12,GLAC,33.57,156900,CHF
2018-10-12,HLVT,65.0,161076,CHF
2018-10-12,IBEX,79.7,338105,EUR
2018-10-12,JURA,2635.7,281314,CHF
2018-10-15,ALPN,70.37,324858,CHF
2018-10-15,BRGN,393.28,152001,CHF
2018-10-15,CRYS,47.55,254820,CHF
2018-10-15,DELT,75.74,267285,EUR
2018-10-15,EDLW,58.94,201987,CHF
2018-10-15,FJRD,37.29,171833,USD
2018-10-15,GLAC,33.54,362670,CHF
2018-10-15,HLVT,66.32,134207,CHF
2018-10-15,IBEX,79.44,266187,EUR
2018-10-15,JURA,2635.65,234005,CHF
2018-10-16,ALPN,69.92,34831,CHF
2018-10-16,BRGN,400.5,135121,CHF
2018-10-16,CRYS,47.76,388381,CHF
2018-10-16,DELT,76.36,123895,EUR
2018-10-16,EDLW,59.68,362131,CHF
2018-10-16,FJRD,37.31,156090,USD
2018-10-16,GLAC,33.71,388716,CHF
2018-10-16,HLVT,65.76,247003,CHF
2018-10-16,IBEX,78.98,169510,EUR
2018-10-16,JURA,2'605.45,190654,CHF
2018-10-17,ALPN,68.72,157454,CHF
2018-10-17,BRGN,404.7,213698,CHF
2018-10-17,CRYS,46.76,68323,CHF
2018-10-17,DELT,76.0,260422,EUR
2018-10-17,EDLW,58.73,86198,CHF
2018-10-17,FJRD,36.75,184047,USD
2018-10-17,GLAC,33.2,360439,CHF
2018-10-17,HLVT,64.83,323426,CHF
2018-10-17,IBEX,77.89,387800,EUR
2018-10-17,JURA,2617.45,384521,CHF
2018-10-18,ALPN,69.04,115325,CHF
2018-10-18,BRGN,412.49,371805,CHF
2018-10-18,CRYS,46.43,128596,CHF
2018-10-18,DELT,75.47,293395,EUR
2018-10-18,EDLW,57.97,322639,CHF
2018-10-18,FJRD,35.97,137528,USD
2018-10-18,GLAC,33.31,97287,CHF
2018-10-18,HLVT,64.1,297103,CHF
2018-10-18,IBEX,77.75,76933,EUR
2018-10-18,JURA,2633.27,82711,CHF
2018-10-19,ALPN,69.13,305133,CHF
2018-10-19,BRGN,422.2,332321,CHF
2018-10-19,CRYS,45.95,158374,CHF
2018-10-19,DELT,75.6,268439,EUR
2018-10-19,EDLW,59.29,80170,CHF
2018-10-19,FJRD,35.71,180578,USD
2018-10-19,GLAC,33.04,375835,CHF
2018-10-19,HLVT,65.38,243365,CHF
2018-10-19,IBEX,76.29,94971,EUR
2018-10-19,JURA,2617.67,389732,CHF
2018-10-22,ALPN,69.23,167312,CHF
2018-10-22,BRGN,416.53,111945,CHF
2018-10-22,CRYS,44.95,207916,CHF
2018-10-22,DELT,76.54,162918,EUR
2018-10-22,EDLW,59.6,197445,CHF
2018-10-22,FJRD,35.02,346685,USD
2018-10-22,GLAC,32.24,256587,CHF
2018-10-22,HLVT,65.91,359083,CHF
2018-10-22,IBEX,75.94,356072,EUR
2018-10-22,JURA,2622.08,379882,CHF
2018-10-23,ALPN,67.26,26559,CHF
2018-10-23,BRGN,409.64,367994,CHF
2018-10-23,CRYS,44.26,78011,CHF
2018-10-23,DELT,76.78,384179,EUR
2018-10-23,EDLW,58.69,139507,CHF
2018-10-23,FJRD,34.55,366748,USD
2018-10-23,GLAC,31.84,355161,CHF
2018-10-23,HLVT,63.92,223913,CHF
2018-10-23,IBEX,74.54,181033,EUR
2018-10-23,JURA,2586.58,221005,CHF
2018-10-24,ALPN,67.16,226121,CHF
2018-10-24,BRGN,411.29,170864,CHF
2018-10-24,CRYS,45.23,155479,CHF
2018-10-24,DELT,78.62,70197,EUR
2018-10-24,EDLW,58.88,116667,CHF
2018-10-24,FJRD,35.25,21947,USD
2018-10-24,GLAC,32.1,117594,CHF
2018-10-24,HLVT,65.84,261828,CHF
2018-10-24,IBEX,75.89,391614,EUR
2018-10-24,JURA,2627.7,383681,CHF
2018-10-25,ALPN,68.94,101390,CHF
2018-10-25,BRGN,419.07,92536,CHF
2018-10-25,CRYS,46.92,36649,CHF
2018-10-25,DELT,80.62,338597,EUR
2018-10-25,EDLW,59.63,324272,CHF
2018-10-25,FJRD,36.05,388116,USD
2018-10-25,GLAC,33.26,207694,CHF
2018-10-25,HLVT,66.0,187985,CHF
2018-10-25,IBEX,76.9,366942,EUR
2018-10-25,JURA,2637.95,372804,CHF
2018-10-26,ALPN,70.23,102973,CHF
2018-10-26,BRGN,422.68,340965,CHF
2018-10-26,CRYS,48.66,395338,CHF
2018-10-26,DELT,81.68,397972,EUR
2018-10-26,EDLW,61.03,292767,CHF
2018-10-26,FJRD,37.92,294349,USD
2018-10-26,GLAC,34.18,103864,CHF
2018-10-26,HLVT,67.41,30752,CHF
2018-10-26,IBEX,78.53,133433,EUR
2018-10-26,JURA,2730.28,169328,CHF
2018-10-29,ALPN,70.35,318996,CHF
2018-10-29,BRGN,430.59,118169,CHF
2018-10-29,CRYS,50.08,62990,CHF
2018-10-29,DELT,84.01,203476,EUR
2018-10-29,EDLW,61.16,351215,CHF
2018-10-29,FJRD,38.73,90916,USD
2018-10-29,GLAC,35.45,250470,CHF
2018-10-29,HLVT,69.38,135228,CHF
2018-10-29,IBEX,81.45,94771,EUR
2018-10-29,JURA,2775.55,143917,CHF
2018-10-30,ALPN,68.04,362885,CHF
2018-10-30,BRGN,431.16,62901,CHF
2018-10-30,CRYS,48.85,248477,CHF
2018-10-30,DELT,83.08,285212,EUR
2018-10-30,EDLW,60.36,311241,CHF
2018-10-30,FJRD,38.34,144556,USD
2018-10-30,GLAC,34.89,338651,CHF
2018-10-30,HLVT,69.11,317056,CHF
2018-10-30,IBEX,82.19,311311,EUR
2018-10-30,JURA,2809.86,228385,CHF
2018-10-31,ALPN,67.56,386034,CHF
2018-10-31,CRYS,47.4,316512,CHF
2018-10-31,DELT,81.91,24735,EUR
2018-10-31,EDLW,59.73,45410,CHF
2018-10-31,FJRD,37.85,26131,USD
2018-10-31,GLAC,33.46,245131,CHF
2018-10-31,HLVT,68.97,324936,CHF
2018-10-31,IBEX,79.18,217083,EUR
2018-10-31,JURA,2759.83,298219,CHF
2018-11-01,ALPN,66.1,294629,CHF
2018-11-01,BRGN,440.11,156518,CHF
2018-11-01,CRYS,46.68,63845,CHF
2018-11-01,DELT,80.93,80086,EUR
2018-11-01,EDLW,59.43,174733,CHF
2018-11-01,FJRD,38.22,22208,USD
2018-11-01,GLAC,33.14,227437,CHF
2018-11-01,HLVT,70.39,383300,CHF
2018-11-01,IBEX,77.39,326077,EUR
2018-11-01,JURA,2803.96,336484,CHF
2018-11-02,ALPN,65.58,143415,CHF
2018-11-02,BRGN,438.75,234923,CHF
2018-11-02,CRYS,46.36,342218,CHF
2018-11-02,DELT,80.41,398852,EUR
2018-11-02,EDLW,57.73,278066,CHF
2018-11-02,FJRD,38.8,170047,USD
2018-11-02,GLAC,32.91,108746,CHF
2018-11-02,HLVT,71.53,276293,CHF
2018-11-02,IBEX,78.35,198107,EUR
2018-11-02,JURA,2817.21,244914,CHF
2018-11-05,ALPN,66.99,247309,CHF
2018-11-05,BRGN,443.62,75911,CHF
2018-11-05,CRYS,47.71,294704,CHF
2018-11-05,DELT,81.14,247916,EUR
2018-11-05,EDLW,57.6,53020,CHF
2018-11-05,FJRD,39.03,191283,USD
2018-11-05,GLAC,33.5,398159,CHF
2018-11-05,HLVT,72.26,88735,CHF
2018-11-05,IBEX,78.5,290991,EUR
2018-11-05,JURA,2869.75,393484,CHF
2018-11-06,ALPN,65.93,51141,CHF
2018-11-06,BRGN,441.7,222263,CHF
2018-11-06,CRYS,46.09,32234,CHF
2018-11-06,DELT,79.2,230525,EUR
2018-11-06,EDLW,56.34,254540,CHF
2018-11-06,FJRD,38.66,326851,USD
2018-11-06,GLAC,32.16,308033,CHF
2018-11-06,HLVT,71.3,249876,CHF
2018-11-06,IBEX,77.7,380597,EUR
2018-11-06,JURA,2791.61,299377,CHF
2018-11-07,ALPN,65.59,142929,CHF
2018-11-07,BRGN,440.87,139199,CHF
2018-11-07,CRYS,45.66,274712,CHF
2018-11-07,DELT,79.09,151382,EUR
2018-11-07,EDLW,55.13,110502,CHF
2018-11-07,FJRD,37.89,127916,USD
2018-11-07,GLAC,33.17,386162,CHF
2018-11-07,HLVT,72.02,52183,CHF
2018-11-07,IBEX,77.07,211572,EUR
2018-11-07,JURA,2754.1,266844,CHF
2018-11-08,ALPN,63.78,155443,CHF
2018-11-08,BRGN,441.84,87680,CHF
2018-11-08,CRYS,45.47,71336,CHF
2018-11-08,DELT,78.11,189936,EUR
2018-11-08,EDLW,54.62,78031,CHF
2018-11-08,EDLW,54.62,78031,CHF
2018-11-08,FJRD,36.89,247898,USD
2018-11-08,GLAC,33.04,31189,CHF
2018-11-08,HLVT,70.74,66385,CHF
2018-11-08,IBEX,77.64,160766,EUR
2018-11-08,JURA,2759.66,319031,CHF
2018-11-09,ALPN,63.81,123548,CHF
2018-11-09,BRGN,436.25,295577,CHF
2018-11-09,DELT,77.33,278444,EUR
2018-11-09,EDLW,,103950,CHF
2018-11-09,FJRD,35.9,233553,USD
2018-11-09,GLAC,32.22,277013,CHF
2018-11-09,HLVT,70.87,383614,CHF
2018-11-09,IBEX,77.49,47505,EUR
2018-11-09,JURA,2747.68,386067,CHF
2018-11-12,ALPN,64.1,328823,CHF
2018-11-12,BRGN,442.97,398438,CHF
2018-11-12,CRYS,44.51,26654,CHF
2018-11-12,DELT,77.17,341159,EUR
2018-11-12,EDLW,53.44,393213,CHF
2018-11-12,FJRD,35.45,314204,USD
2018-11-12,GLAC,32.18,339643,CHF
2018-11-12,HLVT,71.74,264154,CHF
2018-11-12,IBEX,77.37,191671,EUR
2018-11-12,JURA,2786.68,71695,CHF
2018-11-13,ALPN,63.22,307808,CHF
2018-11-13,BRGN,438.37,399016,CHF
2018-11-13,CRYS,44.12,302789,CHF
2018-11-13,DELT,77.27,202168,EUR
2018-11-13,FJRD,35.29,285889,USD
2018-11-13,GLAC,31.61,94996,CHF
2018-11-13,HLVT,72.87,361204,CHF
2018-11-13,IBEX,77.8,253436,EUR
2018-11-13,JURA,2'782.75,368783,CHF
2018-11-14,ALPN,63.06,254259,CHF
2018-11-14,BRGN,433.6,371830,CHF
2018-11-14,CRYS,44.38,200489,CHF
2018-11-14,DELT,76.39,182074,EUR
2018-11-14,EDLW,54.07,32410,CHF
2018-11-14,FJRD,34.73,175572,USD
2018-11-14,GLAC,31.82,59836,CHF
2018-11-14,HLVT,73.95,231937,CHF
2018-11-14,IBEX,78.32,37080,EUR
2018-11-14,JURA,2775.42,357219,CHF
2018-11-15,ALPN,65.62,246240,CHF
2018-11-15,BRGN,431.63,317427,CHF
2018-11-15,CRYS,46.36,113753,CHF
2018-11-15,DELT,77.32,47697,EUR
2018-11-15,EDLW,54.44,342281,CHF
2018-11-15,FJRD,35.71,255078,USD
2018-11-15,GLAC,32.36,388595,CHF
2018-11-15,HLVT,74.65,31462,CHF
2018-11-15,IBEX,79.4,291213,EUR
2018-11-15,JURA,2826.09,37669,CHF
2018-11-16,ALPN,65.55,87085,CHF
2018-11-16,BRGN,425.84,258434,CHF
2018-11-16,CRYS,45.12,213309,CHF
2018-11-16,DELT,78.55,223728,EUR
2018-11-16,EDLW,54.22,313625,CHF
2018-11-16,FJRD,36.04,161452,USD
2018-11-16,GLAC,32.92,173901,CHF
2018-11-16,HLVT,74.53,288863,CHF
2018-11-16,IBEX,78.96,53808,EUR
2018-11-16,JURA,2817.67,35657,CHF
2018-11-19,ALPN,65.97,129145,CHF
2018-11-19,BRGN,429.4,362909,CHF
2018-11-19,CRYS,45.24,59690,CHF
2018-11-19,DELT,78.67,108416,EUR
2018-11-19,EDLW,53.26,295064,CHF
2018-11-19,FJRD,36.56,351119,USD
2018-11-19,GLAC,32.82,169929,CHF
2018-11-19,HLVT,75.11,177069,CHF
2018-11-19,IBEX,78.79,198420,EUR
2018-11-19,JURA,2788.2,95743,CHF
2018-11-20,ALPN,65.5,145136,CHF
2018-11-20,BRGN,433.04,75562,CHF
2018-11-20,CRYS,44.63,99287,CHF
2018-11-20,DELT,80.27,355437,EUR
2018-11-20,EDLW,54.18,283647,CHF
2018-11-20,FJRD,37.37,350412,USD
2018-11-20,GLAC,33.15,323703,CHF
2018-11-20,HLVT,75.16,72336,CHF
2018-11-20,IBEX,78.84,56195,EUR
2018-11-20,JURA,2832.8,329929,CHF
2018-11-21,ALPN,64.24,31887,CHF
2018-11-21,BRGN,435.48,184817,CHF
2018-11-21,CRYS,43.81,392729,CHF
2018-11-21,DELT,77.9,245111,EUR
2018-11-21,EDLW,55.08,256112,CHF
2018-11-21,FJRD,36.6,43664,USD
2018-11-21,GLAC,33.49,197874,CHF
2018-11-21,HLVT,73.92,20976,CHF
2018-11-21,IBEX,78.34,346583,EUR
2018-11-21,JURA,2755.81,53955,CHF
2018-11-22,ALPN,64.46,172611,CHF
2018-11-22,BRGN,436.01,185388,CHF
2018-11-22,CRYS,43.39,40726,CHF
2018-11-22,DELT,78.85,78555,EUR
2018-11-22,EDLW,54.57,174586,CHF
2018-11-22,FJRD,37.14,56533,USD
2018-11-22,GLAC,33.91,51667,CHF
2018-11-22,HLVT,72.37,165219,CHF
2018-11-22,IBEX,78.98,262867,EUR
2018-11-22,JURA,2766.09,253016,CHF
2018-11-23,ALPN,66.31,99194,CHF
2018-11-23,BRGN,442.84,305290,CHF
2018-11-23,CRYS,43.14,344404,CHF
2018-11-23,DELT,79.63,53999,EUR
2018-11-23,EDLW,54.97,113749,CHF
2018-11-23,FJRD,36.84,365045,USD
2018-11-23,GLAC,34.55,371572,CHF
2018-11-23,HLVT,73.15,59617,CHF
2018-11-23,IBEX,80.53,391097,EUR
2018-11-23,JURA,2733.04,181275,CHF
2018-11-26,ALPN,67.52,393712,CHF
2018-11-26,BRGN,445.36,240046,CHF
2018-11-26,CRYS,42.77,188186,CHF
2018-11-26,DELT,80.33,162725,EUR
2018-11-26,EDLW,55.87,132641,CHF
2018-11-26,FJRD,36.9,123496,USD
2018-11-26,GLAC,34.52,398081,CHF
2018-11-26,HLVT,73.29,47525,CHF
2018-11-26,IBEX,78.15,263311,EUR
2018-11-26,JURA,2701.82,135606,CHF
2018-11-27,ALPN,69.16,381094,CHF
2018-11-27,BRGN,454.84,267874,CHF
2018-11-27,CRYS,43.82,249213,CHF
2018-11-27,DELT,80.63,204955,EUR
2018-11-27,EDLW,56.03,33849,CHF
2018-11-27,FJRD,38.1,241454,USD
2018-11-27,GLAC,35.4,67128,CHF
2018-11-27,HLVT,74.05,371250,CHF
2018-11-27,IBEX,80.07,314551,EUR
2018-11-27,JURA,2717.16,109160,CHF
2018-11-28,ALPN,69.83,227280,CHF
2018-11-28,BRGN,453.61,258463,CHF
2018-11-28,CRYS,43.25,327633,CHF
2018-11-28,DELT,77.96,228130,EUR
2018-11-28,EDLW,55.92,174739,CHF
2018-11-28,FJRD,37.85,262118,USD
2018-11-28,GLAC,34.73,184413,CHF
2018-11-28,HLVT,73.1,79983,CHF
2018-11-28,IBEX,77.98,294102,EUR
2018-11-28,JURA,2662.89,275508,CHF
2018-11-29,ALPN,69.14,205006,CHF
2018-11-29,BRGN,454.93,116038,CHF
2018-11-29,CRYS,44.02,200240,CHF
2018-11-29,DELT,78.08,194894,EUR
2018-11-29,EDLW,56.01,306859,CHF
2018-11-29,FJRD,37.83,386691,USD
2018-11-29,GLAC,34.64,195626,CHF
2018-11-29,HLVT,73.89,118104,CHF
2018-11-29,IBEX,78.82,168520,EUR
2018-11-29,JURA,2669.45,171033,CHF
2018-11-30,ALPN,68.53,109575,CHF
2018-11-30,BRGN,459.06,263138,CHF
2018-11-30,CRYS,43.12,67569,CHF
2018-11-30,DELT,76.83,262013,EUR
2018-11-30,EDLW,56.51,390623,CHF
2018-11-30,FJRD,37.62,132369,USD
2018-11-30,GLAC,34.44,209629,CHF
2018-11-30,HLVT,75.14,384765,CHF
2018-11-30,IBEX,77.78,235055,EUR
2018-11-30,JURA,2674.52,399444,CHF
2018-12-03,ALPN,67.65,273883,CHF
2018-12-03,BRGN,466.67,268034,CHF
2018-12-03,CRYS,43.03,80112,CHF
2018-12-03,DELT,75.75,89916,EUR
2018-12-03,EDLW,56.87,172562,CHF
2018-12-03,FJRD,37.51,206346,USD
2018-12-03,GLAC,34.81,189244,CHF
2018-12-03,HLVT,75.37,361046,CHF
2018-12-03,IBEX,77.41,47278,EUR
2018-12-03,JURA,2676.46,76654,CHF
2018-12-04,ALPN,66.44,238965,CHF
2018-12-04,BRGN,468.41,71343,CHF
2018-12-04,CRYS,41.55,291278,CHF
2018-12-04,DELT,76.5,109931,EUR
2018-12-04,EDLW,55.8,389791,CHF
2018-12-04,FJRD,36.82,157847,USD
2018-12-04,GLAC,34.42,244489,CHF
2018-12-04,HLVT,75.71,83485,CHF
2018-12-04,IBEX,76.75,72791,EUR
2018-12-04,JURA,2632.46,294891,CHF
2018-12-05,ALPN,66.26,152910,CHF
2018-12-05,BRGN,464.7,226736,CHF
2018-12-05,CRYS,42.25,30431,CHF
2018-12-05,DELT,77.87,224717,EUR
2018-12-05,EDLW,55.73,209792,CHF
2018-12-05,FJRD,37.11,348779,USD
2018-12-05,GLAC,35.1,281696,CHF
2018-12-05,HLVT,73.9,336930,CHF
2018-12-05,IBEX,76.61,101326,EUR
2018-12-05,JURA,2648.15,314764,CHF
2018-12-06,ALPN,67.11,341373,CHF
2018-12-06,BRGN,465.17,115649,CHF
2018-12-06,CRYS,41.5,288395,CHF
2018-12-06,DELT,77.19,160016,EUR
2018-12-06,EDLW,55.16,131118,CHF
2018-12-06,FJRD,37.32,286974,USD
2018-12-06,GLAC,35.14,83536,CHF
2018-12-06,HLVT,73.23,261369,CHF
2018-12-06,IBEX,76.97,221287,EUR
2018-12-06,JURA,2627.66,289496,CHF
2018-12-07,ALPN,65.95,392270,CHF
2018-12-07,BRGN,462.43,299414,CHF
2018-12-07,CRYS,40.41,256800,CHF
2018-12-07,DELT,75.04,316576,EUR
2018-12-07,EDLW,54.48,25402,CHF
2018-12-07,FJRD,37.75,311187,USD
2018-12-07,GLAC,34.95,266057,CHF
2018-12-07,HLVT,72.27,276089,CHF
2018-12-07,IBEX,76.77,177671,EUR
2018-12-07,JURA,2616.86,63585,CHF
2018-12-10,ALPN,65.8,252286,CHF
2018-12-10,BRGN,455.35,178090,CHF
2018-12-10,CRYS,39.99,223858,CHF
2018-12-10,DELT,74.81,273068,EUR
2018-12-10,EDLW,54.46,291133,CHF
2018-12-10,FJRD,37.31,94247,USD
2018-12-10,GLAC,35.22,313480,CHF
2018-12-10,HLVT,71.03,298436,CHF
2018-12-10,IBEX,74.95,49299,EUR
2018-12-10,JURA,2648.31,383854,CHF
2018-12-11,ALPN,66.57,376139,CHF
2018-12-11,BRGN,456.48,109608,CHF
2018-12-11,CRYS,40.49,274319,CHF
2018-12-11,EDLW,54.74,175289,CHF
2018-12-11,FJRD,38.12,349875,USD
2018-12-11,GLAC,36.38,81483,CHF
2018-12-11,HLVT,71.2,167972,CHF
2018-12-11,IBEX,77.13,244592,EUR
2018-12-11,JURA,2'667.33,100737,CHF
2018-12-12,ALPN,66.7,162983,CHF
2018-12-12,BRGN,460.97,148926,CHF
2018-12-12,CRYS,40.94,284119,CHF
2018-12-12,EDLW,54.76,277275,CHF
2018-12-12,FJRD,38.06,399388,USD
2018-12-12,GLAC,36.36,176653,CHF
2018-12-12,HLVT,72.14,310956,CHF
2018-12-12,IBEX,77.15,188327,EUR
2018-12-12,JURA,2653.98,322133,CHF
2018-12-13,ALPN,67.67,188387,CHF
2018-12-13,BRGN,457.71,389778,CHF
2018-12-13,CRYS,40.83,171914,CHF
2018-12-13,DELT,74.37,29271,EUR
2018-12-13,EDLW,54.88,325853,CHF
2018-12-13,FJRD,37.66,48484,USD
2018-12-13,GLAC,35.95,204418,CHF
2018-12-13,HLVT,70.95,204731,CHF
2018-12-13,IBEX,76.55,229958,EUR
2018-12-13,JURA,2684.28,273578,CHF
2018-12-14,ALPN,68.62,391247,CHF
2018-12-14,BRGN,466.37,101795,CHF
2018-12-14,CRYS,40.44,326684,CHF
2018-12-14,DELT,75.24,130436,EUR
2018-12-14,EDLW,54.75,245060,CHF
2018-12-14,FJRD,37.77,227520,USD
2018-12-14,GLAC,35.29,371235,CHF
2018-12-14,HLVT,71.09,354607,CHF
2018-12-14,IBEX,77.51,282301,EUR
2018-12-14,JURA,2686.97,235136,CHF
2018-12-17,BRGN,470.14,159117,CHF
2018-12-17,CRYS,41.09,54867,CHF
2018-12-17,DELT,75.28,44583,EUR
2018-12-17,EDLW,54.92,174783,CHF
2018-12-17,FJRD,38.32,22890,USD
2018-12-17,GLAC,34.77,94445,CHF
2018-12-17,HLVT,72.93,390666,CHF
2018-12-17,IBEX,79.43,113600,EUR
2018-12-17,JURA,2669.6,118448,CHF
2018-12-18,ALPN,68.97,25658,CHF
2018-12-18,BRGN,469.46,112355,CHF
2018-12-18,CRYS,40.56,175212,CHF
2018-12-18,DELT,74.37,238062,EUR
2018-12-18,EDLW,55.27,351272,CHF
2018-12-18,FJRD,37.58,78093,USD
2018-12-18,GLAC,34.38,37843,CHF
2018-12-18,HLVT,71.77,153051,CHF
2018-12-18,IBEX,79.76,260384,EUR
2018-12-18,JURA,2708.99,35098,CHF
2018-12-19,ALPN,69.1,342075,CHF
2018-12-19,BRGN,466.9,162724,CHF
2018-12-19,CRYS,40.35,397701,CHF
2018-12-19,DELT,73.91,48439,EUR
2018-12-19,EDLW,54.48,75358,CHF
2018-12-19,FJRD,36.34,138066,USD
2018-12-19,GLAC,34.07,390991,CHF
2018-12-19,HLVT,70.64,315612,CHF
2018-12-19,IBEX,78.67,325592,EUR
2018-12-19,JURA,2704.89,78044,CHF
2018-12-20,ALPN,69.42,202253,CHF
2018-12-20,BRGN,462.17,267148,CHF
2018-12-20,CRYS,40.65,277233,CHF
2018-12-20,DELT,72.79,378573,EUR
2018-12-20,EDLW,54.2,143391,CHF
2018-12-20,FJRD,35.49,157901,USD
2018-12-20,GLAC,33.38,217240,CHF
2018-12-20,HLVT,69.61,134928,CHF
2018-12-20,IBEX,78.14,27035,EUR
2018-12-20,IBEX,78.14,27035,EUR
2018-12-20,JURA,2689.27,339753,CHF
2018-12-21,ALPN,70.03,344640,CHF
2018-12-21,BRGN,462.76,207266,CHF
2018-12-21,CRYS,40.46,334335,CHF
2018-12-21,DELT,72.48,266517,EUR
2018-12-21,EDLW,54.36,378696,CHF
2018-12-21,FJRD,34.91,60928,USD
2018-12-21,GLAC,33.23,219905,CHF
2018-12-21,HLVT,69.5,352780,CHF
2018-12-21,IBEX,77.22,224160,EUR
2018-12-21,JURA,2705.93,130802,CHF
2018-12-24,ALPN,70.64,20623,CHF
2018-12-24,BRGN,459.61,163607,CHF
2018-12-24,CRYS,40.56,166172,CHF
2018-12-24,DELT,74.0,56827,EUR
2018-12-24,EDLW,53.33,102385,CHF
2018-12-24,FJRD,34.9,277236,USD
2018-12-24,GLAC,34.21,78958,CHF
2018-12-24,HLVT,69.34,302676,CHF
2018-12-24,IBEX,80.0,26293,EUR
2018-12-24,JURA,2662.79,284982,CHF
2018-12-25,ALPN,71.08,350312,CHF
2018-12-25,BRGN,466.99,349117,CHF
2018-12-25,CRYS,41.31,377299,CHF
2018-12-25,DELT,74.37,86434,EUR
2018-12-25,EDLW,53.75,95747,CHF
2018-12-25,FJRD,34.89,174830,USD
2018-12-25,GLAC,34.69,44657,CHF
2018-12-25,HLVT,70.43,141640,CHF
2018-12-25,IBEX,79.02,170227,EUR
2018-12-25,JURA,2669.92,360892,CHF
2018-12-26,ALPN,70.64,172653,CHF
2018-12-26,BRGN,465.43,34404,CHF
2018-12-26,CRYS,41.26,385178,CHF
2018-12-26,DELT,73.74,107666,EUR
2018-12-26,EDLW,53.07,196356,CHF
2018-12-26,FJRD,34.7,332129,USD
2018-12-26,GLAC,35.53,78937,CHF
2018-12-26,HLVT,70.95,372668,CHF
2018-12-26,IBEX,78.77,322897,EUR
2018-12-26,JURA,2674.78,33135,CHF
2018-12-27,ALPN,71.08,61962,CHF
2018-12-27,BRGN,469.18,246318,CHF
2018-12-27,CRYS,41.86,66976,CHF
2018-12-27,DELT,75.29,75876,EUR
2018-12-27,EDLW,53.76,302010,CHF
2018-12-27,FJRD,34.44,99486,USD
2018-12-27,GLAC,35.35,213237,CHF
2018-12-27,HLVT,71.09,278664,CHF
2018-12-27,IBEX,77.42,295459,EUR
2018-12-27,JURA,2696.18,379335,CHF
2018-12-28,ALPN,70.41,193656,CHF
2018-12-28,BRGN,470.7,297641,CHF
2018-12-28,CRYS,41.17,256049,CHF
2018-12-28,DELT,75.44,167637,EUR
2018-12-28,EDLW,54.19,222501,CHF
2018-12-28,FJRD,33.48,248716,USD
2018-12-28,GLAC,35.34,231106,CHF
2018-12-28,HLVT,73.14,110700,CHF
2018-12-28,IBEX,76.77,283795,EUR
2018-12-28,JURA,2641.09,55324,CHF
2018-12-31,ALPN,69.16,305286,CHF
2018-12-31,BRGN,471.15,159385,CHF
2018-12-31,CRYS,41.44,323435,CHF
2018-12-31,DELT,74.53,373318,EUR
2018-12-31,EDLW,55.39,169949,CHF
2018-12-31,FJRD,33.66,221230,USD
2018-12-31,GLAC,36.13,351880,CHF
2018-12-31,HLVT,73.07,218929,CHF
2018-12-31,IBEX,76.15,250013,EUR
2018-12-31,JURA,2661.3,21418,CHF
2019-01-01,ALPN,69.54,197016,CHF
2019-01-01,BRGN,464.85,34386,CHF
2019-01-01,CRYS,41.71,221672,CHF
2019-01-01,DELT,73.87,265858,EUR
2019-01-01,EDLW,55.72,270219,CHF
2019-01-01,FJRD,34.2,398070,USD
2019-01-01,GLAC,35.9,310886,CHF
2019-01-01,HLVT,73.35,216088,CHF
2019-01-01,IBEX,74.6,200817,EUR
2019-01-01,JURA,2690.51,78466,CHF
2019-01-02,ALPN,69.9,114877,CHF
2019-01-02,BRGN,465.96,186309,CHF
2019-01-02,CRYS,41.61,296111,CHF
2019-01-02,DELT,76.04,142165,EUR
2019-01-02,EDLW,55.26,233266,CHF
2019-01-02,FJRD,34.24,27933,USD
2019-01-02,GLAC,36.73,71813,CHF
2019-01-02,HLVT,74.46,120395,CHF
2019-01-02,IBEX,76.39,252227,EUR
2019-01-02,JURA,2764.14,308593,CHF
2019-01-03,ALPN,71.35,43292,CHF
2019-01-03,BRGN,465.56,167953,CHF
2019-01-03,CRYS,41.94,274115,CHF
2019-01-03,DELT,75.18,306361,EUR
2019-01-03,EDLW,54.82,357138,CHF
2019-01-03,FJRD,34.22,248019,USD
2019-01-03,GLAC,36.96,385395,CHF
2019-01-03,HLVT,74.72,298748,CHF
2019-01-03,IBEX,76.49,343971,EUR
2019-01-03,JURA,2854.12,226559,CHF
2019-01-04,ALPN,73.11,167409,CHF
2019-01-04,BRGN,462.03,163579,CHF
2019-01-04,CRYS,41.25,212991,CHF
2019-01-04,DELT,75.43,83621,EUR
2019-01-04,EDLW,54.67,246195,CHF
2019-01-04,FJRD,34.28,367176,USD
2019-01-04,GLAC,37.19,254809,CHF
2019-01-04,HLVT,76.74,260120,CHF
2019-01-04,IBEX,76.62,388077,EUR
2019-01-04,JURA,2850.78,231331,CHF
2019-01-07,BRGN,455.74,382307,CHF
2019-01-07,CRYS,40.43,94559,CHF
2019-01-07,DELT,75.91,279861,EUR
2019-01-07,EDLW,55.33,43561,CHF
2019-01-07,FJRD,34.28,47090,USD
2019-01-07,GLAC,36.99,163812,CHF
2019-01-07,HLVT,75.47,189892,CHF
2019-01-07,IBEX,77.15,362872,EUR
2019-01-07,JURA,2807.08,367231,CHF
2019-01-08,ALPN,72.85,195043,CHF
2019-01-08,BRGN,456.55,252855,CHF
2019-01-08,CRYS,39.04,33345,CHF
2019-01-08,DELT,77.0,75962,EUR
2019-01-08,EDLW,55.15,339879,CHF
2019-01-08,FJRD,33.42,253272,USD
2019-01-08,GLAC,35.8,81946,CHF
2019-01-08,HLVT,73.08,215158,CHF
2019-01-08,IBEX,76.47,169901,EUR
2019-01-08,JURA,2'766.72,261017,CHF
2019-01-09,ALPN,72.04,160206,CHF
2019-01-09,BRGN,443.93,317176,CHF
2019-01-09,CRYS,37.32,355819,CHF
2019-01-09,DELT,75.35,250586,EUR
2019-01-09,EDLW,54.16,211454,CHF
2019-01-09,GLAC,35.3,378879,CHF
2019-01-09,HLVT,71.37,386267,CHF
2019-01-09,IBEX,74.86,200234,EUR
2019-01-09,JURA,2683.37,173169,CHF
2019-01-10,ALPN,71.1,334789,CHF
2019-01-10,BRGN,429.88,299605,CHF
2019-01-10,CRYS,37.04,151320,CHF
2019-01-10,DELT,75.36,49276,EUR
2019-01-10,EDLW,52.78,220411,CHF
2019-01-10,FJRD,32.05,214002,USD
2019-01-10,GLAC,34.87,114446,CHF
2019-01-10,HLVT,70.06,204336,CHF
2019-01-10,IBEX,73.91,115638,EUR
2019-01-10,JURA,2701.04,226815,CHF
2019-01-11,ALPN,71.26,123997,CHF
2019-01-11,BRGN,424.18,214368,CHF
2019-01-11,CRYS,36.62,132365,CHF
2019-01-11,DELT,74.04,112708,EUR
2019-01-11,EDLW,51.58,86690,CHF
2019-01-11,FJRD,31.8,208412,USD
2019-01-11,GLAC,35.03,301524,CHF
2019-01-11,HLVT,69.69,50023,CHF
2019-01-11,IBEX,73.7,195342,EUR
2019-01-11,JURA,2663.28,311883,CHF
2019-01-14,ALPN,72.52,206072,CHF
2019-01-14,BRGN,423.0,166214,CHF
2019-01-14,CRYS,37.28,89639,CHF
2019-01-14,DELT,74.51,351791,EUR
2019-01-14,EDLW,51.58,72614,CHF
2019-01-14,FJRD,32.09,334655,USD
2019-01-14,GLAC,36.15,316651,CHF
2019-01-14,HLVT,69.84,108413,CHF
2019-01-14,IBEX,74.29,91702,EUR
2019-01-14,JURA,2655.94,359048,CHF
2019-01-15,ALPN,72.69,102748,CHF
2019-01-15,BRGN,415.62,139862,CHF
2019-01-15,CRYS,37.18,48244,CHF
2019-01-15,DELT,74.68,203545,EUR
2019-01-15,EDLW,52.54,339379,CHF
2019-01-15,FJRD,32.08,393601,USD
2019-01-15,GLAC,36.54,229872,CHF
2019-01-15,HLVT,69.2,368290,CHF
2019-01-15,IBEX,75.38,208125,EUR
2019-01-15,JURA,2626.83,197233,CHF
2019-01-16,ALPN,71.09,199379,CHF
2019-01-16,BRGN,421.99,255361,CHF
2019-01-16,CRYS,37.28,103352,CHF
2019-01-16,DELT,75.6,195657,EUR
2019-01-16,EDLW,52.7,348070,CHF
2019-01-16,FJRD,32.61,298428,USD
2019-01-16,GLAC,35.2,347453,CHF
2019-01-16,HLVT,69.96,128657,CHF
2019-01-16,IBEX,71.71,243630,EUR
2019-01-16,JURA,2619.81,50229,CHF
2019-01-17,ALPN,69.9,170545,CHF
2019-01-17,BRGN,415.23,367356,CHF
2019-01-17,CRYS,36.81,336492,CHF
2019-01-17,DELT,75.11,108790,EUR
2019-01-17,EDLW,53.28,283699,CHF
2019-01-17,FJRD,32.31,38674,USD
2019-01-17,GLAC,34.48,100023,CHF
2019-01-17,HLVT,68.49,104962,CHF
2019-01-17,IBEX,69.16,178037,EUR
2019-01-17,JURA,2580.91,346608,CHF
2019-01-18,ALPN,71.34,89056,CHF
2019-01-18,BRGN,409.66,229703,CHF
2019-01-18,CRYS,37.42,306570,CHF
2019-01-18,DELT,75.65,306125,EUR
2019-01-18,EDLW,54.24,185422,CHF
2019-01-18,FJRD,32.34,299134,USD
2019-01-18,GLAC,34.52,89347,CHF
2019-01-18,HLVT,69.19,367995,CHF
2019-01-18,IBEX,69.94,204428,EUR
2019-01-18,JURA,2603.45,236984,CHF
2019-01-21,ALPN,72.25,352086,CHF
2019-01-21,BRGN,415.78,209250,CHF
2019-01-21,CRYS,38.62,177578,CHF
2019-01-21,DELT,77.37,186699,EUR
2019-01-21,EDLW,54.73,57361,CHF
2019-01-21,FJRD,32.62,279934,USD
2019-01-21,GLAC,35.84,341625,CHF
2019-01-21,HLVT,70.47,380281,CHF
2019-01-21,IBEX,72.13,174789,EUR
2019-01-21,JURA,2660.21,226878,CHF
2019-01-22,ALPN,70.09,37185,CHF
2019-01-22,BRGN,411.31,53382,CHF
2019-01-22,CRYS,37.84,375092,CHF
2019-01-22,DELT,77.28,175529,EUR
2019-01-22,EDLW,53.53,107245,CHF
2019-01-22,FJRD,32.34,308632,USD
2019-01-22,GLAC,35.08,234775,CHF
2019-01-22,HLVT,70.73,298881,CHF
2019-01-22,IBEX,70.8,369914,EUR
2019-01-22,JURA,2657.64,374667,CHF
2019-01-23,ALPN,70.32,301708,CHF
2019-01-23,BRGN,416.89,81115,CHF
2019-01-23,CRYS,38.16,186085,CHF
2019-01-23,DELT,78.27,165341,EUR
2019-01-23,EDLW,55.02,269498,CHF
2019-01-23,FJRD,33.82,393877,USD
2019-01-23,GLAC,35.81,218312,CHF
2019-01-23,HLVT,72.77,81483,CHF
2019-01-23,IBEX,73.97,22431,EUR
2019-01-23,JURA,2707.95,369198,CHF
2019-01-24,ALPN,69.33,39484,CHF
2019-01-24,BRGN,416.45,398038,CHF
2019-01-24,CRYS,38.46,130807,CHF
2019-01-24,DELT,77.16,49861,EUR
2019-01-24,EDLW,53.95,320451,CHF
2019-01-24,FJRD,33.16,251570,USD
2019-01-24,GLAC,35.52,249381,CHF
2019-01-24,HLVT,70.47,370958,CHF
2019-01-24,IBEX,74.87,219518,EUR
2019-01-24,JURA,2638.27,108726,CHF
2019-01-25,ALPN,69.66,313972,CHF
2019-01-25,BRGN,408.29,217589,CHF
2019-01-25,CRYS,38.09,226341,CHF
2019-01-25,DELT,76.5,135050,EUR
2019-01-25,EDLW,54.3,276385,CHF
2019-01-25,FJRD,32.73,249842,USD
2019-01-25,GLAC,35.73,29580,CHF
2019-01-25,HLVT,69.1,193465,CHF
2019-01-25,IBEX,73.96,315084,EUR
2019-01-25,JURA,2646.56,286231,CHF
2019-01-28,ALPN,67.06,390955,CHF
2019-01-28,BRGN,411.52,178996,CHF
2019-01-28,CRYS,37.6,80720,CHF
2019-01-28,DELT,74.91,22690,EUR
2019-01-28,EDLW,53.28,137277,CHF
2019-01-28,FJRD,32.17,369236,USD
2019-01-28,GLAC,35.88,366304,CHF
2019-01-28,HLVT,67.55,333238,CHF
2019-01-28,IBEX,71.95,268566,EUR
2019-01-28,JURA,2596.08,71818,CHF
2019-01-29,ALPN,67.55,396936,CHF
2019-01-29,BRGN,413.64,137731,CHF
2019-01-29,CRYS,37.36,217985,CHF
2019-01-29,DELT,72.53,249945,EUR
2019-01-29,EDLW,52.2,233237,CHF
2019-01-29,FJRD,31.8,69297,USD
2019-01-29,GLAC,35.56,270450,CHF
2019-01-29,HLVT,67.4,193450,CHF
2019-01-29,IBEX,71.82,237005,EUR
2019-01-29,JURA,2557.47,20535,CHF
2019-01-30,ALPN,66.55,143554,CHF
2019-01-30,BRGN,418.74,210702,CHF
2019-01-30,CRYS,37.84,147196,CHF
2019-01-30,DELT,70.92,212773,EUR
2019-01-30,EDLW,52.81,226348,CHF
2019-01-30,FJRD,31.4,318592,USD
2019-01-30,GLAC,34.91,229833,CHF
2019-01-30,HLVT,67.02,268600,CHF
2019-01-30,IBEX,71.84,225773,EUR
2019-01-30,JURA,2590.46,315185,CHF
2019-01-31,ALPN,65.65,226976,CHF
2019-01-31,BRGN,414.67,66077,CHF
2019-01-31,CRYS,38.12,30671,CHF
2019-01-31,DELT,72.04,380393,EUR
2019-01-31,EDLW,52.96,168403,CHF
2019-01-31,FJRD,31.5,175149,USD
2019-01-31,GLAC,34.67,60861,CHF
2019-01-31,HLVT,66.14,132090,CHF
2019-01-31,IBEX,70.16,70862,EUR
2019-01-31,JURA,2588.45,177424,CHF
2019-02-01,ALPN,65.72,211103,CHF
2019-02-01,BRGN,412.51,171244,CHF
2019-02-01,CRYS,38.35,257689,CHF
2019-02-01,DELT,71.23,286796,EUR
2019-02-01,EDLW,52.94,325543,CHF
2019-02-01,FJRD,32.46,390201,USD
2019-02-01,GLAC,34.13,203121,CHF
2019-02-01,HLVT,65.65,175194,CHF
2019-02-01,IBEX,71.41,323685,EUR
2019-02-01,JURA,2554.49,133380,CHF
2019-02-04,ALPN,68.4,187854,CHF
2019-02-04,BRGN,415.53,328967,CHF
2019-02-04,CRYS,39.28,172952,CHF
2019-02-04,DELT,70.93,140014,EUR
2019-02-04,EDLW,53.28,375679,CHF
2019-02-04,GLAC,35.62,329956,CHF
2019-02-04,HLVT,66.48,59485,CHF
2019-02-04,IBEX,71.42,208463,EUR
2019-02-04,JURA,2583.35,152283,CHF
2019-02-05,BRGN,414.11,313715,CHF
2019-02-05,CRYS,39.18,187972,CHF
2019-02-05,DELT,72.12,28787,EUR
2019-02-05,EDLW,54.29,270305,CHF
2019-02-05,FJRD,32.57,226263,USD
2019-02-05,GLAC,34.8,75338,CHF
2019-02-05,HLVT,65.69,139340,CHF
2019-02-05,IBEX,71.93,298864,EUR
2019-02-05,JURA,2'564.65,375145,CHF
2019-02-06,ALPN,67.76,303713,CHF
2019-02-06,BRGN,410.3,181635,CHF
2019-02-06,CRYS,38.55,391632,CHF
2019-02-06,DELT,70.39,55655,EUR
2019-02-06,EDLW,54.59,349737,CHF
2019-02-06,FJRD,32.24,21051,USD
2019-02-06,GLAC,34.6,357441,CHF
2019-02-06,HLVT,65.23,172836,CHF
2019-02-06,IBEX,71.3,370300,EUR
2019-02-06,JURA,2584.8,361371,CHF
2019-02-07,ALPN,68.01,80156,CHF
2019-02-07,BRGN,405.79,395174,CHF
2019-02-07,DELT,71.18,286709,EUR
2019-02-07,EDLW,54.25,157217,CHF
2019-02-07,FJRD,32.24,103340,USD
2019-02-07,GLAC,34.4,360096,CHF
2019-02-07,HLVT,65.62,303082,CHF
2019-02-07,IBEX,70.93,92774,EUR
2019-02-07,JURA,2605.56,195510,CHF
2019-02-08,ALPN,68.09,220196,CHF
2019-02-08,BRGN,400.46,66973,CHF
2019-02-08,CRYS,38.65,118590,CHF
2019-02-08,DELT,70.96,269106,EUR
2019-02-08,EDLW,53.7,32435,CHF
2019-02-08,FJRD,32.4,312329,USD
2019-02-08,GLAC,34.92,207162,CHF
2019-02-08,HLVT,66.69,399472,CHF
2019-02-08,IBEX,70.73,337509,EUR
2019-02-08,JURA,2695.96,28442,CHF
2019-02-11,ALPN,70.28,133382,CHF
2019-02-11,BRGN,404.98,269485,CHF
2019-02-11,CRYS,39.65,186384,CHF
2019-02-11,DELT,72.65,110803,EUR
2019-02-11,EDLW,55.53,392991,CHF
2019-02-11,FJRD,32.98,370666,USD
2019-02-11,GLAC,36.53,37515,CHF
2019-02-11,HLVT,67.72,266116,CHF
2019-02-11,IBEX,73.49,167371,EUR
2019-02-11,JURA,2715.03,362711,CHF
2019-02-12,ALPN,68.31,36513,CHF
2019-02-12,BRGN,401.52,138054,CHF
2019-02-12,CRYS,37.81,328080,CHF
2019-02-12,DELT,71.85,390271,EUR
2019-02-12,EDLW,53.79,317465,CHF
2019-02-12,FJRD,31.92,397951,USD
2019-02-12,GLAC,35.81,270256,CHF
2019-02-12,HLVT,67.47,139304,CHF
2019-02-12,IBEX,72.8,43691,EUR
2019-02-12,JURA,2677.62,28052,CHF
2019-02-13,ALPN,68.77,256830,CHF
2019-02-13,BRGN,399.12,208057,CHF
2019-02-13,CRYS,37.69,293002,CHF
2019-02-13,DELT,72.51,53240,EUR
2019-02-13,EDLW,53.77,83443,CHF
2019-02-13,FJRD,31.73,90608,USD
2019-02-13,GLAC,35.21,212761,CHF
2019-02-13,HLVT,66.65,150577,CHF
2019-02-13,IBEX,72.45,151219,EUR
2019-02-13,JURA,2620.47,195933,CHF
2019-02-14,ALPN,69.72,65008,CHF
2019-02-14,BRGN,408.74,92301,CHF
2019-02-14,CRYS,38.19,20088,CHF
2019-02-14,DELT,72.9,150571,EUR
2019-02-14,EDLW,53.16,187303,CHF
2019-02-14,FJRD,32.19,173699,USD
2019-02-14,GLAC,36.06,252419,CHF
2019-02-14,HLVT,67.42,87728,CHF
2019-02-14,IBEX,71.49,148488,EUR
2019-02-14,JURA,2714.63,68074,CHF
2019-02-15,ALPN,70.63,176571,CHF
2019-02-15,BRGN,416.03,338789,CHF
2019-02-15,CRYS,37.74,140856,CHF
2019-02-15,DELT,74.33,172330,EUR
2019-02-15,EDLW,52.86,141982,CHF
2019-02-15,FJRD,32.4,197653,USD
2019-02-15,GLAC,35.53,155070,CHF
2019-02-15,HLVT,69.17,98517,CHF
2019-02-15,IBEX,70.04,116997,EUR
2019-02-18,ALPN,71.16,313063,CHF
2019-02-18,BRGN,421.62,374419,CHF
2019-02-18,CRYS,38.04,140244,CHF
2019-02-18,DELT,72.69,229626,EUR
2019-02-18,EDLW,51.88,101550,CHF
2019-02-18,FJRD,32.14,379185,USD
2019-02-18,GLAC,35.4,356994,CHF
2019-02-18,HLVT,69.95,65999,CHF
2019-02-18,IBEX,70.84,36928,EUR
2019-02-18,JURA,2725.57,299615,CHF
2019-02-19,ALPN,70.57,344802,CHF
2019-02-19,BRGN,411.52,364710,CHF
2019-02-19,CRYS,36.52,316107,CHF
2019-02-19,DELT,72.36,137262,EUR
2019-02-19,EDLW,52.57,398487,CHF
2019-02-19,FJRD,30.73,64859,USD
2019-02-19,GLAC,34.71,342246,CHF
2019-02-19,HLVT,68.54,329233,CHF
2019-02-19,IBEX,70.84,251734,EUR
2019-02-19,JURA,2656.89,210739,CHF
2019-02-20,ALPN,70.36,296031,CHF
2019-02-20,BRGN,414.48,37363,CHF
2019-02-20,CRYS,35.88,152715,CHF
2019-02-20,DELT,72.99,219220,EUR
2019-02-20,EDLW,52.25,194773,CHF
2019-02-20,FJRD,30.83,141117,USD
2019-02-20,GLAC,34.56,192125,CHF
2019-02-20,HLVT,67.15,209088,CHF
2019-02-20,IBEX,70.35,252531,EUR
2019-02-20,JURA,2624.52,299141,CHF
2019-02-21,ALPN,70.02,366531,CHF
2019-02-21,BRGN,418.32,143439,CHF
2019-02-21,CRYS,35.87,293092,CHF
2019-02-21,DELT,71.83,290493,EUR
2019-02-21,EDLW,51.72,48828,CHF
2019-02-21,FJRD,30.87,337532,USD
2019-02-21,GLAC,33.69,286431,CHF
2019-02-21,HLVT,65.94,165374,CHF
2019-02-21,IBEX,69.57,251477,EUR
2019-02-21,JURA,2631.79,383937,CHF
2019-02-22,ALPN,69.2,218471,CHF
2019-02-22,BRGN,420.22,323669,CHF
2019-02-22,CRYS,35.46,158322,CHF
2019-02-22,DELT,71.21,217365,EUR
2019-02-22,EDLW,51.73,220998,CHF
2019-02-22,GLAC,33.0,272095,CHF
2019-02-22,HLVT,65.93,337522,CHF
2019-02-22,IBEX,70.5,289028,EUR
2019-02-22,JURA,2649.0,157241,CHF
2019-02-25,ALPN,69.55,330977,CHF
2019-02-25,BRGN,418.03,138480,CHF
2019-02-25,CRYS,35.69,42718,CHF
2019-02-25,DELT,69.76,92328,EUR
2019-02-25,EDLW,51.67,207160,CHF
2019-02-25,FJRD,30.08,30074,USD
2019-02-25,GLAC,33.81,296022,CHF
2019-02-25,HLVT,65.29,291078,CHF
2019-02-25,IBEX,70.68,324662,EUR
2019-02-25,JURA,2633.07,49610,CHF
2019-02-26,ALPN,71.07,350158,CHF
2019-02-26,BRGN,419.05,309435,CHF
2019-02-26,CRYS,36.25,377231,CHF
2019-02-26,DELT,69.47,321232,EUR
2019-02-26,EDLW,51.17,382564,CHF
2019-02-26,FJRD,30.85,282490,USD
2019-02-26,GLAC,34.68,269102,CHF
2019-02-26,HLVT,65.78,374962,CHF
2019-02-26,IBEX,70.88,215976,EUR
2019-02-26,JURA,2651.88,196984,CHF
2019-02-27,ALPN,71.4,196358,CHF
2019-02-27,BRGN,420.93,180891,CHF
2019-02-27,CRYS,36.56,398210,CHF
2019-02-27,DELT,70.58,244870,EUR
2019-02-27,EDLW,51.71,157940,CHF
2019-02-27,FJRD,31.18,282251,USD
2019-02-27,GLAC,35.54,91293,CHF
2019-02-27,HLVT,64.9,388581,CHF
2019-02-27,IBEX,72.92,241758,EUR
2019-02-27,JURA,2677.26,161131,CHF
2019-02-28,ALPN,71.77,73272,CHF
2019-02-28,BRGN,418.6,351616,CHF
2019-02-28,CRYS,36.83,156434,CHF
2019-02-28,DELT,70.87,173402,EUR
2019-02-28,EDLW,51.5,272213,CHF
2019-02-28,FJRD,30.31,248516,USD
2019-02-28,GLAC,34.9,176617,CHF
2019-02-28,HLVT,64.15,41945,CHF
2019-02-28,IBEX,72.97,191707,EUR
2019-02-28,JURA,2700.34,222844,CHF
2019-03-01,ALPN,73.19,113288,CHF
2019-03-01,BRGN,416.92,227399,CHF
2019-03-01,CRYS,37.7,288672,CHF
2019-03-01,DELT,72.29,25341,EUR
2019-03-01,EDLW,51.33,363465,CHF
2019-03-01,FJRD,30.65,378965,USD
2019-03-01,GLAC,35.05,241010,CHF
2019-03-01,HLVT,63.9,83108,CHF
2019-03-01,IBEX,74.2,364974,EUR
2019-03-01,JURA,2779.69,197973,CHF
2019-03-04,ALPN,73.14,354393,CHF
2019-03-04,BRGN,426.64,169549,CHF
2019-03-04,CRYS,38.84,271289,CHF
2019-03-04,DELT,72.52,311594,EUR
2019-03-04,EDLW,52.0,156421,CHF
2019-03-04,FJRD,30.35,32027,USD
2019-03-04,GLAC,35.66,235851,CHF
2019-03-04,HLVT,64.57,132950,CHF
2019-03-04,IBEX,74.31,129390,EUR
2019-03-04,JURA,2792.51,125776,CHF
2019-03-05,ALPN,74.75,298316,CHF
2019-03-05,BRGN,418.57,55627,CHF
2019-03-05,CRYS,39.19,138530,CHF
2019-03-05,DELT,71.77,286116,EUR
2019-03-05,EDLW,51.85,243457,CHF
2019-03-05,FJRD,29.81,86284,USD
2019-03-05,GLAC,34.69,240840,CHF
2019-03-05,HLVT,64.21,242834,CHF
2019-03-05,IBEX,73.78,82716,EUR
2019-03-05,JURA,2788.7,85267,CHF
2019-03-06,ALPN,73.31,160202,CHF
2019-03-06,BRGN,410.98,133374,CHF
2019-03-06,CRYS,38.65,71678,CHF
2019-03-06,DELT,69.06,282266,EUR
2019-03-06,EDLW,50.91,96405,CHF
2019-03-06,FJRD,29.6,36524,USD
2019-03-06,GLAC,33.14,32341,CHF
2019-03-06,HLVT,62.72,22164,CHF
2019-03-06,IBEX,72.97,81052,EUR
2019-03-06,JURA,2'693.05,158737,CHF
2019-03-07,ALPN,73.51,224470,CHF
2019-03-07,BRGN,411.62,196940,CHF
2019-03-07,CRYS,38.34,195169,CHF
2019-03-07,DELT,69.89,37111,EUR
2019-03-07,EDLW,50.87,321129,CHF
2019-03-07,FJRD,30.12,278917,USD
2019-03-07,GLAC,33.22,77535,CHF
2019-03-07,HLVT,62.02,322319,CHF
2019-03-07,IBEX,74.97,30719,EUR
2019-03-07,JURA,2720.68,342295,CHF
2019-03-08,ALPN,73.62,71131,CHF
2019-03-08,BRGN,405.44,224366,CHF
2019-03-08,CRYS,39.57,268775,CHF
2019-03-08,DELT,69.87,387849,EUR
2019-03-08,EDLW,52.35,348951,CHF
2019-03-08,FJRD,30.14,315947,USD
2019-03-08,GLAC,32.89,158978,CHF
2019-03-08,HLVT,62.24,272282,CHF
2019-03-08,IBEX,74.38,289135,EUR
2019-03-08,JURA,2651.43,305850,CHF
2019-03-11,ALPN,72.98,384377,CHF
2019-03-11,BRGN,409.73,52382,CHF
2019-03-11,CRYS,39.74,284053,CHF
2019-03-11,DELT,71.19,268887,EUR
2019-03-11,EDLW,52.54,226651,CHF
2019-03-11,FJRD,30.03,387316,USD
2019-03-11,GLAC,33.04,85340,CHF
2019-03-11,HLVT,63.41,130677,CHF
2019-03-11,IBEX,75.83,161828,EUR
2019-03-11,JURA,2650.83,50670,CHF
2019-03-12,ALPN,73.97,333746,CHF
2019-03-12,BRGN,398.17,377496,CHF
2019-03-12,CRYS,40.33,316200,CHF
2019-03-12,DELT,71.06,378446,EUR
2019-03-12,EDLW,53.17,360523,CHF
2019-03-12,FJRD,30.46,30795,USD
2019-03-12,GLAC,33.1,218336,CHF
2019-03-12,HLVT,63.29,41061,CHF
2019-03-12,IBEX,75.73,25141,EUR
2019-03-12,JURA,2668.61,42779,CHF
2019-03-13,ALPN,76.17,340466,CHF
2019-03-13,BRGN,402.4,146070,CHF
2019-03-13,CRYS,40.98,85871,CHF
2019-03-13,DELT,73.17,53880,EUR
2019-03-13,EDLW,53.82,33197,CHF
2019-03-13,FJRD,30.46,349580,USD
2019-03-13,GLAC,33.8,28344,CHF
2019-03-13,HLVT,64.26,214871,CHF
2019-03-13,IBEX,75.6,382760,EUR
2019-03-13,JURA,2630.59,47306,CHF
2019-03-14,ALPN,75.91,62081,CHF
2019-03-14,BRGN,396.87,71215,CHF
2019-03-14,CRYS,40.87,229830,CHF
2019-03-14,DELT,71.84,373318,EUR
2019-03-14,EDLW,54.58,220631,CHF
2019-03-14,FJRD,30.13,284068,USD
2019-03-14,GLAC,33.29,145449,CHF
2019-03-14,HLVT,63.08,200660,CHF
2019-03-14,IBEX,74.93,227017,EUR
2019-03-14,JURA,2615.47,331189,CHF
2019-03-15,ALPN,75.86,388299,CHF
2019-03-15,BRGN,404.4,264771,CHF
2019-03-15,CRYS,41.04,194072,CHF
2019-03-15,DELT,70.77,346211,EUR
2019-03-15,EDLW,55.64,369605,CHF
2019-03-15,FJRD,30.76,178515,USD
2019-03-15,GLAC,33.4,144942,CHF
2019-03-15,HLVT,62.18,68585,CHF
2019-03-15,IBEX,74.97,202226,EUR
2019-03-15,JURA,2676.07,107824,CHF
2019-03-18,ALPN,76.65,238388,CHF
2019-03-18,BRGN,406.71,59556,CHF
2019-03-18,CRYS,41.81,295065,CHF
2019-03-18,DELT,71.95,143044,EUR
2019-03-18,EDLW,54.87,118819,CHF
2019-03-18,FJRD,30.83,377670,USD
2019-03-18,GLAC,33.78,26658,CHF
2019-03-18,HLVT,61.4,242445,CHF
2019-03-18,IBEX,75.09,394383,EUR
2019-03-18,JURA,2712.56,133137,CHF
2019-03-19,ALPN,75.19,122742,CHF
2019-03-19,BRGN,407.52,384236,CHF
2019-03-19,CRYS,41.08,156748,CHF
2019-03-19,DELT,72.52,377589,EUR
2019-03-19,EDLW,54.9,127902,CHF
2019-03-19,FJRD,29.68,184932,USD
2019-03-19,GLAC,32.73,381967,CHF
2019-03-19,HLVT,60.39,153619,CHF
2019-03-19,IBEX,73.54,399975,EUR
2019-03-19,JURA,2645.79,388606,CHF
2019-03-20,ALPN,72.89,107411,CHF
2019-03-20,BRGN,402.93,81816,CHF
2019-03-20,CRYS,40.67,21562,CHF
2019-03-20,DELT,71.44,393489,EUR
2019-03-20,EDLW,54.21,189884,CHF
2019-03-20,FJRD,29.2,108721,USD
2019-03-20,GLAC,32.93,64281,CHF
2019-03-20,HLVT,59.13,262441,CHF
2019-03-20,IBEX,73.74,233924,EUR
2019-03-20,JURA,2638.29,82620,CHF
2019-03-21,ALPN,73.41,303094,CHF
2019-03-21,ALPN,73.41,303094,CHF
2019-03-21,BRGN,401.66,82108,CHF
2019-03-21,CRYS,41.13,159207,CHF
2019-03-21,DELT,71.71,381067,EUR
2019-03-21,EDLW,54.56,245747,CHF
2019-03-21,FJRD,28.91,197443,USD
2019-03-21,GLAC,32.96,250587,CHF
2019-03-21,HLVT,59.35,62045,CHF
2019-03-21,IBEX,74.11,280101,EUR
2019-03-21,JURA,2620.02,361295,CHF
2019-03-22,ALPN,73.49,252661,CHF
2019-03-22,BRGN,394.49,345698,CHF
2019-03-22,CRYS,40.66,158425,CHF
2019-03-22,DELT,71.2,178731,EUR
2019-03-22,EDLW,54.38,200414,CHF
2019-03-22,FJRD,28.91,89882,USD
2019-03-22,GLAC,32.26,170798,CHF
2019-03-22,HLVT,57.34,327563,CHF
2019-03-22,IBEX,72.73,20298,EUR
2019-03-22,JURA,2602.68,134926,CHF
2019-03-25,ALPN,77.2,335738,CHF
2019-03-25,BRGN,402.05,55066,CHF
2019-03-25,CRYS,42.63,261608,CHF
2019-03-25,DELT,73.8,120338,EUR
2019-03-25,EDLW,54.28,319327,CHF
2019-03-25,FJRD,29.42,50988,USD
2019-03-25,GLAC,32.94,152331,CHF
2019-03-25,HLVT,59.15,121981,CHF
2019-03-25,IBEX,74.16,228435,EUR
2019-03-25,JURA,2625.43,333195,CHF
2019-03-26,ALPN,75.2,174285,CHF
2019-03-26,BRGN,404.47,315475,CHF
2019-03-26,CRYS,41.16,287955,CHF
2019-03-26,DELT,70.93,271187,EUR
2019-03-26,EDLW,52.84,188939,CHF
2019-03-26,FJRD,29.77,318364,USD
2019-03-26,GLAC,31.75,127700,CHF
2019-03-26,HLVT,58.17,30298,CHF
2019-03-26,IBEX,72.41,60897,EUR
2019-03-26,JURA,2538.8,147062,CHF
2019-03-27,ALPN,75.06,30116,CHF
2019-03-27,BRGN,413.84,114211,CHF
2019-03-27,CRYS,41.55,208797,CHF
2019-03-27,DELT,72.6,345518,EUR
2019-03-27,EDLW,53.19,198449,CHF
2019-03-27,FJRD,30.13,36347,USD
2019-03-27,GLAC,31.44,299065,CHF
2019-03-27,HLVT,58.54,230267,CHF
2019-03-27,IBEX,71.58,273602,EUR
2019-03-27,JURA,2538.73,299178,CHF
2019-03-28,ALPN,74.93,143593,CHF
2019-03-28,BRGN,416.58,200437,CHF
2019-03-28,CRYS,42.24,253864,CHF
2019-03-28,DELT,73.28,108975,EUR
2019-03-28,EDLW,53.1,343112,CHF
2019-03-28,FJRD,30.46,142399,USD
2019-03-28,GLAC,31.75,264990,CHF
2019-03-28,HLVT,59.47,32230,CHF
2019-03-28,IBEX,72.11,254666,EUR
2019-03-28,JURA,2564.56,285561,CHF
2019-03-29,ALPN,72.24,350879,CHF
2019-03-29,BRGN,409.54,399868,CHF
2019-03-29,CRYS,40.49,356586,CHF
2019-03-29,DELT,71.97,229009,EUR
2019-03-29,EDLW,53.01,158918,CHF
2019-03-29,FJRD,29.44,348442,USD
2019-03-29,GLAC,30.62,295099,CHF
2019-03-29,HLVT,58.14,316384,CHF
2019-03-29,IBEX,69.23,330598,EUR
2019-03-29,JURA,2525.98,392405,CHF
2019-04-01,ALPN,73.1,182374,CHF
2019-04-01,BRGN,411.5,97767,CHF
2019-04-01,CRYS,41.0,50314,CHF
2019-04-01,DELT,72.19,255155,EUR
2019-04-01,EDLW,53.56,320589,CHF
2019-04-01,FJRD,29.82,244705,USD
2019-04-01,GLAC,30.33,166774,CHF
2019-04-01,HLVT,58.79,366996,CHF
2019-04-01,IBEX,70.09,293296,EUR
2019-04-01,JURA,2583.44,324122,CHF
2019-04-02,ALPN,74.17,246601,CHF
2019-04-02,BRGN,409.43,146563,CHF
2019-04-02,CRYS,40.08,370227,CHF
2019-04-02,DELT,72.16,172668,EUR
2019-04-02,EDLW,53.45,124187,CHF
2019-04-02,FJRD,30.12,155519,USD
2019-04-02,GLAC,30.38,42821,CHF
2019-04-02,HLVT,57.97,112918,CHF
2019-04-02,IBEX,69.07,398368,EUR
2019-04-02,JURA,2594.4,299727,CHF
2019-04-03,ALPN,74.83,193515,CHF
2019-04-03,BRGN,409.12,268114,CHF
2019-04-03,CRYS,39.79,163603,CHF
2019-04-03,DELT,72.02,179626,EUR
2019-04-03,EDLW,52.03,110005,CHF
2019-04-03,FJRD,30.58,141722,USD
2019-04-03,GLAC,29.42,276989,CHF
2019-04-03,HLVT,57.58,305491,CHF
2019-04-03,IBEX,68.69,192325,EUR
2019-04-03,JURA,2'578.48,142925,CHF
2019-04-04,ALPN,74.75,271203,CHF
2019-04-04,BRGN,415.29,140600,CHF
2019-04-04,CRYS,40.12,107572,CHF
2019-04-04,DELT,71.34,56256,EUR
2019-04-04,EDLW,51.92,183572,CHF
2019-04-04,FJRD,30.17,187455,USD
2019-04-04,GLAC,29.05,223200,CHF
2019-04-04,HLVT,58.48,392066,CHF
2019-04-04,IBEX,70.14,169991,EUR
2019-04-04,JURA,2598.91,164885,CHF
2019-04-05,CRYS,39.98,108241,CHF
2019-04-05,DELT,71.49,185851,EUR
2019-04-05,EDLW,51.86,186082,CHF
2019-04-05,FJRD,30.43,49104,USD
2019-04-05,GLAC,29.43,74365,CHF
2019-04-05,HLVT,58.72,135062,CHF
2019-04-05,IBEX,71.44,354672,EUR
2019-04-05,JURA,2672.25,291367,CHF
2019-04-08,ALPN,75.67,62070,CHF
2019-04-08,BRGN,423.47,382599,CHF
2019-04-08,CRYS,40.73,288569,CHF
2019-04-08,DELT,72.37,66282,EUR
2019-04-08,EDLW,52.27,396721,CHF
2019-04-08,FJRD,30.26,159111,USD
2019-04-08,GLAC,30.07,155192,CHF
2019-04-08,HLVT,59.38,142788,CHF
2019-04-08,IBEX,73.49,129962,EUR
2019-04-08,JURA,2676.17,358713,CHF
2019-04-09,ALPN,76.66,396235,CHF
2019-04-09,BRGN,421.9,239135,CHF
2019-04-09,CRYS,40.92,109784,CHF
2019-04-09,DELT,72.2,103355,EUR
2019-04-09,EDLW,52.99,60882,CHF
2019-04-09,FJRD,30.62,80378,USD
2019-04-09,GLAC,29.69,195886,CHF
2019-04-09,HLVT,58.97,72198,CHF
2019-04-09,IBEX,73.97,246618,EUR
2019-04-09,JURA,2696.2,67031,CHF
2019-04-10,ALPN,75.42,111787,CHF
2019-04-10,BRGN,425.91,250211,CHF
2019-04-10,CRYS,40.11,334020,CHF
2019-04-10,DELT,70.48,275956,EUR
2019-04-10,EDLW,52.45,367280,CHF
2019-04-10,FJRD,30.82,312969,USD
2019-04-10,GLAC,29.44,198815,CHF
2019-04-10,HLVT,58.83,304078,CHF
2019-04-10,IBEX,73.54,361558,EUR
2019-04-10,JURA,2649.72,118788,CHF
2019-04-11,ALPN,75.83,22057,CHF
2019-04-11,BRGN,427.33,154874,CHF
2019-04-11,CRYS,39.44,181917,CHF
2019-04-11,DELT,69.75,143968,EUR
2019-04-11,EDLW,52.21,293712,CHF
2019-04-11,FJRD,31.03,89695,USD
2019-04-11,GLAC,29.16,292804,CHF
2019-04-11,HLVT,58.07,35082,CHF
2019-04-11,IBEX,74.06,190080,EUR
2019-04-11,JURA,2695.63,359750,CHF
2019-04-12,ALPN,75.65,200754,CHF
2019-04-12,BRGN,424.68,122811,CHF
2019-04-12,CRYS,40.13,102850,CHF
2019-04-12,DELT,69.57,261312,EUR
2019-04-12,EDLW,51.95,298588,CHF
2019-04-12,FJRD,30.44,384274,USD
2019-04-12,GLAC,29.14,192483,CHF
2019-04-12,HLVT,56.82,187184,CHF
2019-04-12,IBEX,73.07,385166,EUR
2019-04-12,JURA,2723.42,358511,CHF
2019-04-15,ALPN,75.29,206820,CHF
2019-04-15,BRGN,431.71,122550,CHF
2019-04-15,CRYS,40.19,68240,CHF
2019-04-15,DELT,70.69,142888,EUR
2019-04-15,EDLW,51.91,306726,CHF
2019-04-15,FJRD,30.97,373607,USD
2019-04-15,GLAC,29.7,137484,CHF
2019-04-15,HLVT,57.94,251722,CHF
2019-04-15,IBEX,74.16,196223,EUR
2019-04-15,JURA,2735.22,121854,CHF
2019-04-16,ALPN,75.47,163560,CHF
2019-04-16,BRGN,431.07,312850,CHF
2019-04-16,CRYS,41.35,314934,CHF
2019-04-16,DELT,69.14,204409,EUR
2019-04-16,EDLW,52.69,322758,CHF
2019-04-16,FJRD,30.48,204803,USD
2019-04-16,GLAC,30.37,272837,CHF
2019-04-16,HLVT,58.32,185127,CHF
2019-04-16,IBEX,74.62,364280,EUR
2019-04-16,JURA,2789.42,215437,CHF
2019-04-17,ALPN,76.48,210858,CHF
2019-04-17,BRGN,428.07,75417,CHF
2019-04-17,CRYS,41.07,273747,CHF
2019-04-17,DELT,69.67,105839,EUR
2019-04-17,EDLW,53.65,212366,CHF
2019-04-17,FJRD,30.43,343853,USD
2019-04-17,GLAC,30.83,75755,CHF
2019-04-17,HLVT,59.61,22576,CHF
2019-04-17,IBEX,75.0,41967,EUR
2019-04-17,JURA,2767.14,290290,CHF
2019-04-18,ALPN,77.24,161203,CHF
2019-04-18,BRGN,432.95,308242,CHF
2019-04-18,CRYS,41.13,110044,CHF
2019-04-18,DELT,71.15,394493,EUR
2019-04-18,EDLW,54.17,97224,CHF
2019-04-18,FJRD,31.5,21974,USD
2019-04-18,GLAC,30.97,213589,CHF
2019-04-18,HLVT,60.3,387839,CHF
2019-04-18,IBEX,76.48,126262,EUR
2019-04-18,JURA,2768.05,346674,CHF
2019-04-19,ALPN,77.91,98679,CHF
2019-04-19,BRGN,428.3,100634,CHF
2019-04-19,CRYS,40.95,176255,CHF
2019-04-19,DELT,69.75,36281,EUR
2019-04-19,EDLW,55.19,206137,CHF
2019-04-19,FJRD,32.06,79605,USD
2019-04-19,GLAC,31.56,384584,CHF
2019-04-19,HLVT,61.59,252941,CHF
2019-04-19,IBEX,78.13,135251,EUR
2019-04-19,JURA,2798.05,134489,CHF
2019-04-22,ALPN,79.48,97709,CHF
2019-04-22,BRGN,431.77,122877,CHF
2019-04-22,CRYS,41.07,364577,CHF
2019-04-22,DELT,70.82,371677,EUR
2019-04-22,EDLW,55.7,244747,CHF
2019-04-22,FJRD,31.84,30154,USD
2019-04-22,GLAC,31.87,140597,CHF
2019-04-22,HLVT,62.28,45707,CHF
2019-04-22,IBEX,80.39,65752,EUR
2019-04-22,JURA,2816.21,342759,CHF
2019-04-23,ALPN,78.19,99337,CHF
2019-04-23,BRGN,434.85,334283,CHF
2019-04-23,CRYS,40.39,249326,CHF
2019-04-23,DELT,70.45,316622,EUR
2019-04-23,EDLW,55.05,225882,CHF
2019-04-23,FJRD,32.0,186658,USD
2019-04-23,GLAC,31.12,74347,CHF
2019-04-23,HLVT,63.07,363450,CHF
2019-04-23,IBEX,78.18,83956,EUR
2019-04-23,JURA,2786.62,232348,CHF
2019-04-24,ALPN,79.43,338568,CHF
2019-04-24,BRGN,428.93,372391,CHF
2019-04-24,CRYS,40.47,238073,CHF
2019-04-24,DELT,69.74,116289,EUR
2019-04-24,DELT,69.74,116289,EUR
2019-04-24,EDLW,53.59,127362,CHF
2019-04-24,FJRD,32.08,25630,USD
2019-04-24,GLAC,30.87,288524,CHF
2019-04-24,HLVT,61.93,259028,CHF
2019-04-24,IBEX,78.9,184338,EUR
2019-04-24,JURA,2761.28,184389,CHF
2019-04-25,ALPN,79.89,112575,CHF
2019-04-25,BRGN,431.39,92412,CHF
2019-04-25,CRYS,39.99,173783,CHF
2019-04-25,DELT,69.24,317089,EUR
2019-04-25,EDLW,53.29,371953,CHF
2019-04-25,FJRD,32.16,167993,USD
2019-04-25,GLAC,30.78,232315,CHF
2019-04-25,HLVT,60.99,101288,CHF
2019-04-25,IBEX,79.42,125115,EUR
2019-04-25,JURA,2758.62,236977,CHF
2019-04-26,ALPN,77.91,49447,CHF
2019-04-26,BRGN,431.61,114241,CHF
2019-04-26,CRYS,39.16,131695,CHF
2019-04-26,DELT,67.48,363709,EUR
2019-04-26,EDLW,52.36,149617,CHF
2019-04-26,FJRD,31.74,194236,USD
2019-04-26,GLAC,30.29,117709,CHF
2019-04-26,HLVT,60.36,280139,CHF
2019-04-26,IBEX,78.61,153561,EUR
2019-04-26,JURA,2722.04,329773,CHF
2019-04-29,ALPN,78.43,336447,CHF
2019-04-29,BRGN,438.58,263002,CHF
2019-04-29,CRYS,40.12,282540,CHF
2019-04-29,DELT,68.23,116209,EUR
2019-04-29,EDLW,52.58,343755,CHF
2019-04-29,FJRD,31.81,20902,USD
2019-04-29,GLAC,30.59,59537,CHF
2019-04-29,HLVT,60.52,178485,CHF
2019-04-29,IBEX,78.15,377092,EUR
2019-04-29,JURA,2781.16,222037,CHF
2019-04-30,ALPN,80.41,385534,CHF
2019-04-30,BRGN,447.95,285399,CHF
2019-04-30,CRYS,40.38,317119,CHF
2019-04-30,DELT,68.73,262489,EUR
2019-04-30,EDLW,53.19,22033,CHF
2019-04-30,FJRD,32.1,396355,USD
2019-04-30,GLAC,31.16,300290,CHF
2019-04-30,HLVT,60.37,313645,CHF
2019-04-30,IBEX,78.62,357598,EUR
2019-04-30,JURA,2823.93,383186,CHF
2019-05-01,ALPN,81.89,73396,CHF
2019-05-01,BRGN,449.83,86694,CHF
2019-05-01,CRYS,41.69,158764,CHF
2019-05-01,DELT,68.89,103984,EUR
2019-05-01,EDLW,53.59,21452,CHF
2019-05-01,FJRD,32.22,59370,USD
2019-05-01,GLAC,32.08,121080,CHF
2019-05-01,HLVT,60.84,195616,CHF
2019-05-01,IBEX,80.29,309806,EUR
2019-05-01,JURA,2'825.40,64917,CHF
2019-05-02,ALPN,79.56,154642,CHF
2019-05-02,BRGN,437.94,25093,CHF
2019-05-02,CRYS,40.84,84808,CHF
2019-05-02,DELT,69.42,198579,EUR
2019-05-02,EDLW,51.43,245672,CHF
2019-05-02,FJRD,32.39,168444,USD
2019-05-02,GLAC,32.98,348734,CHF
2019-05-02,HLVT,60.47,350660,CHF
2019-05-02,IBEX,80.03,176737,EUR
2019-05-02,JURA,2836.84,384764,CHF
2019-05-03,ALPN,80.76,237325,CHF
2019-05-03,BRGN,451.06,240752,CHF
2019-05-03,CRYS,40.88,22009,CHF
2019-05-03,DELT,69.15,364862,EUR
2019-05-03,EDLW,51.33,158806,CHF
2019-05-03,FJRD,32.6,254921,USD
2019-05-03,GLAC,33.41,143149,CHF
2019-05-03,HLVT,62.51,218506,CHF
2019-05-03,IBEX,80.26,33877,EUR
2019-05-03,JURA,2934.37,138909,CHF
2019-05-06,ALPN,80.01,60664,CHF
2019-05-06,BRGN,455.01,210429,CHF
2019-05-06,CRYS,41.19,370174,CHF
2019-05-06,DELT,68.43,304585,EUR
2019-05-06,EDLW,51.0,238517,CHF
2019-05-06,FJRD,31.92,53563,USD
2019-05-06,GLAC,33.57,78516,CHF
2019-05-06,HLVT,62.17,234008,CHF
2019-05-06,IBEX,78.36,279480,EUR
2019-05-06,JURA,2938.44,250486,CHF
2019-05-07,ALPN,78.85,291709,CHF
2019-05-07,BRGN,458.91,365695,CHF
2019-05-07,CRYS,41.73,89837,CHF
2019-05-07,DELT,69.22,64662,EUR
2019-05-07,EDLW,50.94,131247,CHF
2019-05-07,FJRD,30.91,309396,USD
2019-05-07,GLAC,33.85,29802,CHF
2019-05-07,HLVT,63.99,353409,CHF
2019-05-07,IBEX,78.33,352303,EUR
2019-05-07,JURA,2914.73,121906,CHF
2019-05-08,ALPN,78.03,133374,CHF
2019-05-08,BRGN,450.77,292844,CHF
2019-05-08,CRYS,41.37,310859,CHF
2019-05-08,DELT,67.99,214850,EUR
2019-05-08,EDLW,50.31,55110,CHF
2019-05-08,FJRD,30.2,26657,USD
2019-05-08,GLAC,33.36,91728,CHF
2019-05-08,HLVT,63.63,326057,CHF
2019-05-08,IBEX,78.7,299865,EUR
2019-05-08,JURA,2953.82,382656,CHF
2019-05-09,ALPN,77.77,298651,CHF
2019-05-09,BRGN,446.78,359519,CHF
2019-05-09,CRYS,41.65,259060,CHF
2019-05-09,DELT,67.42,236016,EUR
2019-05-09,EDLW,49.57,27913,CHF
2019-05-09,FJRD,30.3,220593,USD
2019-05-09,GLAC,32.4,196350,CHF
2019-05-09,HLVT,62.11,99604,CHF
2019-05-09,IBEX,77.79,219221,EUR
2019-05-09,JURA,2950.0,152551,CHF
2019-05-10,ALPN,78.58,22683,CHF
2019-05-10,BRGN,447.55,299224,CHF
2019-05-10,CRYS,41.68,21337,CHF
2019-05-10,DELT,67.56,330593,EUR
2019-05-10,EDLW,49.56,242962,CHF
2019-05-10,FJRD,29.36,204929,USD
2019-05-10,GLAC,32.1,358186,CHF
2019-05-10,HLVT,61.44,238393,CHF
2019-05-10,IBEX,77.59,334752,EUR
2019-05-10,JURA,2979.05,233556,CHF
2019-05-13,ALPN,77.24,39160,CHF
2019-05-13,BRGN,441.71,153011,CHF
2019-05-13,CRYS,41.84,332442,CHF
2019-05-13,DELT,66.34,129426,EUR
2019-05-13,EDLW,49.77,47232,CHF
2019-05-13,FJRD,29.04,93746,USD
2019-05-13,HLVT,61.14,190862,CHF
2019-05-13,IBEX,76.15,231404,EUR
2019-05-13,JURA,3014.86,211246,CHF
2019-05-14,ALPN,77.26,331401,CHF
2019-05-14,BRGN,444.2,111856,CHF
2019-05-14,CRYS,41.19,308912,CHF
2019-05-14,DELT,66.77,215864,EUR
2019-05-14,EDLW,49.78,287508,CHF
2019-05-14,FJRD,29.59,71621,USD
2019-05-14,GLAC,31.15,356352,CHF
2019-05-14,HLVT,61.92,194966,CHF
2019-05-14,IBEX,76.58,95242,EUR
2019-05-14,JURA,2997.98,82995,CHF
2019-05-15,ALPN,80.84,316238,CHF
2019-05-15,BRGN,223.5,335602,CHF
2019-05-15,CRYS,41.6,366423,CHF
2019-05-15,DELT,68.25,29361,EUR
2019-05-15,EDLW,49.71,277784,CHF
2019-05-15,FJRD,30.72,23111,USD
2019-05-15,GLAC,31.79,233635,CHF
2019-05-15,HLVT,62.47,339540,CHF
2019-05-15,IBEX,78.32,256436,EUR
2019-05-15,JURA,3035.64,386643,CHF
2019-05-16,ALPN,83.79,272449,CHF
2019-05-16,BRGN,223.98,187676,CHF
2019-05-16,CRYS,42.24,360883,CHF
2019-05-16,DELT,69.99,139634,EUR
2019-05-16,EDLW,50.27,54316,CHF
2019-05-16,FJRD,31.63,292671,USD
2019-05-16,GLAC,32.41,178838,CHF
2019-05-16,HLVT,64.9,259073,CHF
2019-05-16,IBEX,80.89,298559,EUR
2019-05-16,JURA,3112.72,173897,CHF
2019-05-17,ALPN,82.69,288549,CHF
2019-05-17,BRGN,223.77,161146,CHF
2019-05-17,CRYS,43.42,131139,CHF
2019-05-17,DELT,71.39,238391,EUR
2019-05-17,EDLW,50.3,235688,CHF
2019-05-17,FJRD,31.62,233911,USD
2019-05-17,GLAC,31.91,246333,CHF
2019-05-17,HLVT,65.22,240306,CHF
2019-05-17,IBEX,82.92,23546,EUR
2019-05-17,JURA,3094.96,254445,CHF
2019-05-20,ALPN,83.01,137865,CHF
2019-05-20,BRGN,222.19,162374,CHF
2019-05-20,CRYS,43.45,313837,CHF
2019-05-20,DELT,70.5,357491,EUR
2019-05-20,EDLW,50.68,58458,CHF
2019-05-20,FJRD,31.64,33190,USD
2019-05-20,GLAC,31.35,61026,CHF
2019-05-20,HLVT,63.58,119726,CHF
2019-05-20,IBEX,80.76,337170,EUR
2019-05-20,JURA,3029.4,151619,CHF
2019-05-21,ALPN,80.71,87375,CHF
2019-05-21,BRGN,220.89,117646,CHF
2019-05-21,CRYS,42.75,321318,CHF
2019-05-21,DELT,68.64,124408,EUR
2019-05-21,EDLW,50.34,212242,CHF
2019-05-21,FJRD,30.98,201288,USD
2019-05-21,GLAC,30.57,29166,CHF
2019-05-21,HLVT,62.61,295751,CHF
2019-05-21,IBEX,79.67,327522,EUR
2019-05-21,JURA,3002.46,387935,CHF
2019-05-22,ALPN,80.7,47728,CHF
2019-05-22,BRGN,224.44,204199,CHF
2019-05-22,CRYS,43.03,255184,CHF
2019-05-22,DELT,67.86,144507,EUR
2019-05-22,EDLW,51.6,350746,CHF
2019-05-22,FJRD,31.03,275945,USD
2019-05-22,GLAC,30.83,299834,CHF
2019-05-22,HLVT,62.8,293730,CHF
2019-05-22,IBEX,81.5,167021,EUR
2019-05-22,JURA,3001.0,270563,CHF
2019-05-23,ALPN,82.09,243440,CHF
2019-05-23,BRGN,222.96,53144,CHF
2019-05-23,CRYS,44.67,278345,CHF
2019-05-23,DELT,68.31,253439,EUR
2019-05-23,EDLW,51.78,232416,CHF
2019-05-23,FJRD,31.16,25366,USD
2019-05-23,GLAC,31.37,169858,CHF
2019-05-23,GLAC,31.37,169858,CHF
2019-05-23,HLVT,62.92,395804,CHF
2019-05-23,IBEX,82.56,78849,EUR
2019-05-23,JURA,3130.95,189497,CHF
2019-05-24,ALPN,81.39,333651,CHF
2019-05-24,BRGN,222.55,172783,CHF
2019-05-24,CRYS,43.63,316900,CHF
2019-05-24,DELT,69.46,130540,EUR
2019-05-24,EDLW,52.71,92596,CHF
2019-05-24,FJRD,31.52,120922,USD
2019-05-24,GLAC,31.2,284071,CHF
2019-05-24,HLVT,62.68,121155,CHF
2019-05-24,IBEX,82.17,307374,EUR
2019-05-24,JURA,3078.43,229493,CHF
2019-05-27,ALPN,80.39,46329,CHF
2019-05-27,BRGN,220.33,216423,CHF
2019-05-27,CRYS,43.03,290622,CHF
2019-05-27,DELT,69.23,305123,EUR
2019-05-27,EDLW,52.37,62239,CHF
2019-05-27,FJRD,30.77,383524,USD
2019-05-27,GLAC,30.86,267260,CHF
2019-05-27,HLVT,62.85,396574,CHF
2019-05-27,IBEX,80.86,49893,EUR
2019-05-27,JURA,3017.83,347525,CHF
2019-05-28,ALPN,80.6,183258,CHF
2019-05-28,BRGN,219.66,82066,CHF
2019-05-28,CRYS,43.36,29912,CHF
2019-05-28,DELT,69.95,351305,EUR
2019-05-28,EDLW,52.86,67255,CHF
2019-05-28,FJRD,29.96,108544,USD
2019-05-28,GLAC,30.8,213430,CHF
2019-05-28,HLVT,63.16,206482,CHF
2019-05-28,IBEX,81.47,234151,EUR
2019-05-28,JURA,2981.14,69834,CHF
2019-05-29,ALPN,79.68,140416,CHF
2019-05-29,BRGN,217.58,351812,CHF
2019-05-29,CRYS,43.29,360307,CHF
2019-05-29,DELT,71.17,288312,EUR
2019-05-29,EDLW,51.82,103523,CHF
2019-05-29,FJRD,30.06,343016,USD
2019-05-29,GLAC,31.93,47409,CHF
2019-05-29,HLVT,63.85,264230,CHF
2019-05-29,IBEX,81.23,217305,EUR
2019-05-29,JURA,3'002.63,384416,CHF
2019-05-30,ALPN,80.0,99148,CHF
2019-05-30,BRGN,216.11,72666,CHF
2019-05-30,CRYS,43.93,246324,CHF
2019-05-30,DELT,71.54,24598,EUR
2019-05-30,EDLW,52.26,177089,CHF
2019-05-30,FJRD,30.06,55856,USD
2019-05-30,GLAC,31.88,252707,CHF
2019-05-30,HLVT,64.31,365398,CHF
2019-05-30,IBEX,79.79,84311,EUR
2019-05-30,JURA,2979.42,46276,CHF
2019-05-31,ALPN,80.65,279137,CHF
2019-05-31,BRGN,214.24,141202,CHF
2019-05-31,CRYS,44.62,151135,CHF
2019-05-31,DELT,71.93,278305,EUR
2019-05-31,EDLW,51.69,86629,CHF
2019-05-31,GLAC,31.51,223310,CHF
2019-05-31,HLVT,65.19,224438,CHF
2019-05-31,IBEX,78.15,96909,EUR
2019-05-31,JURA,2968.88,196384,CHF
2019-06-03,ALPN,81.59,31789,CHF
2019-06-03,BRGN,219.45,203025,CHF
2019-06-03,CRYS,45.1,59861,CHF
2019-06-03,DELT,70.19,223108,EUR
2019-06-03,EDLW,51.93,97226,CHF
2019-06-03,FJRD,29.46,355975,USD
2019-06-03,GLAC,31.38,305705,CHF
2019-06-03,HLVT,64.84,378313,CHF
2019-06-03,IBEX,76.6,165795,EUR
2019-06-03,JURA,2984.61,149274,CHF
2019-06-04,ALPN,81.01,125730,CHF
2019-06-04,BRGN,217.0,70587,CHF
2019-06-04,CRYS,45.37,248495,CHF
2019-06-04,DELT,70.9,194863,EUR
2019-06-04,EDLW,50.67,139327,CHF
2019-06-04,FJRD,29.07,106861,USD
2019-06-04,GLAC,31.18,376130,CHF
2019-06-04,HLVT,63.9,166492,CHF
2019-06-04,IBEX,76.94,139391,EUR
2019-06-04,JURA,2969.13,210092,CHF
2019-06-05,ALPN,79.09,121344,CHF
2019-06-05,BRGN,208.37,293515,CHF
2019-06-05,CRYS,45.02,172289,CHF
2019-06-05,DELT,70.21,279147,EUR
2019-06-05,EDLW,50.73,337309,CHF
2019-06-05,FJRD,28.11,182178,USD
2019-06-05,GLAC,30.58,303469,CHF
2019-06-05,HLVT,62.06,26414,CHF
2019-06-05,IBEX,73.45,185380,EUR
2019-06-05,JURA,2899.75,311109,CHF
2019-06-06,ALPN,78.83,264732,CHF
2019-06-06,BRGN,213.48,260488,CHF
2019-06-06,CRYS,45.37,113326,CHF
2019-06-06,DELT,71.12,243223,EUR
2019-06-06,EDLW,50.3,368321,CHF
2019-06-06,FJRD,28.64,90963,USD
2019-06-06,GLAC,30.57,56488,CHF
2019-06-06,HLVT,62.14,365612,CHF
2019-06-06,IBEX,73.52,352674,EUR
2019-06-06,JURA,2936.73,383223,CHF
2019-06-07,ALPN,79.71,45484,CHF
2019-06-07,BRGN,215.32,44574,CHF
2019-06-07,CRYS,45.18,110929,CHF
2019-06-07,DELT,70.01,66773,EUR
2019-06-07,EDLW,50.38,120584,CHF
2019-06-07,FJRD,28.48,163080,USD
2019-06-07,GLAC,30.61,273997,CHF
2019-06-07,HLVT,61.62,333679,CHF
2019-06-07,IBEX,74.23,187665,EUR
2019-06-07,JURA,2933.73,150938,CHF
2019-06-10,ALPN,81.22,149900,CHF
2019-06-10,BRGN,215.21,114831,CHF
2019-06-10,BRGN,215.21,114831,CHF
2019-06-10,CRYS,46.28,336401,CHF
2019-06-10,DELT,70.94,43898,EUR
2019-06-10,EDLW,50.79,326353,CHF
2019-06-10,FJRD,28.92,333846,USD
2019-06-10,GLAC,31.84,20709,CHF
2019-06-10,HLVT,62.24,350527,CHF
2019-06-10,IBEX,74.97,83575,EUR
2019-06-10,JURA,2965.33,116990,CHF
2019-06-11,ALPN,82.59,43493,CHF
2019-06-11,BRGN,214.94,228696,CHF
2019-06-11,CRYS,46.81,103769,CHF
2019-06-11,DELT,71.55,372951,EUR
2019-06-11,EDLW,51.16,134941,CHF
2019-06-11,FJRD,29.53,346091,USD
2019-06-11,GLAC,32.05,197194,CHF
2019-06-11,IBEX,76.41,175935,EUR
2019-06-11,JURA,3063.94,77308,CHF
2019-06-12,ALPN,82.57,148607,CHF
2019-06-12,BRGN,214.64,90893,CHF
2019-06-12,CRYS,46.03,36003,CHF
2019-06-12,DELT,69.88,380177,EUR
2019-06-12,EDLW,51.61,102411,CHF
2019-06-12,FJRD,28.54,110068,USD
2019-06-12,GLAC,31.29,382882,CHF
2019-06-12,HLVT,62.91,22350,CHF
2019-06-12,IBEX,76.55,300912,EUR
2019-06-12,JURA,3031.13,159744,CHF
2019-06-13,ALPN,83.99,264736,CHF
2019-06-13,BRGN,217.0,24591,CHF
2019-06-13,CRYS,46.4,229975,CHF
2019-06-13,DELT,69.36,123797,EUR
2019-06-13,EDLW,51.4,173258,CHF
2019-06-13,FJRD,29.03,21301,USD
2019-06-13,GLAC,31.66,206740,CHF
2019-06-13,HLVT,63.07,36520,CHF
2019-06-13,IBEX,76.48,116923,EUR
2019-06-13,JURA,3056.75,298624,CHF
2019-06-14,ALPN,85.82,126444,CHF
2019-06-14,BRGN,220.82,133817,CHF
2019-06-14,CRYS,47.55,146303,CHF
2019-06-14,DELT,72.45,300346,EUR
2019-06-14,EDLW,52.73,272368,CHF
2019-06-14,FJRD,29.63,264558,USD
2019-06-14,GLAC,32.74,306466,CHF
2019-06-14,HLVT,63.85,317412,CHF
2019-06-14,JURA,3119.97,223369,CHF
2019-06-17,ALPN,85.95,37725,CHF
2019-06-17,BRGN,223.45,25049,CHF
2019-06-17,CRYS,47.21,346978,CHF
2019-06-17,DELT,71.71,64876,EUR
2019-06-17,EDLW,51.87,122437,CHF
2019-06-17,FJRD,29.49,165446,USD
2019-06-17,GLAC,32.38,158086,CHF
2019-06-17,HLVT,61.77,39144,CHF
2019-06-17,IBEX,74.78,120645,EUR
2019-06-17,JURA,3085.13,397936,CHF
2019-06-18,ALPN,85.92,375838,CHF
2019-06-18,BRGN,221.92,169584,CHF
2019-06-18,CRYS,47.14,233526,CHF
2019-06-18,DELT,68.65,217971,EUR
2019-06-18,EDLW,51.4,113858,CHF
2019-06-18,FJRD,29.21,197431,USD
2019-06-18,GLAC,31.33,69527,CHF
2019-06-18,HLVT,60.36,349844,CHF
2019-06-18,IBEX,71.84,206467,EUR
2019-06-18,JURA,3173.02,57978,CHF
2019-06-19,ALPN,85.11,303923,CHF
2019-06-19,BRGN,221.68,194455,CHF
2019-06-19,CRYS,47.64,80739,CHF
2019-06-19,DELT,67.72,96088,EUR
2019-06-19,EDLW,51.04,324799,CHF
2019-06-19,FJRD,29.35,74144,USD
2019-06-19,GLAC,31.0,135546,CHF
2019-06-19,HLVT,60.49,262470,CHF
2019-06-19,IBEX,71.89,75774,EUR
2019-06-19,JURA,3146.26,160985,CHF
2019-06-20,ALPN,83.39,76852,CHF
2019-06-20,BRGN,215.93,152027,CHF
2019-06-20,CRYS,46.97,34749,CHF
2019-06-20,DELT,67.07,218085,EUR
2019-06-20,EDLW,50.13,397235,CHF
2019-06-20,FJRD,28.88,310445,USD
2019-06-20,GLAC,31.78,326687,CHF
2019-06-20,HLVT,61.5,238941,CHF
2019-06-20,IBEX,69.57,54777,EUR
2019-06-20,JURA,3138.09,282424,CHF
2019-06-21,ALPN,81.55,236650,CHF
2019-06-21,BRGN,210.18,118409,CHF
2019-06-21,CRYS,45.8,118432,CHF
2019-06-21,DELT,66.62,256476,EUR
2019-06-21,EDLW,49.96,72245,CHF
2019-06-21,FJRD,28.46,209313,USD
2019-06-21,GLAC,30.6,114627,CHF
2019-06-21,HLVT,60.48,289330,CHF
2019-06-21,IBEX,67.88,278151,EUR
2019-06-21,JURA,3077.75,390509,CHF
2019-06-24,ALPN,82.52,72113,CHF
2019-06-24,BRGN,211.71,74867,CHF
2019-06-24,CRYS,45.48,195898,CHF
2019-06-24,DELT,66.03,113562,EUR
2019-06-24,EDLW,51.0,86900,CHF
2019-06-24,FJRD,28.59,336311,USD
2019-06-24,GLAC,31.2,117315,CHF
2019-06-24,HLVT,61.53,324113,CHF
2019-06-24,IBEX,68.44,292199,EUR
2019-06-24,JURA,3093.38,273931,CHF
2019-06-25,ALPN,82.16,335688,CHF
2019-06-25,BRGN,214.28,98893,CHF
2019-06-25,CRYS,45.76,40350,CHF
2019-06-25,DELT,66.99,354088,EUR
2019-06-25,EDLW,49.62,86204,CHF
2019-06-25,FJRD,28.17,229516,USD
2019-06-25,GLAC,31.15,139053,CHF
2019-06-25,HLVT,61.04,119987,CHF
2019-06-25,IBEX,68.78,369162,EUR
2019-06-25,JURA,3110.55,140272,CHF
2019-06-26,ALPN,81.19,137223,CHF
2019-06-26,BRGN,213.42,344122,CHF
2019-06-26,CRYS,46.06,210632,CHF
2019-06-26,DELT,68.5,277399,EUR
2019-06-26,EDLW,49.27,240383,CHF
2019-06-26,FJRD,28.48,275353,USD
2019-06-26,GLAC,31.27,72051,CHF
2019-06-26,HLVT,61.4,41994,CHF
2019-06-26,IBEX,68.03,203955,EUR
2019-06-26,JURA,3'045.66,369733,CHF
2019-06-27,ALPN,79.94,337961,CHF
2019-06-27,BRGN,213.25,154578,CHF
2019-06-27,CRYS,45.94,293695,CHF
2019-06-27,DELT,68.34,44120,EUR
2019-06-27,EDLW,48.71,80139,CHF
2019-06-27,FJRD,28.29,58003,USD
2019-06-27,GLAC,31.49,309247,CHF
2019-06-27,HLVT,61.88,181516,CHF
2019-06-27,IBEX,68.88,140266,EUR
2019-06-27,JURA,3062.01,150065,CHF
2019-06-28,ALPN,79.98,237294,CHF
2019-06-28,BRGN,212.05,305949,CHF
2019-06-28,CRYS,46.26,32784,CHF
2019-06-28,DELT,68.59,384501,EUR
2019-06-28,EDLW,49.16,117609,CHF
2019-06-28,FJRD,28.86,189634,USD
2019-06-28,GLAC,31.54,155713,CHF
2019-06-28,HLVT,62.92,138415,CHF
2019-06-28,IBEX,68.94,208239,EUR
2019-06-28,JURA,3033.08,22614,CHF
2019-07-01,ALPN,79.74,48190,CHF
2019-07-01,BRGN,209.37,87679,CHF
2019-07-01,CRYS,46.06,39449,CHF
2019-07-01,DELT,68.56,262238,EUR
2019-07-01,EDLW,48.75,311675,CHF
2019-07-01,FJRD,29.44,38369,USD
2019-07-01,GLAC,31.79,337308,CHF
2019-07-01,HLVT,62.24,223874,CHF
2019-07-01,IBEX,69.1,209392,EUR
2019-07-01,JURA,3091.39,154647,CHF
2019-07-02,ALPN,76.9,289613,CHF
2019-07-02,BRGN,216.77,87394,CHF
2019-07-02,CRYS,45.18,273991,CHF
2019-07-02,DELT,66.89,328961,EUR
2019-07-02,EDLW,47.91,99990,CHF
2019-07-02,FJRD,28.98,44490,USD
2019-07-02,GLAC,30.71,87243,CHF
2019-07-02,HLVT,61.48,293557,CHF
2019-07-02,IBEX,69.02,71118,EUR
2019-07-02,JURA,3041.1,25794,CHF
2019-07-03,ALPN,77.38,32831,CHF
2019-07-03,BRGN,212.65,253865,CHF
2019-07-03,CRYS,44.93,141932,CHF
2019-07-03,DELT,65.5,200378,EUR
2019-07-03,EDLW,46.84,324197,CHF
2019-07-03,FJRD,28.56,66820,USD
2019-07-03,GLAC,30.74,120230,CHF
2019-07-03,HLVT,61.05,350437,CHF
2019-07-03,IBEX,68.19,349199,EUR
2019-07-03,JURA,3050.29,314035,CHF
2019-07-04,ALPN,78.66,173330,CHF
2019-07-04,BRGN,215.26,89764,CHF
2019-07-04,CRYS,45.54,296416,CHF
2019-07-04,DELT,65.41,54514,EUR
2019-07-04,EDLW,46.6,93106,CHF
2019-07-04,FJRD,28.86,217107,USD
2019-07-04,GLAC,30.76,107488,CHF
2019-07-04,HLVT,61.83,337845,CHF
2019-07-04,IBEX,68.42,299368,EUR
2019-07-04,JURA,3035.24,287910,CHF
2019-07-05,ALPN,79.12,45466,CHF
2019-07-05,BRGN,217.69,335652,CHF
2019-07-05,CRYS,46.45,316873,CHF
2019-07-05,DELT,65.43,361717,EUR
2019-07-05,EDLW,46.82,203616,CHF
2019-07-05,FJRD,28.82,326833,USD
2019-07-05,GLAC,30.98,189100,CHF
2019-07-05,HLVT,62.04,287324,CHF
2019-07-05,IBEX,68.99,236384,EUR
2019-07-05,JURA,3034.86,275903,CHF
2019-07-08,ALPN,78.41,141213,CHF
2019-07-08,BRGN,213.17,333414,CHF
2019-07-08,CRYS,45.94,227738,CHF
2019-07-08,DELT,63.19,308267,EUR
2019-07-08,EDLW,46.82,107474,CHF
2019-07-08,FJRD,27.86,32422,USD
2019-07-08,GLAC,30.11,58983,CHF
2019-07-08,HLVT,61.63,246448,CHF
2019-07-08,IBEX,67.88,186660,EUR
2019-07-08,JURA,3117.4,166425,CHF
2019-07-09,ALPN,80.85,348925,CHF
2019-07-09,BRGN,214.49,395428,CHF
2019-07-09,CRYS,47.43,58284,CHF
2019-07-09,DELT,66.2,189005,EUR
2019-07-09,EDLW,46.68,206779,CHF
2019-07-09,FJRD,28.56,284784,USD
2019-07-09,GLAC,31.33,357784,CHF
2019-07-09,HLVT,62.5,161494,CHF
2019-07-09,IBEX,68.88,351176,EUR
2019-07-09,JURA,3198.05,238289,CHF
2019-07-10,ALPN,81.93,36904,CHF
2019-07-10,BRGN,215.18,35687,CHF
2019-07-10,CRYS,48.49,110712,CHF
2019-07-10,DELT,67.79,192987,EUR
2019-07-10,EDLW,46.61,199705,CHF
2019-07-10,FJRD,29.45,255529,USD
2019-07-10,GLAC,31.59,347803,CHF
2019-07-10,HLVT,62.16,291127,CHF
2019-07-10,IBEX,71.07,321144,EUR
2019-07-10,JURA,3203.14,241030,CHF
2019-07-11,ALPN,81.46,258323,CHF
2019-07-11,BRGN,216.38,196641,CHF
2019-07-11,CRYS,48.17,305846,CHF
2019-07-11,DELT,67.66,336771,EUR
2019-07-11,EDLW,46.81,349863,CHF
2019-07-11,FJRD,29.36,219141,USD
2019-07-11,GLAC,31.67,219514,CHF
2019-07-11,HLVT,60.91,382151,CHF
2019-07-11,IBEX,70.84,397396,EUR
2019-07-11,JURA,3250.8,275814,CHF
2019-07-12,ALPN,82.39,214099,CHF
2019-07-12,BRGN,220.32,51114,CHF
2019-07-12,CRYS,48.79,372023,CHF
2019-07-12,EDLW,47.4,32631,CHF
2019-07-12,FJRD,29.24,352242,USD
2019-07-12,GLAC,32.5,368870,CHF
2019-07-12,HLVT,60.19,323477,CHF
2019-07-12,IBEX,70.44,318233,EUR
2019-07-12,JURA,3235.09,337813,CHF
2019-07-15,ALPN,83.65,65581,CHF
2019-07-15,BRGN,220.21,136812,CHF
2019-07-15,CRYS,49.1,149216,CHF
2019-07-15,DELT,70.17,95378,EUR
2019-07-15,EDLW,46.92,30228,CHF
2019-07-15,FJRD,29.74,211890,USD
2019-07-15,GLAC,32.73,371134,CHF
2019-07-15,HLVT,60.21,125351,CHF
2019-07-15,IBEX,70.56,368801,EUR
2019-07-15,JURA,3290.87,283739,CHF
2019-07-16,ALPN,83.05,276276,CHF
2019-07-16,BRGN,219.72,52921,CHF
2019-07-16,CRYS,49.38,202788,CHF
2019-07-16,DELT,69.9,382900,EUR
2019-07-16,EDLW,46.34,224858,CHF
2019-07-16,FJRD,30.24,67481,USD
2019-07-16,GLAC,33.23,151383,CHF
2019-07-16,HLVT,60.54,129015,CHF
2019-07-16,IBEX,70.83,314675,EUR
2019-07-16,JURA,3353.45,32829,CHF
2019-07-17,ALPN,82.63,174343,CHF
2019-07-17,BRGN,221.23,205153,CHF
2019-07-17,CRYS,49.88,200233,CHF
2019-07-17,DELT,70.3,113884,EUR
2019-07-17,EDLW,45.46,37465,CHF
2019-07-17,FJRD,30.59,141254,USD
2019-07-17,GLAC,34.31,185875,CHF
2019-07-17,HLVT,62.23,35033,CHF
2019-07-17,IBEX,72.26,98736,EUR
2019-07-17,JURA,3402.32,316544,CHF
2019-07-18,ALPN,81.68,310971,CHF
2019-07-18,BRGN,220.02,244622,CHF
2019-07-18,CRYS,49.96,86672,CHF
2019-07-18,DELT,70.07,279084,EUR
2019-07-18,EDLW,45.94,116298,CHF
2019-07-18,FJRD,29.95,27403,USD
2019-07-18,GLAC,34.42,154019,CHF
2019-07-18,HLVT,63.15,132070,CHF
2019-07-18,IBEX,73.01,352650,EUR
2019-07-18,JURA,3385.98,259133,CHF
2019-07-19,ALPN,81.41,298225,CHF
2019-07-19,BRGN,217.11,131307,CHF
2019-07-19,CRYS,49.2,269465,CHF
2019-07-19,DELT,68.86,294739,EUR
2019-07-19,EDLW,45.44,85975,CHF
2019-07-19,FJRD,29.18,228587,USD
2019-07-19,GLAC,33.74,100528,CHF
2019-07-19,HLVT,61.08,177267,CHF
2019-07-19,IBEX,71.79,306742,EUR
2019-07-19,JURA,3307.95,117715,CHF
2019-07-22,ALPN,81.49,309307,CHF
2019-07-22,BRGN,218.52,136565,CHF
2019-07-22,CRYS,48.41,297987,CHF
2019-07-22,DELT,67.85,195292,EUR
2019-07-22,EDLW,45.81,105604,CHF
2019-07-22,FJRD,29.25,257538,USD
2019-07-22,GLAC,33.88,317813,CHF
2019-07-22,HLVT,59.94,295968,CHF
2019-07-22,IBEX,71.86,327199,EUR
2019-07-22,JURA,3263.38,222872,CHF
2019-07-23,ALPN,80.08,165195,CHF
2019-07-23,BRGN,220.88,332165,CHF
2019-07-23,CRYS,47.38,366098,CHF
2019-07-23,DELT,67.59,337832,EUR
2019-07-23,EDLW,45.69,279801,CHF
2019-07-23,FJRD,29.1,249573,USD
2019-07-23,GLAC,33.46,223765,CHF
2019-07-23,HLVT,59.42,354021,CHF
2019-07-23,IBEX,70.74,107347,EUR
2019-07-23,JURA,3184.11,71009,CHF
2019-07-24,ALPN,81.37,343553,CHF
2019-07-24,BRGN,222.17,379829,CHF
2019-07-24,CRYS,46.9,154349,CHF
2019-07-24,DELT,66.53,273282,EUR
2019-07-24,EDLW,45.7,251517,CHF
2019-07-24,FJRD,28.84,206618,USD
2019-07-24,GLAC,32.81,112141,CHF
2019-07-24,HLVT,59.46,343795,CHF
2019-07-24,IBEX,70.05,351209,EUR
2019-07-24,JURA,3'161.51,191413,CHF
2019-07-25,ALPN,80.54,219167,CHF
2019-07-25,BRGN,218.83,28943,CHF
2019-07-25,CRYS,46.8,304184,CHF
2019-07-25,DELT,67.3,339056,EUR
2019-07-25,EDLW,46.17,59397,CHF
2019-07-25,FJRD,28.84,184235,USD
2019-07-25,GLAC,33.47,145072,CHF
2019-07-25,HLVT,58.36,71878,CHF
2019-07-25,IBEX,69.07,143428,EUR
2019-07-25,JURA,3196.22,274292,CHF
2019-07-26,ALPN,80.46,89645,CHF
2019-07-26,BRGN,214.92,143873,CHF
2019-07-26,CRYS,48.02,356774,CHF
2019-07-26,DELT,67.14,95265,EUR
2019-07-26,EDLW,45.74,266873,CHF
2019-07-26,FJRD,29.19,307868,USD
2019-07-26,GLAC,32.8,157123,CHF
2019-07-26,HLVT,58.2,73371,CHF
2019-07-26,IBEX,69.17,20926,EUR
2019-07-26,JURA,3210.22,245175,CHF
2019-07-29,ALPN,80.92,37267,CHF
2019-07-29,BRGN,218.03,144860,CHF
2019-07-29,CRYS,48.82,383363,CHF
2019-07-29,DELT,66.84,258769,EUR
2019-07-29,EDLW,45.99,30037,CHF
2019-07-29,FJRD,29.72,74047,USD
2019-07-29,GLAC,33.29,379220,CHF
2019-07-29,HLVT,57.95,308423,CHF
2019-07-29,IBEX,71.05,115844,EUR
2019-07-29,JURA,3259.53,135002,CHF
2019-07-30,ALPN,80.4,314212,CHF
2019-07-30,BRGN,217.09,23193,CHF
2019-07-30,CRYS,47.65,145734,CHF
2019-07-30,DELT,67.01,203519,EUR
2019-07-30,EDLW,45.57,102089,CHF
2019-07-30,FJRD,30.02,24954,USD
2019-07-30,GLAC,33.78,291133,CHF
2019-07-30,HLVT,57.59,366372,CHF
2019-07-30,IBEX,71.4,369857,EUR
2019-07-30,JURA,3240.95,134665,CHF
2019-07-31,ALPN,78.69,20675,CHF
2019-07-31,BRGN,220.12,170994,CHF
2019-07-31,CRYS,47.12,37921,CHF
2019-07-31,DELT,66.26,207991,EUR
2019-07-31,EDLW,45.26,65176,CHF
2019-07-31,FJRD,29.32,121046,USD
2019-07-31,GLAC,33.12,284481,CHF
2019-07-31,HLVT,58.34,206341,CHF
2019-07-31,IBEX,71.56,156288,EUR
2019-07-31,JURA,3230.69,153762,CHF
2019-08-01,ALPN,78.76,39530,CHF
2019-08-01,BRGN,216.41,330085,CHF
2019-08-01,CRYS,47.15,121331,CHF
2019-08-01,DELT,65.06,106578,EUR
2019-08-01,EDLW,45.0,175279,CHF
2019-08-01,FJRD,28.53,197116,USD
2019-08-01,GLAC,32.4,283329,CHF
2019-08-01,HLVT,58.2,165929,CHF
2019-08-01,IBEX,71.96,98995,EUR
2019-08-01,JURA,3174.71,305987,CHF
2019-08-02,ALPN,78.94,174094,CHF
2019-08-02,BRGN,215.13,127321,CHF
2019-08-02,CRYS,47.85,231173,CHF
2019-08-02,DELT,65.23,249696,EUR
2019-08-02,EDLW,45.04,101646,CHF
2019-08-02,FJRD,28.23,338766,USD
2019-08-02,GLAC,32.39,379619,CHF
2019-08-02,HLVT,59.2,329679,CHF
2019-08-02,IBEX,71.87,172660,EUR
2019-08-02,JURA,3191.35,245214,CHF
2019-08-05,ALPN,79.27,352938,CHF
2019-08-05,BRGN,218.25,305204,CHF
2019-08-05,CRYS,49.03,103779,CHF
2019-08-05,DELT,67.58,266854,EUR
2019-08-05,EDLW,46.02,47505,CHF
2019-08-05,FJRD,28.53,363074,USD
2019-08-05,GLAC,32.23,170444,CHF
2019-08-05,HLVT,60.04,56487,CHF
2019-08-05,IBEX,73.1,353496,EUR
2019-08-05,JURA,3251.49,224295,CHF
2019-08-06,ALPN,81.31,39500,CHF
2019-08-06,BRGN,219.75,184728,CHF
2019-08-06,CRYS,48.72,304651,CHF
2019-08-06,DELT,67.67,263119,EUR
2019-08-06,EDLW,47.24,294592,CHF
2019-08-06,FJRD,28.47,388788,USD
2019-08-06,GLAC,32.26,198270,CHF
2019-08-06,HLVT,60.37,256269,CHF
2019-08-06,IBEX,73.63,62133,EUR
2019-08-06,JURA,3268.47,96288,CHF
2019-08-07,ALPN,80.05,46814,CHF
2019-08-07,BRGN,222.09,114823,CHF
2019-08-07,CRYS,50.01,146105,CHF
2019-08-07,CRYS,50.01,146105,CHF
2019-08-07,DELT,67.47,382683,EUR
2019-08-07,EDLW,47.78,380216,CHF
2019-08-07,FJRD,28.84,219785,USD
2019-08-07,GLAC,32.91,284850,CHF
2019-08-07,HLVT,60.54,147835,CHF
2019-08-07,IBEX,72.86,267532,EUR
2019-08-07,JURA,3272.39,253777,CHF
2019-08-08,ALPN,80.15,273405,CHF
2019-08-08,BRGN,222.33,242137,CHF
2019-08-08,CRYS,49.36,141647,CHF
2019-08-08,DELT,67.16,88979,EUR
2019-08-08,EDLW,47.8,161164,CHF
2019-08-08,FJRD,28.86,26159,USD
2019-08-08,GLAC,33.01,59223,CHF
2019-08-08,HLVT,61.61,342549,CHF
2019-08-08,IBEX,73.57,199957,EUR
2019-08-08,JURA,3298.22,213825,CHF
2019-08-09,ALPN,80.05,235095,CHF
2019-08-09,BRGN,219.26,65440,CHF
2019-08-09,CRYS,49.32,81161,CHF
2019-08-09,DELT,66.77,231512,EUR
2019-08-09,EDLW,47.64,37139,CHF
2019-08-09,FJRD,28.99,373483,USD
2019-08-09,GLAC,33.15,287130,CHF
2019-08-09,HLVT,63.25,255226,CHF
2019-08-09,IBEX,73.37,227102,EUR
2019-08-09,JURA,3281.86,237748,CHF
2019-08-12,ALPN,79.38,345519,CHF
2019-08-12,BRGN,221.14,107873,CHF
2019-08-12,CRYS,49.03,220050,CHF
2019-08-12,DELT,66.27,260482,EUR
2019-08-12,EDLW,47.35,395677,CHF
2019-08-12,FJRD,29.13,165865,USD
2019-08-12,GLAC,33.04,143213,CHF
2019-08-12,HLVT,61.53,225868,CHF
2019-08-12,IBEX,72.75,380233,EUR
2019-08-12,JURA,3272.28,28739,CHF
2019-08-13,ALPN,80.7,148489,CHF
2019-08-13,BRGN,221.63,95051,CHF
2019-08-13,CRYS,48.48,98179,CHF
2019-08-13,DELT,66.92,282580,EUR
2019-08-13,EDLW,47.95,275668,CHF
2019-08-13,FJRD,29.0,120008,USD
2019-08-13,GLAC,33.77,201026,CHF
2019-08-13,HLVT,62.69,127971,CHF
2019-08-13,IBEX,73.94,164748,EUR
2019-08-13,JURA,3302.25,136466,CHF
2019-08-14,ALPN,79.5,158890,CHF
2019-08-14,BRGN,223.88,256841,CHF
2019-08-14,CRYS,48.21,120282,CHF
2019-08-14,DELT,66.91,321641,EUR
2019-08-14,EDLW,48.45,174911,CHF
2019-08-14,FJRD,29.09,109060,USD
2019-08-14,GLAC,33.73,227362,CHF
2019-08-14,HLVT,62.25,262953,CHF
2019-08-14,IBEX,75.64,117031,EUR
2019-08-14,JURA,3257.53,211485,CHF
2019-08-15,ALPN,79.17,244759,CHF
2019-08-15,BRGN,226.99,184735,CHF
2019-08-15,CRYS,47.65,106259,CHF
2019-08-15,DELT,66.14,212110,EUR
2019-08-15,EDLW,48.09,294831,CHF
2019-08-15,FJRD,29.93,348402,USD
2019-08-15,GLAC,34.03,221217,CHF
2019-08-15,HLVT,62.08,256274,CHF
2019-08-15,IBEX,76.09,267641,EUR
2019-08-15,JURA,3266.91,46741,CHF
2019-08-16,ALPN,78.09,148421,CHF
2019-08-16,BRGN,228.37,366765,CHF
2019-08-16,CRYS,47.71,42227,CHF
2019-08-16,DELT,66.38,275880,EUR
2019-08-16,EDLW,49.06,189876,CHF
2019-08-16,FJRD,30.37,112340,USD
2019-08-16,GLAC,34.37,167033,CHF
2019-08-16,HLVT,62.83,241768,CHF
2019-08-16,IBEX,78.99,355415,EUR
2019-08-16,JURA,3273.6,326862,CHF
2019-08-19,ALPN,79.07,221048,CHF
2019-08-19,BRGN,232.64,355609,CHF
2019-08-19,CRYS,47.34,23727,CHF
2019-08-19,DELT,66.17,276948,EUR
2019-08-19,EDLW,50.13,47905,CHF
2019-08-19,FJRD,30.21,134048,USD
2019-08-19,GLAC,34.28,194006,CHF
2019-08-19,HLVT,62.88,83349,CHF
2019-08-19,IBEX,77.93,306084,EUR
2019-08-19,JURA,3263.53,29925,CHF
2019-08-20,ALPN,79.07,389150,CHF
2019-08-20,BRGN,227.84,279813,CHF
2019-08-20,CRYS,47.24,387409,CHF
2019-08-20,DELT,65.81,70344,EUR
2019-08-20,EDLW,50.19,162323,CHF
2019-08-20,FJRD,29.49,244121,USD
2019-08-20,GLAC,34.74,331227,CHF
2019-08-20,HLVT,64.15,389292,CHF
2019-08-20,IBEX,76.02,273406,EUR
2019-08-20,JURA,3311.86,137168,CHF
2019-08-21,ALPN,77.99,219037,CHF
2019-08-21,BRGN,226.61,300037,CHF
2019-08-21,CRYS,47.29,48303,CHF
2019-08-21,DELT,65.51,150119,EUR
2019-08-21,EDLW,51.15,185640,CHF
2019-08-21,FJRD,29.94,398965,USD
2019-08-21,GLAC,34.97,225464,CHF
2019-08-21,HLVT,64.43,65620,CHF
2019-08-21,IBEX,75.14,155528,EUR
2019-08-21,JURA,3'317.32,372317,CHF
2019-08-22,ALPN,78.55,113524,CHF
2019-08-22,BRGN,226.23,216403,CHF
2019-08-22,CRYS,46.98,318191,CHF
2019-08-22,DELT,65.31,113033,EUR
2019-08-22,EDLW,50.39,49384,CHF
2019-08-22,FJRD,29.45,182701,USD
2019-08-22,GLAC,35.46,360879,CHF
2019-08-22,HLVT,63.2,293020,CHF
2019-08-22,IBEX,74.68,42772,EUR
2019-08-22,JURA,3337.11,39203,CHF
2019-08-23,ALPN,77.76,245364,CHF
2019-08-23,BRGN,219.48,350860,CHF
2019-08-23,CRYS,45.84,216244,CHF
2019-08-23,DELT,65.56,155500,EUR
2019-08-23,EDLW,49.54,78570,CHF
2019-08-23,FJRD,28.99,191899,USD
2019-08-23,GLAC,33.97,354360,CHF
2019-08-23,HLVT,63.15,370878,CHF
2019-08-23,IBEX,73.67,74154,EUR
2019-08-23,JURA,3273.98,385854,CHF
2019-08-26,ALPN,80.21,211413,CHF
2019-08-26,BRGN,220.33,219365,CHF
2019-08-26,CRYS,46.96,176301,CHF
2019-08-26,DELT,65.62,273566,EUR
2019-08-26,EDLW,50.57,176740,CHF
2019-08-26,FJRD,29.56,201258,USD
2019-08-26,GLAC,34.93,379897,CHF
2019-08-26,HLVT,63.59,136068,CHF
2019-08-26,IBEX,74.44,239802,EUR
2019-08-26,JURA,3337.42,121601,CHF
2019-08-27,ALPN,79.51,223308,CHF
2019-08-27,BRGN,226.48,287036,CHF
2019-08-27,CRYS,47.08,370667,CHF
2019-08-27,DELT,66.49,26947,EUR
2019-08-27,EDLW,50.74,203222,CHF
2019-08-27,FJRD,29.46,103814,USD
2019-08-27,GLAC,35.0,338939,CHF
2019-08-27,HLVT,62.77,285121,CHF
2019-08-27,IBEX,75.84,224088,EUR
2019-08-27,JURA,3318.18,200496,CHF
2019-08-28,ALPN,79.04,158797,CHF
2019-08-28,BRGN,225.25,293540,CHF
2019-08-28,CRYS,45.68,380003,CHF
2019-08-28,DELT,65.51,113849,EUR
2019-08-28,EDLW,50.74,21989,CHF
2019-08-28,FJRD,28.44,25643,USD
2019-08-28,GLAC,34.82,367397,CHF
2019-08-28,HLVT,61.24,331302,CHF
2019-08-28,IBEX,73.17,182314,EUR
2019-08-28,JURA,3258.1,95310,CHF
2019-08-29,BRGN,223.0,294040,CHF
2019-08-29,CRYS,45.23,48834,CHF
2019-08-29,DELT,64.83,352531,EUR
2019-08-29,EDLW,50.61,263239,CHF
2019-08-29,FJRD,28.6,393439,USD
2019-08-29,GLAC,34.96,374834,CHF
2019-08-29,HLVT,60.36,261367,CHF
2019-08-29,IBEX,72.75,238339,EUR
2019-08-29,JURA,3271.62,379850,CHF
2019-08-30,ALPN,77.35,121488,CHF
2019-08-30,BRGN,222.52,174857,CHF
2019-08-30,CRYS,45.48,339694,CHF
2019-08-30,DELT,63.54,212186,EUR
2019-08-30,EDLW,50.91,270953,CHF
2019-08-30,FJRD,29.37,223820,USD
2019-08-30,GLAC,35.96,231968,CHF
2019-08-30,HLVT,60.81,345072,CHF
2019-08-30,IBEX,72.4,346268,EUR
2019-08-30,JURA,3289.8,321143,CHF
2019-09-02,ALPN,77.09,249623,CHF
2019-09-02,BRGN,220.69,125838,CHF
2019-09-02,CRYS,45.06,203356,CHF
2019-09-02,DELT,61.81,81985,EUR
2019-09-02,EDLW,49.89,144290,CHF
2019-09-02,FJRD,28.22,181384,USD
2019-09-02,GLAC,35.42,388001,CHF
2019-09-02,HLVT,61.46,266425,CHF
2019-09-02,IBEX,71.86,150169,EUR
2019-09-02,JURA,3236.8,178972,CHF
2019-09-03,ALPN,75.55,368273,CHF
2019-09-03,BRGN,219.6,160116,CHF
2019-09-03,CRYS,44.71,232546,CHF
2019-09-03,DELT,60.51,300376,EUR
2019-09-03,EDLW,49.92,292888,CHF
2019-09-03,FJRD,27.39,177177,USD
2019-09-03,GLAC,35.5,257916,CHF
2019-09-03,HLVT,61.35,350793,CHF
2019-09-03,IBEX,71.42,176007,EUR
2019-09-03,JURA,3213.64,88306,CHF
2019-09-04,ALPN,75.93,160831,CHF
2019-09-04,BRGN,217.79,36171,CHF
2019-09-04,CRYS,43.9,125526,CHF
2019-09-04,DELT,60.89,369815,EUR
2019-09-04,EDLW,50.17,201883,CHF
2019-09-04,FJRD,27.03,37688,USD
2019-09-04,GLAC,34.72,388558,CHF
2019-09-04,HLVT,61.02,215703,CHF
2019-09-04,IBEX,69.16,287138,EUR
2019-09-04,JURA,3189.55,189635,CHF
2019-09-05,ALPN,75.54,190982,CHF
2019-09-05,BRGN,216.59,209407,CHF
2019-09-05,CRYS,44.25,106562,CHF
2019-09-05,DELT,61.87,55315,EUR
2019-09-05,EDLW,50.57,271804,CHF
2019-09-05,FJRD,27.5,157153,USD
2019-09-05,GLAC,35.09,242400,CHF
2019-09-05,HLVT,62.36,73995,CHF
2019-09-05,IBEX,68.77,391828,EUR
2019-09-05,JURA,3134.15,279950,CHF
2019-09-06,ALPN,74.82,252740,CHF
2019-09-06,BRGN,220.88,38748,CHF
2019-09-06,CRYS,43.75,188992,CHF
2019-09-06,DELT,61.21,25601,EUR
2019-09-06,EDLW,49.76,110475,CHF
2019-09-06,FJRD,27.56,394586,USD
2019-09-06,GLAC,34.67,150065,CHF
2019-09-06,HLVT,62.37,246304,CHF
2019-09-06,IBEX,68.38,287133,EUR
2019-09-06,JURA,3104.31,185945,CHF
2019-09-09,ALPN,76.25,137123,CHF
2019-09-09,BRGN,224.7,350369,CHF
2019-09-09,CRYS,45.73,304864,CHF
2019-09-09,DELT,62.95,130978,EUR
2019-09-09,EDLW,50.52,84027,CHF
2019-09-09,FJRD,28.16,387851,USD
2019-09-09,GLAC,36.12,361488,CHF
2019-09-09,HLVT,63.76,59048,CHF
2019-09-09,IBEX,70.73,397236,EUR
2019-09-09,JURA,3115.38,211368,CHF
2019-09-10,ALPN,76.45,273767,CHF
2019-09-10,BRGN,222.32,216368,CHF
2019-09-10,CRYS,45.31,115692,CHF
2019-09-10,DELT,65.0,255245,EUR
2019-09-10,EDLW,49.74,312489,CHF
2019-09-10,FJRD,28.52,90111,USD
2019-09-10,HLVT,63.23,119240,CHF
2019-09-10,IBEX,69.3,80727,EUR
2019-09-10,JURA,3032.19,133538,CHF
2019-09-11,ALPN,76.07,180548,CHF
2019-09-11,BRGN,221.48,188283,CHF
2019-09-11,CRYS,45.65,381045,CHF
2019-09-11,DELT,64.06,122243,EUR
2019-09-11,EDLW,48.88,73764,CHF
2019-09-11,FJRD,27.7,231156,USD
2019-09-11,GLAC,37.2,124682,CHF
2019-09-11,HLVT,63.43,327272,CHF
2019-09-11,IBEX,69.96,154329,EUR
2019-09-11,JURA,3035.6,65841,CHF
2019-09-12,ALPN,76.66,375433,CHF
2019-09-12,BRGN,222.83,114937,CHF
2019-09-12,CRYS,46.15,132095,CHF
2019-09-12,DELT,63.58,302784,EUR
2019-09-12,EDLW,48.77,261371,CHF
2019-09-12,FJRD,27.54,109090,USD
2019-09-12,GLAC,37.66,96130,CHF
2019-09-12,HLVT,65.4,258644,CHF
2019-09-12,IBEX,70.49,95905,EUR
2019-09-12,JURA,3070.62,393758,CHF
2019-09-13,ALPN,76.04,273169,CHF
2019-09-13,BRGN,227.21,375686,CHF
2019-09-13,CRYS,46.45,26637,CHF
2019-09-13,EDLW,48.65,367072,CHF
2019-09-13,FJRD,27.26,212867,USD
2019-09-13,GLAC,37.16,275025,CHF
2019-09-13,HLVT,64.55,314811,CHF
2019-09-13,IBEX,69.72,264027,EUR
2019-09-13,JURA,3062.81,138214,CHF
2019-09-16,ALPN,76.48,151720,CHF
2019-09-16,BRGN,224.94,42433,CHF
2019-09-16,CRYS,46.74,41041,CHF
2019-09-16,DELT,65.32,306026,EUR
2019-09-16,EDLW,49.29,86255,CHF
2019-09-16,GLAC,36.25,108140,CHF
2019-09-16,HLVT,64.82,299296,CHF
2019-09-16,IBEX,70.45,231268,EUR
2019-09-16,JURA,3028.85,151040,CHF
2019-09-17,ALPN,77.63,283371,CHF
2019-09-17,BRGN,222.39,122141,CHF
2019-09-17,CRYS,47.43,114712,CHF
2019-09-17,DELT,65.0,258612,EUR
2019-09-17,EDLW,49.34,393279,CHF
2019-09-17,FJRD,27.79,99517,USD
2019-09-17,GLAC,36.85,349257,CHF
2019-09-17,HLVT,66.25,182223,CHF
2019-09-17,IBEX,70.34,194705,EUR
2019-09-17,JURA,3049.25,125882,CHF
2019-09-18,ALPN,76.45,95659,CHF
2019-09-18,BRGN,221.8,353689,CHF
2019-09-18,CRYS,46.5,240679,CHF
2019-09-18,DELT,65.13,159849,EUR
2019-09-18,EDLW,48.56,96893,CHF
2019-09-18,FJRD,27.54,362393,USD
2019-09-18,GLAC,34.95,206285,CHF
2019-09-18,HLVT,66.33,56983,CHF
2019-09-18,IBEX,68.31,26211,EUR
2019-09-18,JURA,2'990.70,263405,CHF
2019-09-19,ALPN,74.56,100514,CHF
2019-09-19,BRGN,220.42,120908,CHF
2019-09-19,CRYS,46.31,82352,CHF
2019-09-19,DELT,64.79,44890,EUR
2019-09-19,EDLW,48.21,145326,CHF
2019-09-19,FJRD,27.57,237046,USD
2019-09-19,GLAC,34.29,189199,CHF
2019-09-19,HLVT,66.0,189074,CHF
2019-09-19,IBEX,67.75,174596,EUR
2019-09-19,JURA,3011.88,189336,CHF
2019-09-20,ALPN,74.81,393661,CHF
2019-09-20,BRGN,216.66,319924,CHF
2019-09-20,CRYS,46.77,315432,CHF
2019-09-20,DELT,63.77,101583,EUR
2019-09-20,EDLW,48.16,368870,CHF
2019-09-20,FJRD,28.31,264863,USD
2019-09-20,GLAC,33.8,276470,CHF
2019-09-20,HLVT,65.67,344272,CHF
2019-09-20,IBEX,67.0,193853,EUR
2019-09-20,JURA,2996.33,268705,CHF
2019-09-23,ALPN,75.99,362506,CHF
2019-09-23,BRGN,219.69,182467,CHF
2019-09-23,CRYS,48.04,375842,CHF
2019-09-23,DELT,66.36,158960,EUR
2019-09-23,EDLW,49.12,239441,CHF
2019-09-23,FJRD,29.09,350433,USD
2019-09-23,GLAC,34.34,394493,CHF
2019-09-23,HLVT,66.77,51229,CHF
2019-09-23,IBEX,67.71,392866,EUR
2019-09-23,JURA,2993.65,190049,CHF
2019-09-24,ALPN,76.8,379030,CHF
2019-09-24,BRGN,221.41,365841,CHF
2019-09-24,CRYS,47.82,252628,CHF
2019-09-24,DELT,66.09,309329,EUR
2019-09-24,EDLW,49.04,388616,CHF
2019-09-24,FJRD,29.18,158723,USD
2019-09-24,GLAC,34.06,106682,CHF
2019-09-24,HLVT,67.19,260470,CHF
2019-09-24,IBEX,67.74,39696,EUR
2019-09-24,JURA,2933.44,318488,CHF
2019-09-25,ALPN,77.87,126749,CHF
2019-09-25,BRGN,222.1,232313,CHF
2019-09-25,CRYS,47.57,83375,CHF
2019-09-25,DELT,67.51,120175,EUR
2019-09-25,EDLW,49.05,366274,CHF
2019-09-25,FJRD,28.94,76032,USD
2019-09-25,GLAC,34.43,173430,CHF
2019-09-25,HLVT,66.04,289895,CHF
2019-09-25,IBEX,68.0,22723,EUR
2019-09-25,JURA,2920.79,367249,CHF
2019-09-26,ALPN,81.37,90676,CHF
2019-09-26,BRGN,225.0,78998,CHF
2019-09-26,CRYS,49.47,297338,CHF
2019-09-26,DELT,70.56,203816,EUR
2019-09-26,EDLW,49.63,53565,CHF
2019-09-26,FJRD,29.25,307112,USD
2019-09-26,GLAC,34.97,261514,CHF
2019-09-26,HLVT,66.88,212062,CHF
2019-09-26,IBEX,68.57,141306,EUR
2019-09-26,JURA,2959.15,384027,CHF
2019-09-27,ALPN,82.84,242502,CHF
2019-09-27,BRGN,223.64,287407,CHF
2019-09-27,CRYS,48.74,285784,CHF
2019-09-27,DELT,70.37,263007,EUR
2019-09-27,EDLW,49.58,382172,CHF
2019-09-27,FJRD,29.4,61560,USD
2019-09-27,GLAC,35.05,35575,CHF
2019-09-27,HLVT,65.59,125298,CHF
2019-09-27,IBEX,68.15,370634,EUR
2019-09-27,JURA,2957.61,341298,CHF
2019-09-30,ALPN,81.6,256061,CHF
2019-09-30,BRGN,220.04,52372,CHF
2019-09-30,CRYS,48.39,250157,CHF
2019-09-30,DELT,68.66,254702,EUR
2019-09-30,EDLW,49.02,293424,CHF
2019-09-30,FJRD,29.37,249632,USD
2019-09-30,GLAC,34.46,162193,CHF
2019-09-30,HLVT,65.01,226680,CHF
2019-09-30,IBEX,67.4,312680,EUR
2019-09-30,JURA,2992.33,281578,CHF
2019-10-01,ALPN,80.77,66253,CHF
2019-10-01,BRGN,222.78,28830,CHF
2019-10-01,CRYS,47.5,357926,CHF
2019-10-01,DELT,69.02,236256,EUR
2019-10-01,EDLW,48.18,82413,CHF
2019-10-01,FJRD,29.08,183814,USD
2019-10-01,GLAC,34.36,274507,CHF
2019-10-01,HLVT,63.25,282097,CHF
2019-10-01,IBEX,66.62,131212,EUR
2019-10-01,JURA,2948.81,40316,CHF
2019-10-02,ALPN,81.22,54088,CHF
2019-10-02,BRGN,222.59,179367,CHF
2019-10-02,CRYS,48.75,47835,CHF
2019-10-02,DELT,70.34,267254,EUR
2019-10-02,EDLW,49.38,110601,CHF
2019-10-02,FJRD,29.72,117866,USD
2019-10-02,GLAC,34.32,94439,CHF
2019-10-02,HLVT,64.65,296280,CHF
2019-10-02,IBEX,66.75,86213,EUR
2019-10-02,JURA,2934.36,396082,CHF
2019-10-03,ALPN,82.89,292604,CHF
2019-10-03,BRGN,223.31,202833,CHF
2019-10-03,CRYS,49.35,318138,CHF
2019-10-03,DELT,71.28,132678,EUR
2019-10-03,EDLW,48.85,94995,CHF
2019-10-03,FJRD,30.19,121454,USD
2019-10-03,GLAC,35.0,189666,CHF
2019-10-03,HLVT,65.66,53852,CHF
2019-10-03,IBEX,68.95,234811,EUR
2019-10-03,JURA,2936.21,243425,CHF
2019-10-04,ALPN,85.47,300762,CHF
2019-10-04,BRGN,228.19,44598,CHF
2019-10-04,CRYS,49.18,83377,CHF
2019-10-04,DELT,72.43,216542,EUR
2019-10-04,EDLW,49.52,192401,CHF
2019-10-04,FJRD,30.22,40766,USD
2019-10-04,GLAC,35.62,51432,CHF
2019-10-04,HLVT,66.24,99958,CHF
2019-10-04,IBEX,70.71,311978,EUR
2019-10-04,JURA,2980.67,365483,CHF
2019-10-07,ALPN,86.41,55077,CHF
2019-10-07,BRGN,229.09,214357,CHF
2019-10-07,CRYS,49.09,362280,CHF
2019-10-07,DELT,72.29,375709,EUR
2019-10-07,EDLW,50.62,348809,CHF
2019-10-07,FJRD,30.47,376260,USD
2019-10-07,GLAC,35.68,127982,CHF
2019-10-07,HLVT,65.48,122380,CHF
2019-10-07,IBEX,70.83,21364,EUR
2019-10-07,JURA,3093.84,364486,CHF
2019-10-08,ALPN,84.48,391256,CHF
2019-10-08,BRGN,226.94,214799,CHF
2019-10-08,CRYS,49.45,66736,CHF
2019-10-08,DELT,73.08,83723,EUR
2019-10-08,EDLW,49.46,291702,CHF
2019-10-08,FJRD,30.15,388195,USD
2019-10-08,GLAC,35.87,258084,CHF
2019-10-08,HLVT,64.48,276218,CHF
2019-10-08,IBEX,69.77,314033,EUR
2019-10-08,JURA,3066.42,274341,CHF
2019-10-09,ALPN,88.44,118818,CHF
2019-10-09,BRGN,233.44,128021,CHF
2019-10-09,CRYS,50.99,388283,CHF
2019-10-09,DELT,75.17,123060,EUR
2019-10-09,EDLW,50.36,286110,CHF
2019-10-09,FJRD,30.64,217838,USD
2019-10-09,GLAC,36.68,224256,CHF
2019-10-09,HLVT,64.87,38988,CHF
2019-10-09,IBEX,69.92,73699,EUR
2019-10-09,JURA,3098.08,115829,CHF
2019-10-10,ALPN,89.14,268972,CHF
2019-10-10,BRGN,232.83,358215,CHF
2019-10-10,CRYS,51.22,77031,CHF
2019-10-10,DELT,74.89,258600,EUR
2019-10-10,EDLW,51.21,144418,CHF
2019-10-10,FJRD,31.0,77399,USD
2019-10-10,GLAC,36.55,135854,CHF
2019-10-10,HLVT,64.02,260075,CHF
2019-10-10,IBEX,69.9,36002,EUR
2019-10-10,JURA,3104.95,181586,CHF
2019-10-11,ALPN,89.87,128802,CHF
2019-10-11,BRGN,229.4,48525,CHF
2019-10-11,DELT,73.94,101181,EUR
2019-10-11,EDLW,51.16,368846,CHF
2019-10-11,FJRD,31.13,314225,USD
2019-10-11,GLAC,36.81,158307,CHF
2019-10-11,HLVT,63.46,41334,CHF
2019-10-11,IBEX,67.99,49586,EUR
2019-10-11,JURA,3088.58,190318,CHF
2019-10-14,ALPN,91.04,244169,CHF
2019-10-14,BRGN,225.11,314676,CHF
2019-10-14,CRYS,52.72,363073,CHF
2019-10-14,DELT,73.17,57052,EUR
2019-10-14,EDLW,51.26,102535,CHF
2019-10-14,FJRD,31.42,309001,USD
2019-10-14,GLAC,37.7,62603,CHF
2019-10-14,HLVT,64.35,162017,CHF
2019-10-14,IBEX,68.69,115430,EUR
2019-10-14,JURA,3048.97,70974,CHF
2019-10-15,ALPN,92.52,89418,CHF
2019-10-15,BRGN,229.34,145815,CHF
2019-10-15,CRYS,53.52,298246,CHF
2019-10-15,DELT,75.09,45488,EUR
2019-10-15,EDLW,51.78,358004,CHF
2019-10-15,FJRD,31.63,243282,USD
2019-10-15,GLAC,39.02,153443,CHF
2019-10-15,IBEX,70.41,76771,EUR
2019-10-15,JURA,3118.83,367816,CHF
2019-10-16,ALPN,93.37,149062,CHF
2019-10-16,BRGN,230.32,27167,CHF
2019-10-16,CRYS,53.7,22346,CHF
2019-10-16,DELT,74.74,159852,EUR
2019-10-16,EDLW,50.81,371530,CHF
2019-10-16,FJRD,31.93,387865,USD
2019-10-16,GLAC,39.13,207103,CHF
2019-10-16,HLVT,65.8,320401,CHF
2019-10-16,IBEX,71.21,109623,EUR
2019-10-16,JURA,3'162.50,309997,CHF
2019-10-17,ALPN,93.45,283216,CHF
2019-10-17,BRGN,235.52,341479,CHF
2019-10-17,CRYS,52.68,327747,CHF
2019-10-17,DELT,76.13,176721,EUR
2019-10-17,FJRD,32.39,44725,USD
2019-10-17,GLAC,39.64,291024,CHF
2019-10-17,HLVT,64.82,223177,CHF
2019-10-17,IBEX,71.5,157566,EUR
2019-10-17,JURA,3130.1,306995,CHF
2019-10-18,ALPN,95.7,157111,CHF
2019-10-18,BRGN,232.7,256013,CHF
2019-10-18,CRYS,53.17,202214,CHF
2019-10-18,EDLW,50.87,137945,CHF
2019-10-18,FJRD,32.4,242473,USD
2019-10-18,GLAC,40.28,330438,CHF
2019-10-18,HLVT,65.58,22275,CHF
2019-10-18,IBEX,70.61,258787,EUR
2019-10-18,JURA,3196.67,352674,CHF
2019-10-21,ALPN,96.07,282282,CHF
2019-10-21,BRGN,233.34,285741,CHF
2019-10-21,CRYS,51.88,272269,CHF
2019-10-21,DELT,75.85,148235,EUR
2019-10-21,EDLW,50.22,51557,CHF
2019-10-21,FJRD,32.12,332745,USD
2019-10-21,GLAC,39.31,37734,CHF
2019-10-21,HLVT,63.8,292156,CHF
2019-10-21,IBEX,70.17,109095,EUR
2019-10-22,ALPN,97.14,168282,CHF
2019-10-22,BRGN,231.75,48497,CHF
2019-10-22,CRYS,52.29,309902,CHF
2019-10-22,DELT,76.75,221946,EUR
2019-10-22,EDLW,49.92,270969,CHF
2019-10-22,FJRD,31.53,211000,USD
2019-10-22,GLAC,38.48,385699,CHF
2019-10-22,HLVT,64.2,322393,CHF
2019-10-22,IBEX,69.11,69209,EUR
2019-10-22,JURA,3174.16,292410,CHF
2019-10-23,ALPN,98.02,96453,CHF
2019-10-23,BRGN,234.14,204739,CHF
2019-10-23,CRYS,51.61,369579,CHF
2019-10-23,DELT,77.46,309052,EUR
2019-10-23,EDLW,49.9,159487,CHF
2019-10-23,FJRD,31.58,286446,USD
2019-10-23,GLAC,38.75,217485,CHF
2019-10-23,HLVT,64.68,328705,CHF
2019-10-23,IBEX,69.84,313463,EUR
2019-10-23,JURA,3240.61,31357,CHF
2019-10-24,ALPN,95.73,57405,CHF
2019-10-24,BRGN,229.85,157523,CHF
2019-10-24,CRYS,50.69,300575,CHF
2019-10-24,DELT,77.83,136590,EUR
2019-10-24,EDLW,49.1,354700,CHF
2019-10-24,FJRD,30.73,106675,USD
2019-10-24,GLAC,38.17,107426,CHF
2019-10-24,HLVT,64.34,327640,CHF
2019-10-24,IBEX,69.04,47069,EUR
2019-10-24,JURA,3242.23,203877,CHF
2019-10-25,ALPN,98.99,94141,CHF
2019-10-25,BRGN,233.2,386457,CHF
2019-10-25,CRYS,51.19,159966,CHF
2019-10-25,DELT,81.14,90781,EUR
2019-10-25,EDLW,49.55,199372,CHF
2019-10-25,FJRD,31.72,71127,USD
2019-10-25,GLAC,39.95,170481,CHF
2019-10-25,HLVT,65.92,259358,CHF
2019-10-25,IBEX,69.18,313672,EUR
2019-10-25,JURA,3321.96,242224,CHF
2019-10-28,ALPN,98.44,283108,CHF
2019-10-28,BRGN,232.89,283796,CHF
2019-10-28,CRYS,50.51,284736,CHF
2019-10-28,DELT,80.49,384308,EUR
2019-10-28,EDLW,48.9,376040,CHF
2019-10-28,FJRD,31.19,222168,USD
2019-10-28,GLAC,38.67,380068,CHF
2019-10-28,HLVT,65.42,219295,CHF
2019-10-28,IBEX,68.06,262092,EUR
2019-10-28,JURA,3338.02,330401,CHF
2019-10-29,ALPN,96.58,380202,CHF
2019-10-29,BRGN,234.45,297933,CHF
2019-10-29,CRYS,50.24,40032,CHF
2019-10-29,DELT,78.35,109953,EUR
2019-10-29,EDLW,48.24,112965,CHF
2019-10-29,FJRD,30.91,188110,USD
2019-10-29,GLAC,38.25,395811,CHF
2019-10-29,HLVT,64.76,287648,CHF
2019-10-29,IBEX,66.34,259534,EUR
2019-10-29,JURA,3272.0,202775,CHF
2019-10-30,ALPN,95.52,249675,CHF
2019-10-30,BRGN,230.22,365228,CHF
2019-10-30,CRYS,49.42,116319,CHF
2019-10-30,DELT,76.36,93935,EUR
2019-10-30,EDLW,47.89,60160,CHF
2019-10-30,FJRD,30.97,246987,USD
2019-10-30,GLAC,36.99,158726,CHF
2019-10-30,HLVT,63.45,180785,CHF
2019-10-30,IBEX,66.12,373446,EUR
2019-10-30,JURA,3278.82,119127,CHF
2019-10-31,ALPN,94.9,267713,CHF
2019-10-31,BRGN,223.95,178711,CHF
2019-10-31,CRYS,49.15,307926,CHF
2019-10-31,DELT,75.79,121489,EUR
2019-10-31,EDLW,47.14,81838,CHF
2019-10-31,FJRD,31.04,338468,USD
2019-10-31,GLAC,37.19,132453,CHF
2019-10-31,HLVT,63.94,306242,CHF
2019-10-31,IBEX,66.64,325737,EUR
2019-10-31,JURA,3250.65,354110,CHF
2019-11-01,ALPN,94.12,264952,CHF
2019-11-01,BRGN,222.81,105586,CHF
2019-11-01,CRYS,48.11,148220,CHF
2019-11-01,DELT,74.83,130914,EUR
2019-11-01,EDLW,47.12,361442,CHF
2019-11-01,FJRD,31.0,90324,USD
2019-11-01,GLAC,38.27,44783,CHF
2019-11-01,HLVT,66.31,142228,CHF
2019-11-01,IBEX,66.21,27510,EUR
2019-11-01,JURA,3245.25,110381,CHF
2019-11-04,ALPN,92.99,371724,CHF
2019-11-04,BRGN,221.44,316156,CHF
2019-11-04,CRYS,47.76,335160,CHF
2019-11-04,DELT,74.63,388165,EUR
2019-11-04,EDLW,46.29,361334,CHF
2019-11-04,FJRD,31.63,46329,USD
2019-11-04,GLAC,37.78,106931,CHF
2019-11-04,HLVT,65.08,320248,CHF
2019-11-04,IBEX,65.47,332293,EUR
2019-11-04,JURA,3235.34,299410,CHF
2019-11-05,ALPN,94.09,227759,CHF
2019-11-05,BRGN,226.54,230345,CHF
2019-11-05,CRYS,48.87,102114,CHF
2019-11-05,DELT,76.74,129081,EUR
2019-11-05,EDLW,47.29,172485,CHF
2019-11-05,FJRD,32.44,51954,USD
2019-11-05,GLAC,38.03,136398,CHF
2019-11-05,HLVT,64.78,299378,CHF
2019-11-05,IBEX,66.79,206057,EUR
2019-11-05,JURA,3323.9,156595,CHF
2019-11-06,ALPN,93.98,157213,CHF
2019-11-06,BRGN,227.32,81602,CHF
2019-11-06,CRYS,48.58,55978,CHF
2019-11-06,DELT,77.32,71454,EUR
2019-11-06,EDLW,47.61,331217,CHF
2019-11-06,FJRD,32.15,379110,USD
2019-11-06,GLAC,38.33,107085,CHF
2019-11-06,HLVT,66.23,99581,CHF
2019-11-06,IBEX,66.75,203186,EUR
2019-11-06,JURA,3323.29,112596,CHF
2019-11-07,ALPN,94.83,244761,CHF
2019-11-07,BRGN,227.17,152562,CHF
2019-11-07,CRYS,50.52,93588,CHF
2019-11-07,DELT,78.32,233227,EUR
2019-11-07,EDLW,47.21,45062,CHF
2019-11-07,FJRD,32.81,215612,USD
2019-11-07,GLAC,38.73,61848,CHF
2019-11-07,HLVT,67.04,142898,CHF
2019-11-07,IBEX,67.8,290693,EUR
2019-11-07,JURA,3313.68,122300,CHF
2019-11-08,ALPN,94.93,167353,CHF
2019-11-08,BRGN,225.16,77828,CHF
2019-11-08,CRYS,51.35,71820,CHF
2019-11-08,DELT,78.9,154148,EUR
2019-11-08,EDLW,47.58,215722,CHF
2019-11-08,FJRD,33.46,22609,USD
2019-11-08,GLAC,39.08,355043,CHF
2019-11-08,HLVT,67.71,268531,CHF
2019-11-08,IBEX,68.64,295800,EUR
2019-11-08,JURA,3288.81,153058,CHF
2019-11-11,ALPN,95.57,265493,CHF
2019-11-11,BRGN,225.54,283309,CHF
2019-11-11,CRYS,52.06,206117,CHF
2019-11-11,DELT,78.87,276386,EUR
2019-11-11,EDLW,47.98,386444,CHF
2019-11-11,FJRD,33.44,145980,USD
2019-11-11,GLAC,39.22,192523,CHF
2019-11-11,HLVT,67.03,255854,CHF
2019-11-11,IBEX,67.94,158138,EUR
2019-11-11,JURA,3335.08,30665,CHF
2019-11-12,ALPN,97.02,364866,CHF
2019-11-12,BRGN,220.42,206019,CHF
2019-11-12,CRYS,51.41,103461,CHF
2019-11-12,DELT,78.0,29612,EUR
2019-11-12,EDLW,47.94,276236,CHF
2019-11-12,FJRD,33.08,71711,USD
2019-11-12,GLAC,38.38,206370,CHF
2019-11-12,HLVT,66.73,250605,CHF
2019-11-12,IBEX,66.45,92783,EUR
2019-11-12,JURA,3364.48,127951,CHF
2019-11-13,ALPN,93.01,333229,CHF
2019-11-13,BRGN,213.58,281386,CHF
2019-11-13,CRYS,50.04,105069,CHF
2019-11-13,DELT,76.46,127441,EUR
2019-11-13,EDLW,46.82,344090,CHF
2019-11-13,FJRD,32.68,325763,USD
2019-11-13,GLAC,37.28,205844,CHF
2019-11-13,HLVT,65.76,34029,CHF
2019-11-13,IBEX,65.4,66018,EUR
2019-11-13,JURA,3290.0,144961,CHF
2019-11-14,ALPN,92.23,397674,CHF
2019-11-14,BRGN,210.86,195881,CHF
2019-11-14,CRYS,49.15,331861,CHF
2019-11-14,DELT,77.6,358728,EUR
2019-11-14,EDLW,46.79,93945,CHF
2019-11-14,FJRD,32.68,66586,USD
2019-11-14,GLAC,37.94,359343,CHF
2019-11-14,HLVT,65.85,127731,CHF
2019-11-14,IBEX,64.81,297300,EUR
2019-11-14,JURA,3'275.25,33814,CHF
2019-11-15,ALPN,92.51,241908,CHF
2019-11-15,BRGN,213.63,178267,CHF
2019-11-15,CRYS,50.25,225478,CHF
2019-11-15,DELT,78.26,154478,EUR
2019-11-15,EDLW,47.01,313975,CHF
2019-11-15,FJRD,33.25,189936,USD
2019-11-15,GLAC,38.05,85719,CHF
2019-11-15,HLVT,65.28,21004,CHF
2019-11-15,IBEX,64.8,363560,EUR
2019-11-15,JURA,3250.53,257185,CHF
2019-11-18,ALPN,90.41,205828,CHF
2019-11-18,BRGN,212.46,324118,CHF
2019-11-18,CRYS,50.57,204507,CHF
2019-11-18,DELT,79.19,385890,EUR
2019-11-18,EDLW,49.32,295653,CHF
2019-11-18,FJRD,33.16,258401,USD
2019-11-18,GLAC,38.06,318746,CHF
2019-11-18,HLVT,66.02,333975,CHF
2019-11-18,IBEX,64.49,234847,EUR
2019-11-18,JURA,3230.28,161738,CHF
2019-11-19,ALPN,91.16,71615,CHF
2019-11-19,BRGN,211.25,113070,CHF
2019-11-19,CRYS,50.61,180035,CHF
2019-11-19,EDLW,48.73,43490,CHF
2019-11-19,FJRD,33.39,376871,USD
2019-11-19,GLAC,37.62,170194,CHF
2019-11-19,HLVT,66.0,64731,CHF
2019-11-19,IBEX,64.65,143152,EUR
2019-11-19,JURA,3201.38,75364,CHF
2019-11-20,ALPN,90.01,367615,CHF
2019-11-20,BRGN,209.43,324310,CHF
2019-11-20,CRYS,50.01,215630,CHF
2019-11-20,DELT,78.89,361395,EUR
2019-11-20,EDLW,48.18,334882,CHF
2019-11-20,FJRD,32.37,389489,USD
2019-11-20,GLAC,37.45,383295,CHF
2019-11-20,HLVT,65.86,220237,CHF
2019-11-20,IBEX,63.75,59419,EUR
2019-11-20,JURA,3201.13,265020,CHF
2019-11-21,ALPN,89.46,309697,CHF
2019-11-21,BRGN,211.98,39940,CHF
2019-11-21,CRYS,49.37,122146,CHF
2019-11-21,DELT,78.16,81742,EUR
2019-11-21,EDLW,48.0,316097,CHF
2019-11-21,FJRD,32.18,356136,USD
2019-11-21,GLAC,36.13,397981,CHF
2019-11-21,HLVT,64.98,91369,CHF
2019-11-21,IBEX,63.47,285184,EUR
2019-11-21,JURA,3235.87,137275,CHF
2019-11-22,ALPN,87.96,42637,CHF
2019-11-22,BRGN,208.19,82494,CHF
2019-11-22,CRYS,48.3,282798,CHF
2019-11-22,DELT,75.31,396256,EUR
2019-11-22,EDLW,48.32,223528,CHF
2019-11-22,FJRD,31.47,234845,USD
2019-11-22,GLAC,35.15,246773,CHF
2019-11-22,HLVT,63.92,98997,CHF
2019-11-22,IBEX,62.15,308584,EUR
2019-11-22,JURA,3110.85,286538,CHF
2019-11-25,ALPN,88.16,181297,CHF
2019-11-25,BRGN,205.3,162503,CHF
2019-11-25,CRYS,50.09,314150,CHF
2019-11-25,DELT,77.81,318016,EUR
2019-11-25,EDLW,49.06,117270,CHF
2019-11-25,FJRD,32.24,21526,USD
2019-11-25,GLAC,35.71,124995,CHF
2019-11-25,HLVT,64.28,392019,CHF
2019-11-25,IBEX,63.82,96240,EUR
2019-11-25,JURA,3125.72,159388,CHF
2019-11-26,ALPN,87.78,328004,CHF
2019-11-26,CRYS,48.84,303143,CHF
2019-11-26,DELT,77.3,391801,EUR
2019-11-26,EDLW,48.89,238395,CHF
2019-11-26,FJRD,32.24,49660,USD
2019-11-26,GLAC,35.76,50147,CHF
2019-11-26,HLVT,65.25,396125,CHF
2019-11-26,IBEX,63.84,364589,EUR
2019-11-26,JURA,3124.93,92601,CHF
2019-11-27,ALPN,89.97,339483,CHF
2019-11-27,BRGN,201.94,333717,CHF
2019-11-27,CRYS,51.04,280980,CHF
2019-11-27,DELT,78.48,242553,EUR
2019-11-27,EDLW,48.58,39667,CHF
2019-11-27,FJRD,32.88,71500,USD
2019-11-27,GLAC,36.21,210133,CHF
2019-11-27,HLVT,65.56,216850,CHF
2019-11-27,IBEX,64.01,263278,EUR
2019-11-27,JURA,3160.92,396040,CHF
2019-11-28,ALPN,87.79,336761,CHF
2019-11-28,BRGN,198.54,230184,CHF
2019-11-28,CRYS,50.43,26335,CHF
2019-11-28,DELT,77.41,207802,EUR
2019-11-28,EDLW,48.85,140120,CHF
2019-11-28,FJRD,32.38,44014,USD
2019-11-28,GLAC,35.55,36569,CHF
2019-11-28,HLVT,64.91,136968,CHF
2019-11-28,IBEX,62.92,94580,EUR
2019-11-28,JURA,3045.93,260666,CHF
2019-11-29,ALPN,87.64,272436,CHF
2019-11-29,BRGN,200.0,212411,CHF
2019-11-29,CRYS,51.26,51926,CHF
2019-11-29,DELT,77.35,385301,EUR
2019-11-29,EDLW,48.5,94140,CHF
2019-11-29,FJRD,31.59,196279,USD
2019-11-29,GLAC,36.02,314393,CHF
2019-11-29,HLVT,67.11,252383,CHF
2019-11-29,IBEX,63.04,59971,EUR
2019-11-29,JURA,3008.8,269466,CHF
2019-12-02,ALPN,88.55,395276,CHF
2019-12-02,BRGN,202.84,38740,CHF
2019-12-02,CRYS,52.42,388328,CHF
2019-12-02,DELT,77.32,335662,EUR
2019-12-02,EDLW,47.62,97357,CHF
2019-12-02,FJRD,32.13,312681,USD
2019-12-02,GLAC,35.34,300289,CHF
2019-12-02,HLVT,69.09,188527,CHF
2019-12-02,IBEX,62.82,46454,EUR
2019-12-02,JURA,3036.89,396102,CHF
2019-12-03,ALPN,89.35,33707,CHF
2019-12-03,BRGN,205.5,34852,CHF
2019-12-03,CRYS,52.11,93087,CHF
2019-12-03,DELT,76.28,235641,EUR
2019-12-03,EDLW,47.03,282025,CHF
2019-12-03,FJRD,31.9,29846,USD
2019-12-03,GLAC,35.58,98062,CHF
2019-12-03,HLVT,68.11,52861,CHF
2019-12-03,IBEX,62.4,222156,EUR
2019-12-03,JURA,3068.97,357440,CHF
2019-12-04,ALPN,90.8,243481,CHF
2019-12-04,BRGN,205.14,238816,CHF
2019-12-04,CRYS,52.57,187397,CHF
2019-12-04,DELT,78.22,45447,EUR
2019-12-04,EDLW,48.1,328885,CHF
2019-12-04,FJRD,32.32,191148,USD
2019-12-04,GLAC,36.04,222458,CHF
2019-12-04,HLVT,68.97,275251,CHF
2019-12-04,IBEX,63.96,98184,EUR
2019-12-04,JURA,3053.42,215922,CHF
2019-12-05,ALPN,91.22,246329,CHF
2019-12-05,BRGN,204.26,297356,CHF
2019-12-05,CRYS,52.84,241850,CHF
2019-12-05,DELT,78.56,99634,EUR
2019-12-05,EDLW,48.35,307027,CHF
2019-12-05,FJRD,32.72,175484,USD
2019-12-05,GLAC,36.2,245305,CHF
2019-12-05,HLVT,68.82,152819,CHF
2019-12-05,IBEX,64.38,374636,EUR
2019-12-05,JURA,2990.93,151104,CHF
2019-12-06,ALPN,90.38,198331,CHF
2019-12-06,BRGN,204.18,24368,CHF
2019-12-06,CRYS,51.82,197091,CHF
2019-12-06,DELT,79.32,281842,EUR
2019-12-06,EDLW,48.28,111966,CHF
2019-12-06,FJRD,32.98,331439,USD
2019-12-06,GLAC,35.9,399216,CHF
2019-12-06,HLVT,69.29,376952,CHF
2019-12-06,IBEX,63.51,163419,EUR
2019-12-06,JURA,2949.92,346075,CHF
2019-12-09,ALPN,89.4,293664,CHF
2019-12-09,BRGN,206.07,128872,CHF
2019-12-09,CRYS,52.53,347272,CHF
2019-12-09,DELT,79.24,96429,EUR
2019-12-09,EDLW,47.8,175290,CHF
2019-12-09,FJRD,32.32,322128,USD
2019-12-09,GLAC,35.94,331737,CHF
2019-12-09,HLVT,69.38,60415,CHF
2019-12-09,IBEX,63.23,209174,EUR
2019-12-09,JURA,2960.41,371098,CHF
2019-12-10,ALPN,88.55,344375,CHF
2019-12-10,BRGN,203.34,233973,CHF
2019-12-10,CRYS,52.47,26275,CHF
2019-12-10,DELT,78.88,121620,EUR
2019-12-10,EDLW,46.69,280670,CHF
2019-12-10,FJRD,31.58,220894,USD
2019-12-10,GLAC,34.7,74450,CHF
2019-12-10,HLVT,67.74,120399,CHF
2019-12-10,IBEX,61.81,393146,EUR
2019-12-10,JURA,2874.17,213380,CHF
2019-12-11,ALPN,89.79,314374,CHF
2019-12-11,BRGN,205.24,266545,CHF
2019-12-11,CRYS,53.62,315807,CHF
2019-12-11,DELT,79.32,122113,EUR
2019-12-11,EDLW,47.12,156691,CHF
2019-12-11,FJRD,31.49,110822,USD
2019-12-11,GLAC,33.99,273992,CHF
2019-12-11,HLVT,68.43,263486,CHF
2019-12-11,IBEX,60.37,129074,EUR
2019-12-11,JURA,2868.6,89106,CHF
2019-12-12,ALPN,92.26,50757,CHF
2019-12-12,BRGN,203.91,49920,CHF
2019-12-12,CRYS,53.92,115570,CHF
2019-12-12,DELT,79.27,126362,EUR
2019-12-12,EDLW,46.76,219157,CHF
2019-12-12,FJRD,30.87,233693,USD
2019-12-12,GLAC,33.92,166930,CHF
2019-12-12,HLVT,69.44,99894,CHF
2019-12-12,IBEX,60.37,23775,EUR
2019-12-12,JURA,2'902.42,42808,CHF
2019-12-13,ALPN,91.41,285712,CHF
2019-12-13,BRGN,200.85,96962,CHF
2019-12-13,CRYS,53.7,174019,CHF
2019-12-13,DELT,78.97,109836,EUR
2019-12-13,EDLW,46.17,79695,CHF
2019-12-13,FJRD,30.59,26626,USD
2019-12-13,GLAC,33.66,296279,CHF
2019-12-13,GLAC,33.66,296279,CHF
2019-12-13,HLVT,67.92,50180,CHF
2019-12-13,IBEX,59.3,282753,EUR
2019-12-13,JURA,2897.71,200574,CHF
2019-12-16,ALPN,95.15,272524,CHF
2019-12-16,BRGN,206.09,176690,CHF
2019-12-16,CRYS,53.96,73330,CHF
2019-12-16,DELT,79.13,169109,EUR
2019-12-16,EDLW,46.31,141660,CHF
2019-12-16,FJRD,30.62,81550,USD
2019-12-16,GLAC,32.9,395874,CHF
2019-12-16,HLVT,66.51,353074,CHF
2019-12-16,IBEX,57.92,231073,EUR
2019-12-16,JURA,2941.35,72792,CHF
2019-12-17,ALPN,96.31,142800,CHF
2019-12-17,BRGN,198.69,310354,CHF
2019-12-17,CRYS,54.74,67314,CHF
2019-12-17,DELT,78.02,133194,EUR
2019-12-17,EDLW,44.8,84259,CHF
2019-12-17,FJRD,30.79,27712,USD
2019-12-17,GLAC,32.95,172106,CHF
2019-12-17,HLVT,65.59,298637,CHF
2019-12-17,HLVT,65.59,298637,CHF
2019-12-17,IBEX,58.06,184100,EUR
2019-12-17,JURA,2896.75,158048,CHF
2019-12-18,ALPN,99.22,330678,CHF
2019-12-18,BRGN,199.07,167776,CHF
2019-12-18,CRYS,55.01,295489,CHF
2019-12-18,DELT,79.24,280952,EUR
2019-12-18,EDLW,44.23,324654,CHF
2019-12-18,FJRD,30.85,144816,USD
2019-12-18,GLAC,34.27,358258,CHF
2019-12-18,HLVT,67.12,56201,CHF
2019-12-18,IBEX,57.88,279786,EUR
2019-12-18,JURA,2910.51,281180,CHF
2019-12-19,ALPN,100.16,246914,CHF
2019-12-19,BRGN,201.34,93509,CHF
2019-12-19,CRYS,56.17,344304,CHF
2019-12-19,DELT,79.26,313950,EUR
2019-12-19,EDLW,44.11,240798,CHF
2019-12-19,FJRD,31.14,53320,USD
2019-12-19,GLAC,34.23,110473,CHF
2019-12-19,HLVT,67.56,73015,CHF
2019-12-19,IBEX,58.58,394274,EUR
2019-12-19,JURA,2920.31,194251,CHF
2019-12-20,ALPN,102.52,193667,CHF
2019-12-20,BRGN,205.43,369796,CHF
2019-12-20,CRYS,56.28,279417,CHF
2019-12-20,DELT,79.87,39145,EUR
2019-12-20,EDLW,44.77,395259,CHF
2019-12-20,FJRD,31.67,111079,USD
2019-12-20,GLAC,34.83,357039,CHF
2019-12-20,HLVT,67.83,329199,CHF
2019-12-20,IBEX,59.5,332104,EUR
2019-12-20,JURA,2978.3,264174,CHF
2019-12-23,ALPN,101.96,255784,CHF
2019-12-23,BRGN,208.65,219323,CHF
2019-12-23,CRYS,56.48,299193,CHF
2019-12-23,DELT,79.1,141976,EUR
2019-12-23,EDLW,44.34,69669,CHF
2019-12-23,FJRD,31.91,223263,USD
2019-12-23,GLAC,34.64,205876,CHF
2019-12-23,HLVT,67.37,282738,CHF
2019-12-23,IBEX,60.03,287371,EUR
2019-12-23,JURA,2938.5,278232,CHF
2019-12-24,ALPN,102.34,230379,CHF
2019-12-24,BRGN,211.11,366991,CHF
2019-12-24,CRYS,55.92,397261,CHF
2019-12-24,DELT,80.3,100057,EUR
2019-12-24,EDLW,43.59,290715,CHF
2019-12-24,FJRD,32.33,171829,USD
2019-12-24,GLAC,34.16,167011,CHF
2019-12-24,HLVT,67.53,375379,CHF
2019-12-24,IBEX,60.19,355505,EUR
2019-12-24,JURA,2879.77,377955,CHF
2019-12-25,ALPN,102.72,41198,CHF
2019-12-25,BRGN,213.01,60730,CHF
2019-12-25,CRYS,54.26,212055,CHF
2019-12-25,DELT,78.07,113671,EUR
2019-12-25,EDLW,42.29,104025,CHF
2019-12-25,FJRD,31.36,150933,USD
2019-12-25,GLAC,34.21,166607,CHF
2019-12-25,HLVT,66.49,32295,CHF
2019-12-25,JURA,2872.27,20693,CHF
2019-12-26,ALPN,103.3,317860,CHF
2019-12-26,BRGN,215.92,289677,CHF
2019-12-26,CRYS,53.93,93413,CHF
2019-12-26,DELT,78.7,391651,EUR
2019-12-26,EDLW,41.9,213481,CHF
2019-12-26,FJRD,31.46,250975,USD
2019-12-26,GLAC,34.13,87356,CHF
2019-12-26,HLVT,66.8,211691,CHF
2019-12-26,IBEX,60.11,138840,EUR
2019-12-26,JURA,2806.62,172443,CHF
2019-12-27,ALPN,102.88,88415,CHF
2019-12-27,BRGN,216.78,207579,CHF
2019-12-27,CRYS,53.92,355820,CHF
2019-12-27,DELT,79.37,337734,EUR
2019-12-27,EDLW,41.41,57603,CHF
2019-12-27,FJRD,31.25,104818,USD
2019-12-27,GLAC,33.77,161612,CHF
2019-12-27,HLVT,66.34,162705,CHF
2019-12-27,IBEX,60.83,212773,EUR
2019-12-27,JURA,2786.02,79734,CHF
2019-12-30,ALPN,102.69,47966,CHF
2019-12-30,BRGN,216.44,217236,CHF
2019-12-30,CRYS,52.86,152904,CHF
2019-12-30,DELT,78.0,303894,EUR
2019-12-30,EDLW,41.09,266734,CHF
2019-12-30,FJRD,30.54,218200,USD
2019-12-30,GLAC,33.06,62376,CHF
2019-12-30,HLVT,64.11,101868,CHF
2019-12-30,IBEX,58.76,312155,EUR
2019-12-30,JURA,2796.17,368949,CHF
2019-12-31,ALPN,102.19,235515,CHF
2019-12-31,BRGN,224.1,309452,CHF
2019-12-31,CRYS,52.78,199535,CHF
2019-12-31,DELT,78.52,187715,EUR
2019-12-31,EDLW,41.33,382878,CHF
2019-12-31,FJRD,30.88,386036,USD
2019-12-31,GLAC,33.38,262239,CHF
2019-12-31,HLVT,63.05,77251,CHF
2019-12-31,IBEX,58.46,98375,EUR
2019-12-31,JURA,2832.22,39821,CHF
2020-01-01,ALPN,100.96,130604,CHF
2020-01-01,BRGN,224.86,282992,CHF
2020-01-01,CRYS,53.38,261232,CHF
2020-01-01,DELT,79.07,247536,EUR
2020-01-01,EDLW,41.81,379867,CHF
2020-01-01,FJRD,31.29,206004,USD
2020-01-01,GLAC,34.03,107558,CHF
2020-01-01,HLVT,63.31,108217,CHF
2020-01-01,IBEX,58.94,22548,EUR
2020-01-01,JURA,2894.25,117074,CHF
2020-01-02,ALPN,103.0,365013,CHF
2020-01-02,BRGN,225.36,66625,CHF
2020-01-02,CRYS,53.22,159450,CHF
2020-01-02,DELT,78.9,132454,EUR
2020-01-02,EDLW,42.65,131318,CHF
2020-01-02,FJRD,,58575,USD
2020-01-02,GLAC,35.44,384566,CHF
2020-01-02,HLVT,63.52,303865,CHF
2020-01-02,IBEX,60.7,60532,EUR
2020-01-02,JURA,2927.99,121768,CHF
2020-01-03,ALPN,100.41,64032,CHF
2020-01-03,BRGN,226.88,77864,CHF
2020-01-03,CRYS,52.95,63619,CHF
2020-01-03,DELT,77.37,76678,EUR
2020-01-03,EDLW,41.98,391176,CHF
2020-01-03,FJRD,30.79,202179,USD
2020-01-03,GLAC,34.75,290980,CHF
2020-01-03,HLVT,61.72,235066,CHF
2020-01-03,IBEX,58.97,59847,EUR
2020-01-03,JURA,2916.5,142845,CHF
2020-01-06,BRGN,227.73,222238,CHF
2020-01-06,CRYS,51.51,273188,CHF
2020-01-06,DELT,75.97,104225,EUR
2020-01-06,EDLW,42.04,316565,CHF
2020-01-06,FJRD,30.52,240253,USD
2020-01-06,GLAC,34.08,226529,CHF
2020-01-06,HLVT,61.92,176326,CHF
2020-01-06,IBEX,58.7,253055,EUR
2020-01-06,JURA,2874.7,50132,CHF
2020-01-07,ALPN,99.06,168625,CHF
2020-01-07,BRGN,228.99,174893,CHF
2020-01-07,CRYS,51.36,132451,CHF
2020-01-07,DELT,76.03,378455,EUR
2020-01-07,EDLW,41.66,387802,CHF
2020-01-07,FJRD,30.17,396196,USD
2020-01-07,GLAC,33.86,103762,CHF
2020-01-07,HLVT,61.57,167714,CHF
2020-01-07,IBEX,57.57,349210,EUR
2020-01-07,JURA,2880.71,344473,CHF
2020-01-08,ALPN,97.44,46578,CHF
2020-01-08,BRGN,223.9,355890,CHF
2020-01-08,CRYS,50.95,114683,CHF
2020-01-08,DELT,76.67,326029,EUR
2020-01-08,EDLW,41.41,336265,CHF
2020-01-08,FJRD,30.3,73783,USD
2020-01-08,GLAC,34.08,236606,CHF
2020-01-08,HLVT,61.0,23131,CHF
2020-01-08,IBEX,57.75,45392,EUR
2020-01-08,JURA,2864.66,273036,CHF
2020-01-09,ALPN,96.36,261570,CHF
2020-01-09,BRGN,217.8,212881,CHF
2020-01-09,CRYS,49.5,146095,CHF
2020-01-09,DELT,74.71,157547,EUR
2020-01-09,EDLW,41.5,271381,CHF
2020-01-09,FJRD,29.59,381562,USD
2020-01-09,GLAC,33.31,343474,CHF
2020-01-09,HLVT,59.02,332480,CHF
2020-01-09,IBEX,56.73,313107,EUR
2020-01-09,JURA,2'861.89,170419,CHF
2020-01-10,ALPN,94.53,211134,CHF
2020-01-10,BRGN,216.87,47960,CHF
2020-01-10,CRYS,48.39,358399,CHF
2020-01-10,DELT,74.16,111322,EUR
2020-01-10,EDLW,41.26,392962,CHF
2020-01-10,FJRD,29.56,284993,USD
2020-01-10,GLAC,33.52,62213,CHF
2020-01-10,HLVT,58.6,145965,CHF
2020-01-10,IBEX,56.33,377089,EUR
2020-01-10,JURA,2854.86,218581,CHF
2020-01-13,ALPN,93.38,214724,CHF
2020-01-13,BRGN,215.37,209846,CHF
2020-01-13,CRYS,47.6,181339,CHF
2020-01-13,DELT,72.67,95657,EUR
2020-01-13,EDLW,40.7,64686,CHF
2020-01-13,FJRD,29.96,222687,USD
2020-01-13,GLAC,33.18,173484,CHF
2020-01-13,HLVT,58.2,394918,CHF
2020-01-13,IBEX,55.14,292109,EUR
2020-01-13,JURA,2764.67,397070,CHF
2020-01-14,ALPN,92.4,160559,CHF
2020-01-14,BRGN,216.06,360402,CHF
2020-01-14,CRYS,47.3,347217,CHF
2020-01-14,DELT,73.32,389765,EUR
2020-01-14,EDLW,39.8,240336,CHF
2020-01-14,FJRD,30.06,315975,USD
2020-01-14,GLAC,33.88,139611,CHF
2020-01-14,HLVT,57.48,172319,CHF
2020-01-14,IBEX,54.99,247342,EUR
2020-01-14,JURA,2740.62,108238,CHF
2020-01-15,ALPN,92.5,373848,CHF
2020-01-15,BRGN,215.56,108039,CHF
2020-01-15,CRYS,45.48,318909,CHF
2020-01-15,DELT,72.77,64693,EUR
2020-01-15,EDLW,39.94,64151,CHF
2020-01-15,FJRD,29.72,69825,USD
2020-01-15,GLAC,33.46,155884,CHF
2020-01-15,HLVT,56.37,59673,CHF
2020-01-15,IBEX,54.22,63650,EUR
2020-01-15,JURA,2747.78,350449,CHF
2020-01-16,ALPN,92.4,76096,CHF
2020-01-16,BRGN,218.86,213990,CHF
2020-01-16,CRYS,45.89,195499,CHF
2020-01-16,DELT,72.32,42345,EUR
2020-01-16,EDLW,40.05,158354,CHF
2020-01-16,FJRD,29.67,170856,USD
2020-01-16,GLAC,33.09,202333,CHF
2020-01-16,HLVT,56.5,383482,CHF
2020-01-16,IBEX,53.94,339372,EUR
2020-01-16,JURA,2726.93,204348,CHF
2020-01-17,ALPN,92.26,276624,CHF
2020-01-17,BRGN,208.89,230427,CHF
2020-01-17,CRYS,45.74,113036,CHF
2020-01-17,DELT,72.73,388625,EUR
2020-01-17,EDLW,40.11,233102,CHF
2020-01-17,FJRD,29.26,255399,USD
2020-01-17,GLAC,32.88,274682,CHF
2020-01-17,HLVT,57.31,282768,CHF
2020-01-17,IBEX,53.38,174210,EUR
2020-01-17,JURA,2693.73,215158,CHF
2020-01-20,ALPN,92.74,49399,CHF
2020-01-20,BRGN,207.08,352579,CHF
2020-01-20,CRYS,46.2,334904,CHF
2020-01-20,DELT,72.8,135429,EUR
2020-01-20,EDLW,39.55,213578,CHF
2020-01-20,FJRD,29.44,238220,USD
2020-01-20,GLAC,33.16,55722,CHF
2020-01-20,HLVT,57.57,127636,CHF
2020-01-20,JURA,2668.9,324292,CHF
2020-01-21,ALPN,93.77,338119,CHF
2020-01-21,BRGN,206.66,283877,CHF
2020-01-21,CRYS,46.38,276391,CHF
2020-01-21,DELT,71.84,336177,EUR
2020-01-21,EDLW,39.84,235314,CHF
2020-01-21,FJRD,29.35,140816,USD
2020-01-21,GLAC,32.98,333509,CHF
2020-01-21,HLVT,57.36,135128,CHF
2020-01-21,IBEX,50.29,141333,EUR
2020-01-21,JURA,2665.26,42120,CHF
2020-01-22,ALPN,92.03,268021,CHF
2020-01-22,BRGN,206.79,358586,CHF
2020-01-22,CRYS,47.36,297568,CHF
2020-01-22,DELT,73.28,232659,EUR
2020-01-22,EDLW,40.0,171005,CHF
2020-01-22,FJRD,29.11,145998,USD
2020-01-22,GLAC,32.7,200202,CHF
2020-01-22,HLVT,57.49,335667,CHF
2020-01-22,IBEX,50.65,79774,EUR
2020-01-22,JURA,2667.71,167680,CHF
2020-01-23,ALPN,93.19,281727,CHF
2020-01-23,BRGN,210.1,291850,CHF
2020-01-23,CRYS,47.82,271412,CHF
2020-01-23,DELT,73.07,37050,EUR
2020-01-23,EDLW,40.95,385491,CHF
2020-01-23,FJRD,29.44,293758,USD
2020-01-23,GLAC,32.67,30590,CHF
2020-01-23,HLVT,58.4,58357,CHF
2020-01-23,IBEX,51.19,388690,EUR
2020-01-23,JURA,2648.34,66031,CHF
2020-01-24,ALPN,94.45,135935,CHF
2020-01-24,BRGN,207.79,97560,CHF
2020-01-24,CRYS,48.6,182122,CHF
2020-01-24,DELT,71.79,287819,EUR
2020-01-24,EDLW,40.33,84379,CHF
2020-01-24,FJRD,29.9,79744,USD
2020-01-24,GLAC,32.75,367551,CHF
2020-01-24,HLVT,59.66,359523,CHF
2020-01-24,IBEX,50.66,224937,EUR
2020-01-24,JURA,2706.98,269903,CHF
2020-01-27,ALPN,95.62,326516,CHF
2020-01-27,BRGN,210.07,184144,CHF
2020-01-27,CRYS,49.8,384601,CHF
2020-01-27,DELT,72.32,337348,EUR
2020-01-27,EDLW,41.0,280590,CHF
2020-01-27,FJRD,30.4,278836,USD
2020-01-27,GLAC,33.36,339165,CHF
2020-01-27,HLVT,61.09,122615,CHF
2020-01-27,IBEX,50.78,378504,EUR
2020-01-27,JURA,2746.1,186808,CHF
2020-01-28,ALPN,97.31,69954,CHF
2020-01-28,BRGN,213.12,285618,CHF
2020-01-28,CRYS,51.32,21698,CHF
2020-01-28,DELT,73.02,326698,EUR
2020-01-28,EDLW,41.49,311313,CHF
2020-01-28,FJRD,30.49,227508,USD
2020-01-28,GLAC,33.99,306228,CHF
2020-01-28,HLVT,62.0,356372,CHF
2020-01-28,IBEX,52.59,114281,EUR
2020-01-28,JURA,2808.87,264694,CHF
2020-01-29,ALPN,98.55,154924,CHF
2020-01-29,BRGN,214.5,221005,CHF
2020-01-29,CRYS,51.78,198467,CHF
2020-01-29,DELT,72.18,196009,EUR
2020-01-29,EDLW,42.06,386730,CHF
2020-01-29,FJRD,30.93,95626,USD
2020-01-29,GLAC,34.15,112502,CHF
2020-01-29,HLVT,62.66,212321,CHF
2020-01-29,IBEX,53.22,37102,EUR
2020-01-29,JURA,2855.7,328700,CHF
2020-01-30,ALPN,98.08,293084,CHF
2020-01-30,BRGN,211.1,242508,CHF
2020-01-30,CRYS,52.04,339656,CHF
2020-01-30,DELT,73.23,275392,EUR
2020-01-30,EDLW,41.41,373840,CHF
2020-01-30,FJRD,30.1,399430,USD
2020-01-30,GLAC,33.47,317267,CHF
2020-01-30,HLVT,63.03,55581,CHF
2020-01-30,IBEX,53.4,151200,EUR
2020-01-30,JURA,2800.02,163053,CHF
2020-01-31,ALPN,97.1,319005,CHF
2020-01-31,BRGN,204.94,81824,CHF
2020-01-31,CRYS,52.29,121511,CHF
2020-01-31,DELT,73.88,56879,EUR
2020-01-31,EDLW,41.38,127234,CHF
2020-01-31,FJRD,30.29,131958,USD
2020-01-31,GLAC,33.3,135362,CHF
2020-01-31,HLVT,64.34,184693,CHF
2020-01-31,IBEX,52.38,49655,EUR
2020-01-31,JURA,2844.3,151037,CHF
2020-02-03,ALPN,98.12,70452,CHF
2020-02-03,BRGN,201.86,86005,CHF
2020-02-03,CRYS,51.89,53926,CHF
2020-02-03,DELT,73.87,296337,EUR
2020-02-03,EDLW,40.99,273706,CHF
2020-02-03,FJRD,30.54,130236,USD
2020-02-03,GLAC,33.36,126823,CHF
2020-02-03,HLVT,64.27,360377,CHF
2020-02-03,IBEX,51.68,79854,EUR
2020-02-03,JURA,2843.86,254185,CHF
2020-02-04,ALPN,95.69,208069,CHF
2020-02-04,BRGN,203.46,168959,CHF
2020-02-04,CRYS,52.87,153674,CHF
2020-02-04,DELT,73.16,318922,EUR
2020-02-04,EDLW,40.71,263944,CHF
2020-02-04,FJRD,30.54,146945,USD
2020-02-04,GLAC,32.75,83642,CHF
2020-02-04,IBEX,51.17,79479,EUR
2020-02-04,JURA,2850.74,271842,CHF
2020-02-05,ALPN,96.38,303837,CHF
2020-02-05,BRGN,201.99,53537,CHF
2020-02-05,CRYS,52.8,238619,CHF
2020-02-05,DELT,73.46,386161,EUR
2020-02-05,EDLW,39.75,368626,CHF
2020-02-05,FJRD,29.77,88757,USD
2020-02-05,GLAC,32.25,66620,CHF
2020-02-05,HLVT,63.95,58366,CHF
2020-02-05,IBEX,50.89,274444,EUR
2020-02-05,JURA,2811.27,222845,CHF
2020-02-06,ALPN,97.05,270389,CHF
2020-02-06,BRGN,203.84,319041,CHF
2020-02-06,CRYS,54.07,302004,CHF
2020-02-06,DELT,75.26,353908,EUR
2020-02-06,EDLW,40.39,162594,CHF
2020-02-06,FJRD,30.16,62443,USD
2020-02-06,GLAC,32.77,286301,CHF
2020-02-06,HLVT,65.72,188141,CHF
2020-02-06,IBEX,52.13,122091,EUR
2020-02-06,JURA,2'813.30,124618,CHF
2020-02-07,ALPN,98.0,105989,CHF
2020-02-07,BRGN,202.24,154618,CHF
2020-02-07,CRYS,54.9,351767,CHF
2020-02-07,DELT,76.98,397346,EUR
2020-02-07,EDLW,40.71,257760,CHF
2020-02-07,FJRD,30.34,384243,USD
2020-02-07,GLAC,33.12,228142,CHF
2020-02-07,HLVT,65.9,226007,CHF
2020-02-07,IBEX,51.84,363710,EUR
2020-02-07,JURA,2819.08,270297,CHF
2020-02-10,ALPN,99.13,167333,CHF
2020-02-10,BRGN,201.36,204806,CHF
2020-02-10,CRYS,54.56,280082,CHF
2020-02-10,DELT,76.7,360426,EUR
2020-02-10,EDLW,40.09,334920,CHF
2020-02-10,FJRD,30.42,283849,USD
2020-02-10,GLAC,32.48,178255,CHF
2020-02-10,HLVT,65.92,296823,CHF
2020-02-10,IBEX,51.25,47524,EUR
2020-02-10,JURA,2840.84,321971,CHF
2020-02-11,ALPN,99.77,120671,CHF
2020-02-11,BRGN,200.3,282609,CHF
2020-02-11,CRYS,54.45,396959,CHF
2020-02-11,DELT,74.64,225543,EUR
2020-02-11,EDLW,40.16,245371,CHF
2020-02-11,FJRD,29.93,62817,USD
2020-02-11,GLAC,32.38,130298,CHF
2020-02-11,HLVT,64.37,52412,CHF
2020-02-11,IBEX,50.66,301734,EUR
2020-02-11,JURA,2867.1,65517,CHF
2020-02-12,ALPN,100.22,80846,CHF
2020-02-12,BRGN,199.63,48342,CHF
2020-02-12,CRYS,54.19,293143,CHF
2020-02-12,DELT,74.18,162966,EUR
2020-02-12,EDLW,39.16,100972,CHF
2020-02-12,FJRD,30.34,176783,USD
2020-02-12,GLAC,32.72,130588,CHF
2020-02-12,HLVT,63.37,301768,CHF
2020-02-12,IBEX,49.48,204904,EUR
2020-02-12,JURA,2840.54,375877,CHF
2020-02-13,ALPN,98.23,172032,CHF
2020-02-13,BRGN,199.52,302792,CHF
2020-02-13,CRYS,51.83,296468,CHF
2020-02-13,DELT,72.33,209577,EUR
2020-02-13,EDLW,38.22,228516,CHF
2020-02-13,FJRD,29.43,186437,USD
2020-02-13,GLAC,32.68,235295,CHF
2020-02-13,HLVT,62.3,183694,CHF
2020-02-13,IBEX,48.79,253394,EUR
2020-02-13,JURA,2761.22,390832,CHF
2020-02-14,ALPN,99.28,379870,CHF
2020-02-14,BRGN,200.22,192766,CHF
2020-02-14,CRYS,52.16,101112,CHF
2020-02-14,DELT,73.44,316108,EUR
2020-02-14,EDLW,38.22,128466,CHF
2020-02-14,FJRD,29.43,42017,USD
2020-02-14,GLAC,33.02,379940,CHF
2020-02-14,HLVT,63.79,245201,CHF
2020-02-14,IBEX,48.53,331047,EUR
2020-02-14,JURA,2770.29,319528,CHF
2020-02-17,ALPN,101.23,70319,CHF
2020-02-17,BRGN,200.22,195066,CHF
2020-02-17,CRYS,52.11,346226,CHF
2020-02-17,DELT,74.28,313890,EUR
2020-02-17,EDLW,38.73,28145,CHF
2020-02-17,FJRD,29.22,341930,USD
2020-02-17,GLAC,33.16,129514,CHF
2020-02-17,HLVT,64.23,340263,CHF
2020-02-17,IBEX,48.81,201349,EUR
2020-02-17,JURA,2807.6,318277,CHF
2020-02-18,BRGN,199.06,195035,CHF
2020-02-18,CRYS,51.91,102357,CHF
2020-02-18,DELT,73.63,22297,EUR
2020-02-18,EDLW,38.98,117992,CHF
2020-02-18,FJRD,28.5,286837,USD
2020-02-18,GLAC,32.08,306661,CHF
2020-02-18,HLVT,62.84,24661,CHF
2020-02-18,IBEX,47.77,262244,EUR
2020-02-18,JURA,2762.9,382214,CHF
2020-02-19,ALPN,97.04,343892,CHF
2020-02-19,BRGN,197.41,104937,CHF
2020-02-19,CRYS,51.65,116211,CHF
2020-02-19,DELT,71.18,184904,EUR
2020-02-19,EDLW,38.38,101247,CHF
2020-02-19,FJRD,28.75,77006,USD
2020-02-19,GLAC,31.45,393264,CHF
2020-02-19,HLVT,62.44,323656,CHF
2020-02-19,IBEX,46.93,61714,EUR
2020-02-19,JURA,2749.24,341789,CHF
2020-02-20,ALPN,100.57,300761,CHF
2020-02-20,BRGN,197.78,335747,CHF
2020-02-20,CRYS,51.38,260754,CHF
2020-02-20,DELT,70.48,136529,EUR
2020-02-20,EDLW,38.98,88081,CHF
2020-02-20,FJRD,29.93,185735,USD
2020-02-20,GLAC,31.9,207685,CHF
2020-02-20,HLVT,62.87,338544,CHF
2020-02-20,IBEX,47.74,361484,EUR
2020-02-20,JURA,2835.27,335493,CHF
2020-02-21,ALPN,100.41,126576,CHF
2020-02-21,BRGN,199.75,330918,CHF
2020-02-21,CRYS,52.01,242048,CHF
2020-02-21,DELT,69.95,38859,EUR
2020-02-21,EDLW,38.41,146447,CHF
2020-02-21,FJRD,30.22,99640,USD
2020-02-21,GLAC,32.39,378288,CHF
2020-02-21,HLVT,63.89,296633,CHF
2020-02-21,IBEX,48.37,179950,EUR
2020-02-21,JURA,2827.47,26043,CHF
2020-02-24,ALPN,99.05,28775,CHF
2020-02-24,BRGN,203.2,186083,CHF
2020-02-24,CRYS,51.89,378979,CHF
2020-02-24,DELT,69.53,366071,EUR
2020-02-24,EDLW,39.02,112502,CHF
2020-02-24,FJRD,29.99,75459,USD
2020-02-24,GLAC,32.25,314497,CHF
2020-02-24,HLVT,62.83,59682,CHF
2020-02-24,IBEX,48.13,61013,EUR
2020-02-24,JURA,2818.42,102935,CHF
2020-02-25,ALPN,99.8,122334,CHF
2020-02-25,BRGN,204.07,42822,CHF
2020-02-25,CRYS,50.06,113525,CHF
2020-02-25,DELT,69.75,75000,EUR
2020-02-25,EDLW,39.12,375255,CHF
2020-02-25,FJRD,29.72,242050,USD
2020-02-25,GLAC,32.8,160158,CHF
2020-02-25,HLVT,62.58,156862,CHF
2020-02-25,IBEX,47.08,111687,EUR
2020-02-25,JURA,2732.15,222124,CHF
2020-02-26,ALPN,102.79,335637,CHF
2020-02-26,BRGN,203.2,103896,CHF
2020-02-26,CRYS,50.1,382025,CHF
2020-02-26,DELT,70.88,274335,EUR
2020-02-26,EDLW,38.96,278841,CHF
2020-02-26,FJRD,30.4,193752,USD
2020-02-26,GLAC,33.66,161927,CHF
2020-02-26,HLVT,64.06,139339,CHF
2020-02-26,IBEX,47.8,177366,EUR
2020-02-26,JURA,2776.3,104382,CHF
2020-02-27,ALPN,103.79,202762,CHF
2020-02-27,BRGN,202.45,144266,CHF
2020-02-27,CRYS,51.57,81613,CHF
2020-02-27,DELT,72.33,200796,EUR
2020-02-27,EDLW,39.26,30878,CHF
2020-02-27,FJRD,30.84,182542,USD
2020-02-27,GLAC,34.03,355866,CHF
2020-02-27,HLVT,64.89,135383,CHF
2020-02-27,IBEX,48.91,174673,EUR
2020-02-27,JURA,2766.77,150571,CHF
2020-02-28,ALPN,108.69,86880,CHF
2020-02-28,BRGN,204.88,84655,CHF
2020-02-28,CRYS,52.11,100353,CHF
2020-02-28,DELT,75.72,326540,EUR
2020-02-28,EDLW,39.82,92307,CHF
2020-02-28,FJRD,31.25,272631,USD
2020-02-28,GLAC,36.04,216825,CHF
2020-02-28,HLVT,66.78,170917,CHF
2020-02-28,IBEX,48.69,85850,EUR
2020-02-28,JURA,2816.09,189023,CHF
2020-03-02,ALPN,108.97,46267,CHF
2020-03-02,BRGN,205.32,327445,CHF
2020-03-02,CRYS,51.96,45741,CHF
2020-03-02,DELT,76.98,164363,EUR
2020-03-02,EDLW,39.93,350858,CHF
2020-03-02,FJRD,31.48,179481,USD
2020-03-02,GLAC,35.71,346212,CHF
2020-03-02,HLVT,66.67,395171,CHF
2020-03-02,IBEX,48.65,155526,EUR
2020-03-02,JURA,2836.03,88412,CHF
2020-03-03,ALPN,105.56,276508,CHF
2020-03-03,BRGN,206.97,290829,CHF
2020-03-03,CRYS,50.04,261332,CHF
2020-03-03,DELT,75.62,86716,EUR
2020-03-03,EDLW,40.32,121423,CHF
2020-03-03,FJRD,30.91,240372,USD
2020-03-03,GLAC,34.11,337025,CHF
2020-03-03,HLVT,64.53,210559,CHF
2020-03-03,IBEX,48.33,341212,EUR
2020-03-03,JURA,2771.92,234152,CHF
2020-03-04,ALPN,108.1,134736,CHF
2020-03-04,BRGN,212.43,126648,CHF
2020-03-04,CRYS,50.55,62720,CHF
2020-03-04,DELT,77.76,396941,EUR
2020-03-04,EDLW,40.36,303840,CHF
2020-03-04,FJRD,31.66,326617,USD
2020-03-04,GLAC,34.45,135066,CHF
2020-03-04,HLVT,65.41,54788,CHF
2020-03-04,HLVT,65.41,54788,CHF
2020-03-04,IBEX,48.75,314491,EUR
2020-03-04,JURA,2809.1,184884,CHF
2020-03-05,ALPN,106.04,244156,CHF
2020-03-05,BRGN,210.58,335271,CHF
2020-03-05,CRYS,49.27,127956,CHF
2020-03-05,DELT,76.28,49579,EUR
2020-03-05,EDLW,40.0,25240,CHF
2020-03-05,FJRD,30.99,348848,USD
2020-03-05,GLAC,33.84,303737,CHF
2020-03-05,HLVT,64.84,210642,CHF
2020-03-05,IBEX,48.72,300911,EUR
2020-03-05,JURA,2'857.02,215664,CHF
2020-03-06,ALPN,107.25,289311,CHF
2020-03-06,BRGN,211.75,198526,CHF
2020-03-06,CRYS,48.99,310511,CHF
2020-03-06,DELT,79.98,310501,EUR
2020-03-06,EDLW,40.07,157944,CHF
2020-03-06,FJRD,30.8,91603,USD
2020-03-06,GLAC,34.54,62974,CHF
2020-03-06,HLVT,64.84,137572,CHF
2020-03-06,IBEX,48.39,356508,EUR
2020-03-06,JURA,2901.58,60652,CHF
2020-03-09,ALPN,109.26,280167,CHF
2020-03-09,BRGN,212.04,309603,CHF
2020-03-09,CRYS,48.03,398818,CHF
2020-03-09,DELT,79.36,255676,EUR
2020-03-09,EDLW,40.5,74301,CHF
2020-03-09,FJRD,31.26,233641,USD
2020-03-09,GLAC,35.08,71936,CHF
2020-03-09,HLVT,64.21,208020,CHF
2020-03-09,IBEX,48.95,349406,EUR
2020-03-09,JURA,2862.96,254290,CHF
2020-03-10,ALPN,109.45,202808,CHF
2020-03-10,BRGN,212.25,281746,CHF
2020-03-10,CRYS,47.41,115464,CHF
2020-03-10,DELT,79.31,84153,EUR
2020-03-10,EDLW,40.15,83809,CHF
2020-03-10,FJRD,30.77,75408,USD
2020-03-10,GLAC,35.23,243369,CHF
2020-03-10,HLVT,64.65,257601,CHF
2020-03-10,IBEX,48.46,259432,EUR
2020-03-10,JURA,2876.16,66273,CHF
2020-03-11,ALPN,109.43,61253,CHF
2020-03-11,BRGN,211.67,316582,CHF
2020-03-11,CRYS,47.32,320111,CHF
2020-03-11,DELT,77.82,119567,EUR
2020-03-11,EDLW,39.85,305016,CHF
2020-03-11,FJRD,30.38,164728,USD
2020-03-11,GLAC,35.47,320979,CHF
2020-03-11,HLVT,65.56,110409,CHF
2020-03-11,IBEX,49.03,363062,EUR
2020-03-11,JURA,2854.49,212500,CHF
2020-03-11,JURA,2854.49,212500,CHF
2020-03-12,ALPN,108.05,111986,CHF
2020-03-12,BRGN,207.34,22896,CHF
2020-03-12,CRYS,46.13,340949,CHF
2020-03-12,DELT,75.68,221358,EUR
2020-03-12,EDLW,40.27,268053,CHF
2020-03-12,FJRD,30.64,79278,USD
2020-03-12,GLAC,35.48,65929,CHF
2020-03-12,HLVT,65.49,165255,CHF
2020-03-12,IBEX,49.21,88780,EUR
2020-03-12,JURA,2813.74,323251,CHF
2020-03-13,ALPN,109.14,268738,CHF
2020-03-13,BRGN,206.77,349967,CHF
2020-03-13,CRYS,46.84,299400,CHF
2020-03-13,DELT,74.06,77638,EUR
2020-03-13,EDLW,39.99,376222,CHF
2020-03-13,FJRD,30.91,191351,USD
2020-03-13,GLAC,35.65,369004,CHF
2020-03-13,HLVT,66.62,377608,CHF
2020-03-13,IBEX,49.28,251470,EUR
2020-03-13,JURA,2840.56,236064,CHF
2020-03-16,ALPN,107.68,371479,CHF
2020-03-16,BRGN,209.33,46037,CHF
2020-03-16,CRYS,46.24,314259,CHF
2020-03-16,DELT,74.05,324697,EUR
2020-03-16,EDLW,40.09,308204,CHF
2020-03-16,FJRD,30.48,244165,USD
2020-03-16,GLAC,34.95,34561,CHF
2020-03-16,HLVT,65.5,38156,CHF
2020-03-16,IBEX,49.1,181175,EUR
2020-03-16,JURA,2865.07,337764,CHF
2020-03-17,ALPN,105.71,234482,CHF
2020-03-17,BRGN,200.9,85869,CHF
2020-03-17,CRYS,46.08,60064,CHF
2020-03-17,DELT,73.3,119530,EUR
2020-03-17,EDLW,40.16,374597,CHF
2020-03-17,FJRD,29.64,268086,USD
2020-03-17,GLAC,34.82,184580,CHF
2020-03-17,HLVT,65.48,363909,CHF
2020-03-17,IBEX,49.19,253513,EUR
2020-03-17,JURA,2884.01,68200,CHF
2020-03-18,ALPN,106.38,48147,CHF
2020-03-18,BRGN,201.84,313643,CHF
2020-03-18,CRYS,46.79,154680,CHF
2020-03-18,DELT,73.01,21139,EUR
2020-03-18,EDLW,40.99,250158,CHF
2020-03-18,FJRD,29.36,392898,USD
2020-03-18,GLAC,34.82,226982,CHF
2020-03-18,HLVT,65.15,315210,CHF
2020-03-18,IBEX,49.84,228813,EUR
2020-03-18,JURA,2886.76,65262,CHF
2020-03-19,ALPN,105.93,284178,CHF
2020-03-19,BRGN,203.75,354999,CHF
2020-03-19,CRYS,46.35,213663,CHF
2020-03-19,DELT,70.34,358860,EUR
2020-03-19,EDLW,41.2,52178,CHF
2020-03-19,FJRD,30.09,318204,USD
2020-03-19,GLAC,34.05,77990,CHF
2020-03-19,HLVT,65.55,304479,CHF
2020-03-19,IBEX,49.77,44705,EUR
2020-03-19,JURA,2844.12,228260,CHF
2020-03-20,ALPN,107.06,206068,CHF
2020-03-20,BRGN,208.79,28861,CHF
2020-03-20,CRYS,46.73,193404,CHF
2020-03-20,DELT,70.78,58595,EUR
2020-03-20,EDLW,41.62,253635,CHF
2020-03-20,FJRD,30.35,376180,USD
2020-03-20,GLAC,34.37,160101,CHF
2020-03-20,HLVT,67.33,382570,CHF
2020-03-20,IBEX,50.99,23430,EUR
2020-03-20,JURA,2883.93,21096,CHF
2020-03-23,ALPN,107.94,309866,CHF
2020-03-23,BRGN,209.59,71247,CHF
2020-03-23,CRYS,46.96,362582,CHF
2020-03-23,DELT,69.7,330021,EUR
2020-03-23,EDLW,41.31,251960,CHF
2020-03-23,FJRD,30.46,107205,USD
2020-03-23,GLAC,34.34,339947,CHF
2020-03-23,HLVT,67.51,241673,CHF
2020-03-23,IBEX,50.5,149352,EUR
2020-03-23,JURA,2880.6,165372,CHF
2020-03-24,ALPN,106.89,187717,CHF
2020-03-24,BRGN,209.01,235472,CHF
2020-03-24,CRYS,46.92,32303,CHF
2020-03-24,DELT,70.11,318098,EUR
2020-03-24,EDLW,41.08,145432,CHF
2020-03-24,FJRD,29.29,284443,USD
2020-03-24,GLAC,33.43,299989,CHF
2020-03-24,HLVT,66.45,191130,CHF
2020-03-24,IBEX,50.66,257283,EUR
2020-03-24,JURA,2853.39,33751,CHF
2020-03-25,ALPN,106.61,137153,CHF
2020-03-25,BRGN,207.87,363678,CHF
2020-03-25,CRYS,47.35,120775,CHF
2020-03-25,DELT,69.78,169618,EUR
2020-03-25,EDLW,41.45,212492,CHF
2020-03-25,FJRD,29.77,77336,USD
2020-03-25,GLAC,33.57,126132,CHF
2020-03-25,HLVT,65.83,387399,CHF
2020-03-25,IBEX,50.06,270903,EUR
2020-03-25,JURA,2831.17,328643,CHF
2020-03-26,ALPN,107.18,44932,CHF
2020-03-26,BRGN,204.11,146164,CHF
2020-03-26,CRYS,47.16,59223,CHF
2020-03-26,DELT,69.71,173348,EUR
2020-03-26,EDLW,40.97,340220,CHF
2020-03-26,FJRD,29.45,250791,USD
2020-03-26,GLAC,34.12,146320,CHF
2020-03-26,HLVT,65.78,261189,CHF
2020-03-26,IBEX,49.89,273108,EUR
2020-03-26,JURA,2835.2,329047,CHF
2020-03-27,ALPN,109.52,232747,CHF
2020-03-27,BRGN,206.43,181383,CHF
2020-03-27,CRYS,47.56,278068,CHF
2020-03-27,DELT,73.44,133568,EUR
2020-03-27,EDLW,42.14,103280,CHF
2020-03-27,FJRD,30.73,189956,USD
2020-03-27,GLAC,35.49,373488,CHF
2020-03-27,HLVT,66.63,57038,CHF
2020-03-27,IBEX,50.89,115785,EUR
2020-03-27,JURA,2884.21,276904,CHF
2020-03-30,ALPN,111.21,301947,CHF
2020-03-30,BRGN,210.13,44957,CHF
2020-03-30,CRYS,47.98,137168,CHF
2020-03-30,DELT,74.97,369186,EUR
2020-03-30,EDLW,43.18,180752,CHF
2020-03-30,FJRD,30.57,178115,USD
2020-03-30,GLAC,35.38,22071,CHF
2020-03-30,HLVT,66.08,299753,CHF
2020-03-30,IBEX,49.63,196447,EUR
2020-03-30,JURA,2936.9,396792,CHF
2020-03-31,ALPN,110.84,251686,CHF
2020-03-31,BRGN,210.8,158924,CHF
2020-03-31,CRYS,48.05,86043,CHF
2020-03-31,DELT,74.15,69011,EUR
2020-03-31,EDLW,42.74,217519,CHF
2020-03-31,FJRD,29.89,71173,USD
2020-03-31,HLVT,66.78,389711,CHF
2020-03-31,IBEX,48.14,287377,EUR
2020-03-31,JURA,2910.39,89630,CHF
2020-04-01,ALPN,111.17,196151,CHF
2020-04-01,BRGN,212.44,368434,CHF
2020-04-01,CRYS,47.61,282308,CHF
2020-04-01,DELT,76.02,215829,EUR
2020-04-01,EDLW,42.77,138659,CHF
2020-04-01,FJRD,30.26,263752,USD
2020-04-01,GLAC,35.59,42422,CHF
2020-04-01,HLVT,68.96,364634,CHF
2020-04-01,IBEX,49.58,77083,EUR
2020-04-01,JURA,2981.31,396408,CHF
2020-04-02,ALPN,113.16,272565,CHF
2020-04-02,BRGN,212.88,379478,CHF
2020-04-02,CRYS,47.22,370397,CHF
2020-04-02,DELT,76.62,188601,EUR
2020-04-02,EDLW,42.8,60388,CHF
2020-04-02,FJRD,31.06,118024,USD
2020-04-02,GLAC,35.37,120513,CHF
2020-04-02,HLVT,68.93,152727,CHF
2020-04-02,IBEX,49.23,193098,EUR
2020-04-02,JURA,2'964.23,20094,CHF
2020-04-03,ALPN,110.98,177600,CHF
2020-04-03,BRGN,214.02,133355,CHF
2020-04-03,CRYS,46.76,268984,CHF
2020-04-03,DELT,75.47,159895,EUR
2020-04-03,EDLW,43.11,300375,CHF
2020-04-03,FJRD,30.17,313070,USD
2020-04-03,GLAC,35.79,246521,CHF
2020-04-03,HLVT,69.74,250073,CHF
2020-04-03,IBEX,49.52,371894,EUR
2020-04-03,JURA,2988.74,101392,CHF
2020-04-06,ALPN,111.2,270983,CHF
2020-04-06,BRGN,212.49,366590,CHF
2020-04-06,CRYS,46.52,344240,CHF
2020-04-06,DELT,74.6,236724,EUR
2020-04-06,EDLW,42.92,290293,CHF
2020-04-06,FJRD,29.58,62275,USD
2020-04-06,GLAC,34.92,198581,CHF
2020-04-06,HLVT,69.55,307029,CHF
2020-04-06,IBEX,49.18,387406,EUR
2020-04-06,JURA,3006.25,315931,CHF
2020-04-07,BRGN,214.73,211392,CHF
2020-04-07,CRYS,47.71,91184,CHF
2020-04-07,DELT,76.03,176562,EUR
2020-04-07,EDLW,43.23,162598,CHF
2020-04-07,FJRD,30.72,75839,USD
2020-04-07,GLAC,36.72,285020,CHF
2020-04-07,HLVT,70.78,255562,CHF
2020-04-07,IBEX,50.02,393412,EUR
2020-04-07,JURA,3123.58,232558,CHF
2020-04-08,ALPN,111.74,377305,CHF
2020-04-08,BRGN,211.54,129502,CHF
2020-04-08,CRYS,46.69,32730,CHF
2020-04-08,DELT,74.6,361259,EUR
2020-04-08,EDLW,42.55,259117,CHF
2020-04-08,FJRD,30.23,59094,USD
2020-04-08,GLAC,36.18,244474,CHF
2020-04-08,HLVT,69.48,179290,CHF
2020-04-08,IBEX,49.24,385613,EUR
2020-04-08,JURA,3073.47,156448,CHF
2020-04-09,ALPN,110.67,284218,CHF
2020-04-09,BRGN,212.77,219975,CHF
2020-04-09,CRYS,46.25,267150,CHF
2020-04-09,DELT,74.84,22169,EUR
2020-04-09,EDLW,43.19,298373,CHF
2020-04-09,FJRD,30.45,90841,USD
2020-04-09,GLAC,36.67,246686,CHF
2020-04-09,HLVT,68.41,155606,CHF
2020-04-09,IBEX,48.62,109155,EUR
2020-04-09,JURA,3108.64,177255,CHF
2020-04-10,ALPN,111.32,182682,CHF
2020-04-10,BRGN,217.99,79868,CHF
2020-04-10,CRYS,46.33,378517,CHF
2020-04-10,DELT,76.04,306620,EUR
2020-04-10,EDLW,42.57,185021,CHF
2020-04-10,FJRD,30.88,84256,USD
2020-04-10,GLAC,37.83,349073,CHF
2020-04-10,HLVT,68.66,391210,CHF
2020-04-10,IBEX,48.75,52211,EUR
2020-04-10,JURA,3123.64,37303,CHF
2020-04-13,ALPN,110.3,151746,CHF
2020-04-13,BRGN,218.65,238425,CHF
2020-04-13,CRYS,45.56,387938,CHF
2020-04-13,DELT,75.29,256805,EUR
2020-04-13,EDLW,41.93,313057,CHF
2020-04-13,FJRD,30.02,247433,USD
2020-04-13,GLAC,36.94,195126,CHF
2020-04-13,HLVT,69.62,165627,CHF
2020-04-13,IBEX,47.74,125433,EUR
2020-04-13,JURA,3092.61,90232,CHF
2020-04-14,ALPN,112.56,326316,CHF
2020-04-14,BRGN,218.59,385530,CHF
2020-04-14,CRYS,45.5,123100,CHF
2020-04-14,DELT,77.61,80479,EUR
2020-04-14,EDLW,43.12,69322,CHF
2020-04-14,FJRD,30.8,119779,USD
2020-04-14,GLAC,38.26,108884,CHF
2020-04-14,HLVT,70.08,157225,CHF
2020-04-14,IBEX,48.51,334590,EUR
2020-04-14,JURA,3167.11,212918,CHF
2020-04-15,ALPN,112.41,221319,CHF
2020-04-15,BRGN,218.18,308027,CHF
2020-04-15,CRYS,45.09,245228,CHF
2020-04-15,DELT,77.95,143502,EUR
2020-04-15,EDLW,42.67,64177,CHF
2020-04-15,FJRD,30.47,296455,USD
2020-04-15,GLAC,38.39,380833,CHF
2020-04-15,HLVT,69.71,396526,CHF
2020-04-15,IBEX,49.15,344503,EUR
2020-04-15,JURA,3143.02,387572,CHF
2020-04-16,ALPN,111.87,371920,CHF
2020-04-16,BRGN,215.66,265469,CHF
2020-04-16,CRYS,44.93,261845,CHF
2020-04-16,DELT,75.94,186467,EUR
2020-04-16,EDLW,42.36,160782,CHF
2020-04-16,FJRD,30.28,102943,USD
2020-04-16,GLAC,38.13,151905,CHF
2020-04-16,HLVT,68.47,98699,CHF
2020-04-16,IBEX,47.98,295843,EUR
2020-04-16,JURA,3164.62,143515,CHF
2020-04-17,ALPN,115.93,388887,CHF
2020-04-17,BRGN,222.0,293874,CHF
2020-04-17,CRYS,47.33,380924,CHF
2020-04-17,DELT,76.53,349742,EUR
2020-04-17,EDLW,43.56,294194,CHF
2020-04-17,FJRD,30.98,89032,USD
2020-04-17,GLAC,39.28,372046,CHF
2020-04-17,HLVT,70.7,256575,CHF
2020-04-17,IBEX,49.15,132927,EUR
2020-04-17,JURA,3232.38,112615,CHF
2020-04-20,ALPN,118.18,327188,CHF
2020-04-20,BRGN,225.09,198770,CHF
2020-04-20,CRYS,47.43,304490,CHF
2020-04-20,DELT,77.92,307597,EUR
2020-04-20,EDLW,43.09,60509,CHF
2020-04-20,FJRD,30.7,321865,USD
2020-04-20,GLAC,38.93,20513,CHF
2020-04-20,HLVT,69.3,169886,CHF
2020-04-20,IBEX,48.51,182016,EUR
2020-04-20,JURA,3234.44,39939,CHF
2020-04-21,ALPN,118.18,341903,CHF
2020-04-21,BRGN,223.76,345609,CHF
2020-04-21,CRYS,47.42,114502,CHF
2020-04-21,DELT,77.34,332809,EUR
2020-04-21,EDLW,42.8,203629,CHF
2020-04-21,FJRD,30.74,277703,USD
2020-04-21,GLAC,39.2,392518,CHF
2020-04-21,HLVT,69.4,270489,CHF
2020-04-21,IBEX,48.76,179499,EUR
2020-04-21,JURA,3201.75,214092,CHF
2020-04-22,ALPN,115.78,174467,CHF
2020-04-22,BRGN,227.48,387579,CHF
2020-04-22,CRYS,46.8,258084,CHF
2020-04-22,DELT,76.37,168803,EUR
2020-04-22,EDLW,43.28,183468,CHF
2020-04-22,FJRD,30.38,185713,USD
2020-04-22,GLAC,39.08,147853,CHF
2020-04-22,HLVT,68.49,275017,CHF
2020-04-22,IBEX,50.19,145393,EUR
2020-04-22,JURA,3234.72,130678,CHF
2020-04-23,ALPN,112.62,175369,CHF
2020-04-23,BRGN,228.0,97661,CHF
2020-04-23,CRYS,46.83,44006,CHF
2020-04-23,DELT,75.24,135954,EUR
2020-04-23,EDLW,43.26,250114,CHF
2020-04-23,FJRD,30.08,23113,USD
2020-04-23,GLAC,39.59,164269,CHF
2020-04-23,HLVT,69.32,245254,CHF
2020-04-23,IBEX,49.81,260284,EUR
2020-04-23,JURA,3226.02,204367,CHF
2020-04-24,ALPN,113.79,101514,CHF
2020-04-24,BRGN,227.88,287777,CHF
2020-04-24,CRYS,47.98,57337,CHF
2020-04-24,DELT,77.71,160899,EUR
2020-04-24,EDLW,42.97,100301,CHF
2020-04-24,FJRD,29.89,220936,USD
2020-04-24,GLAC,39.18,355657,CHF
2020-04-24,HLVT,70.05,176737,CHF
2020-04-24,IBEX,50.25,131262,EUR
2020-04-24,JURA,3243.66,59608,CHF
2020-04-27,ALPN,113.4,193711,CHF
2020-04-27,BRGN,224.63,382218,CHF
2020-04-27,CRYS,47.53,249174,CHF
2020-04-27,DELT,76.64,158275,EUR
2020-04-27,EDLW,43.51,287997,CHF
2020-04-27,FJRD,30.04,66056,USD
2020-04-27,GLAC,39.2,250484,CHF
2020-04-27,HLVT,70.06,338231,CHF
2020-04-27,IBEX,50.19,172686,EUR
2020-04-27,JURA,3180.09,233796,CHF
2020-04-28,ALPN,112.39,155399,CHF
2020-04-28,BRGN,226.19,174547,CHF
2020-04-28,CRYS,47.31,394927,CHF
2020-04-28,DELT,77.68,272261,EUR
2020-04-28,EDLW,44.05,304226,CHF
2020-04-28,FJRD,30.05,121643,USD
2020-04-28,GLAC,39.33,191022,CHF
2020-04-28,HLVT,71.93,58904,CHF
2020-04-28,IBEX,48.88,75729,EUR
2020-04-28,JURA,3201.17,160925,CHF
2020-04-29,ALPN,114.17,319048,CHF
2020-04-29,BRGN,230.47,289118,CHF
2020-04-29,CRYS,47.64,140709,CHF
2020-04-29,DELT,78.02,25198,EUR
2020-04-29,EDLW,43.56,98320,CHF
2020-04-29,FJRD,30.91,203621,USD
2020-04-29,GLAC,39.89,158979,CHF
2020-04-29,HLVT,71.4,296520,CHF
2020-04-29,IBEX,48.8,191902,EUR
2020-04-29,JURA,3167.25,236143,CHF
2020-04-30,ALPN,113.2,121853,CHF
2020-04-30,BRGN,232.23,135851,CHF
2020-04-30,CRYS,47.62,67646,CHF
2020-04-30,DELT,76.41,185257,EUR
2020-04-30,EDLW,44.23,178279,CHF
2020-04-30,FJRD,29.58,373872,USD
2020-04-30,GLAC,39.03,150984,CHF
2020-04-30,HLVT,71.03,24529,CHF
2020-04-30,IBEX,48.97,254566,EUR
2020-04-30,JURA,3'178.42,50430,CHF
2020-05-01,ALPN,115.27,251430,CHF
2020-05-01,BRGN,233.78,282980,CHF
2020-05-01,CRYS,48.71,192314,CHF
2020-05-01,DELT,76.17,225339,EUR
2020-05-01,EDLW,44.26,111049,CHF
2020-05-01,FJRD,30.11,152836,USD
2020-05-01,GLAC,39.36,392390,CHF
2020-05-01,HLVT,71.07,152182,CHF
2020-05-01,IBEX,49.77,65654,EUR
2020-05-01,JURA,3172.53,45593,CHF
2020-05-04,ALPN,110.09,243057,CHF
2020-05-04,BRGN,227.54,344584,CHF
2020-05-04,CRYS,45.51,169747,CHF
2020-05-04,DELT,72.92,176444,EUR
2020-05-04,EDLW,42.86,335756,CHF
2020-05-04,FJRD,28.95,49312,USD
2020-05-04,GLAC,38.53,242393,CHF
2020-05-04,HLVT,67.42,296277,CHF
2020-05-04,IBEX,47.4,77763,EUR
2020-05-04,JURA,3067.93,178380,CHF
2020-05-05,ALPN,110.39,28536,CHF
2020-05-05,BRGN,229.31,230147,CHF
2020-05-05,CRYS,45.6,143909,CHF
2020-05-05,DELT,73.53,86619,EUR
2020-05-05,EDLW,43.02,104167,CHF
2020-05-05,FJRD,28.55,62511,USD
2020-05-05,GLAC,37.62,283687,CHF
2020-05-05,HLVT,67.6,48971,CHF
2020-05-05,IBEX,47.51,238419,EUR
2020-05-05,JURA,3053.32,87582,CHF
2020-05-06,ALPN,109.42,188764,CHF
2020-05-06,BRGN,227.03,226887,CHF
2020-05-06,CRYS,44.95,356444,CHF
2020-05-06,DELT,70.85,27338,EUR
2020-05-06,EDLW,41.93,82029,CHF
2020-05-06,FJRD,27.82,141141,USD
2020-05-06,GLAC,36.35,30882,CHF
2020-05-06,HLVT,66.22,284604,CHF
2020-05-06,IBEX,46.03,168476,EUR
2020-05-06,JURA,3000.96,32254,CHF
2020-05-07,ALPN,110.22,57132,CHF
2020-05-07,BRGN,228.94,381614,CHF
2020-05-07,CRYS,44.38,72742,CHF
2020-05-07,DELT,69.74,165277,EUR
2020-05-07,EDLW,41.84,265770,CHF
2020-05-07,FJRD,27.64,211870,USD
2020-05-07,GLAC,35.9,386313,CHF
2020-05-07,HLVT,66.38,192618,CHF
2020-05-07,IBEX,45.83,65799,EUR
2020-05-07,JURA,2996.54,122260,CHF
2020-05-08,ALPN,110.6,205701,CHF
2020-05-08,BRGN,232.35,171391,CHF
2020-05-08,CRYS,43.61,260145,CHF
2020-05-08,DELT,70.01,355194,EUR
2020-05-08,EDLW,41.47,231313,CHF
2020-05-08,FJRD,27.06,299844,USD
2020-05-08,GLAC,36.06,40097,CHF
2020-05-08,HLVT,65.74,245589,CHF
2020-05-08,IBEX,44.97,394841,EUR
2020-05-08,JURA,3016.61,256652,CHF
2020-05-11,ALPN,111.2,339967,CHF
2020-05-11,BRGN,233.57,41516,CHF
2020-05-11,CRYS,43.66,273776,CHF
2020-05-11,DELT,71.44,66806,EUR
2020-05-11,EDLW,41.2,43936,CHF
2020-05-11,FJRD,27.25,382980,USD
2020-05-11,GLAC,36.18,244212,CHF
2020-05-11,HLVT,65.27,239643,CHF
2020-05-11,IBEX,44.52,249382,EUR
2020-05-11,JURA,3008.58,55029,CHF
2020-05-12,ALPN,109.76,252228,CHF
2020-05-12,BRGN,230.85,316802,CHF
2020-05-12,CRYS,41.69,155647,CHF
2020-05-12,DELT,69.41,79751,EUR
2020-05-12,EDLW,41.46,113615,CHF
2020-05-12,FJRD,26.66,346914,USD
2020-05-12,GLAC,35.25,222051,CHF
2020-05-12,HLVT,63.59,113091,CHF
2020-05-12,IBEX,43.57,322506,EUR
2020-05-12,JURA,2989.82,228558,CHF
2020-05-13,ALPN,112.94,49543,CHF
2020-05-13,BRGN,233.63,285226,CHF
2020-05-13,CRYS,43.97,313366,CHF
2020-05-13,DELT,71.41,82463,EUR
2020-05-13,EDLW,41.9,282620,CHF
2020-05-13,FJRD,26.68,97026,USD
2020-05-13,GLAC,35.07,131423,CHF
2020-05-13,HLVT,64.36,162697,CHF
2020-05-13,IBEX,43.47,229683,EUR
2020-05-13,JURA,3019.44,313907,CHF
2020-05-14,ALPN,111.8,244841,CHF
2020-05-14,BRGN,232.24,41828,CHF
2020-05-14,CRYS,42.8,44206,CHF
2020-05-14,DELT,72.16,111951,EUR
2020-05-14,EDLW,41.32,67283,CHF
2020-05-14,FJRD,27.0,80897,USD
2020-05-14,GLAC,34.53,69831,CHF
2020-05-14,HLVT,63.92,252149,CHF
2020-05-14,IBEX,43.75,172155,EUR
2020-05-14,JURA,3011.77,313514,CHF
2020-05-15,ALPN,110.75,149210,CHF
2020-05-15,BRGN,229.57,194566,CHF
2020-05-15,CRYS,42.24,108452,CHF
2020-05-15,DELT,71.93,113593,EUR
2020-05-15,EDLW,40.51,277180,CHF
2020-05-15,FJRD,26.52,202755,USD
2020-05-15,GLAC,33.45,226887,CHF
2020-05-15,HLVT,62.64,243066,CHF
2020-05-15,IBEX,43.59,321914,EUR
2020-05-15,JURA,3022.55,91556,CHF
2020-05-18,ALPN,109.59,312379,CHF
2020-05-18,BRGN,233.44,66456,CHF
2020-05-18,CRYS,41.55,105638,CHF
2020-05-18,DELT,71.1,40060,EUR
2020-05-18,EDLW,41.07,167080,CHF
2020-05-18,FJRD,27.07,294580,USD
2020-05-18,GLAC,33.69,272654,CHF
2020-05-18,HLVT,61.8,359921,CHF
2020-05-18,IBEX,43.87,127303,EUR
2020-05-18,JURA,3041.24,122777,CHF
2020-05-19,ALPN,110.93,122352,CHF
2020-05-19,BRGN,234.75,93594,CHF
2020-05-19,CRYS,42.09,399813,CHF
2020-05-19,DELT,70.13,161878,EUR
2020-05-19,EDLW,40.71,246364,CHF
2020-05-19,FJRD,27.78,320819,USD
2020-05-19,GLAC,34.01,21202,CHF
2020-05-19,HLVT,64.03,57318,CHF
2020-05-19,IBEX,43.88,150775,EUR
2020-05-19,JURA,3090.6,220332,CHF
2020-05-20,ALPN,114.03,356915,CHF
2020-05-20,BRGN,232.54,327927,CHF
2020-05-20,CRYS,42.79,22394,CHF
2020-05-20,DELT,71.64,364797,EUR
2020-05-20,EDLW,41.0,96716,CHF
2020-05-20,FJRD,28.0,70639,USD
2020-05-20,GLAC,34.86,283908,CHF
2020-05-20,HLVT,64.5,357384,CHF
2020-05-20,IBEX,43.59,138820,EUR
2020-05-20,JURA,3178.4,34551,CHF
2020-05-21,ALPN,113.27,44294,CHF
2020-05-21,BRGN,235.16,277034,CHF
2020-05-21,CRYS,42.84,387533,CHF
2020-05-21,DELT,74.56,301900,EUR
2020-05-21,EDLW,41.85,358090,CHF
2020-05-21,FJRD,28.34,150368,USD
2020-05-21,GLAC,34.5,210323,CHF
2020-05-21,HLVT,65.97,67789,CHF
2020-05-21,IBEX,44.6,42646,EUR
2020-05-21,JURA,3290.87,139953,CHF
2020-05-22,ALPN,114.51,389755,CHF
2020-05-22,BRGN,235.48,302986,CHF
2020-05-22,CRYS,42.49,237397,CHF
2020-05-22,DELT,74.19,133123,EUR
2020-05-22,EDLW,41.72,30337,CHF
2020-05-22,FJRD,28.96,231327,USD
2020-05-22,GLAC,35.41,50307,CHF
2020-05-22,HLVT,65.65,241575,CHF
2020-05-22,IBEX,45.15,171124,EUR
2020-05-22,JURA,3369.38,392917,CHF
2020-05-25,ALPN,115.87,75138,CHF
2020-05-25,BRGN,232.56,306484,CHF
2020-05-25,CRYS,42.21,29243,CHF
2020-05-25,DELT,74.23,267275,EUR
2020-05-25,EDLW,41.66,362401,CHF
2020-05-25,FJRD,28.79,77900,USD
2020-05-25,GLAC,36.71,84800,CHF
2020-05-25,HLVT,65.75,358688,CHF
2020-05-25,IBEX,45.28,75054,EUR
2020-05-25,JURA,3338.52,223213,CHF
2020-05-26,ALPN,116.05,88650,CHF
2020-05-26,BRGN,235.69,84239,CHF
2020-05-26,CRYS,42.97,24770,CHF
2020-05-26,DELT,73.82,173575,EUR
2020-05-26,EDLW,41.93,111620,CHF
2020-05-26,FJRD,29.67,58540,USD
2020-05-26,GLAC,36.47,224270,CHF
2020-05-26,HLVT,65.6,264853,CHF
2020-05-26,IBEX,46.16,53675,EUR
2020-05-27,ALPN,114.03,174368,CHF
2020-05-27,BRGN,234.68,46776,CHF
2020-05-27,CRYS,42.46,134621,CHF
2020-05-27,DELT,73.63,259282,EUR
2020-05-27,EDLW,41.55,161070,CHF
2020-05-27,FJRD,29.44,175174,USD
2020-05-27,GLAC,35.35,23383,CHF
2020-05-27,HLVT,63.93,185916,CHF
2020-05-27,IBEX,45.86,346380,EUR
2020-05-27,JURA,3436.36,370602,CHF
2020-05-28,ALPN,113.45,48915,CHF
2020-05-28,BRGN,232.06,123601,CHF
2020-05-28,CRYS,43.09,363162,CHF
2020-05-28,DELT,74.17,22373,EUR
2020-05-28,EDLW,42.07,41191,CHF
2020-05-28,FJRD,29.19,196442,USD
2020-05-28,GLAC,35.67,356810,CHF
2020-05-28,HLVT,64.48,27292,CHF
2020-05-28,IBEX,45.52,29090,EUR
2020-05-28,JURA,3518.45,385830,CHF
2020-05-29,ALPN,113.23,123822,CHF
2020-05-29,BRGN,233.38,304139,CHF
2020-05-29,CRYS,43.72,225168,CHF
2020-05-29,DELT,75.06,126664,EUR
2020-05-29,EDLW,42.01,239450,CHF
2020-05-29,FJRD,29.7,254784,USD
2020-05-29,GLAC,35.67,273214,CHF
2020-05-29,HLVT,66.37,288106,CHF
2020-05-29,IBEX,46.67,74677,EUR
2020-05-29,JURA,3'577.51,159042,CHF
2020-06-01,ALPN,112.93,314351,CHF
2020-06-01,BRGN,233.02,266987,CHF
2020-06-01,CRYS,42.97,277339,CHF
2020-06-01,DELT,72.69,284289,EUR
2020-06-01,EDLW,41.42,242963,CHF
2020-06-01,FJRD,29.38,36028,USD
2020-06-01,GLAC,35.44,335066,CHF
2020-06-01,HLVT,66.51,108345,CHF
2020-06-01,IBEX,46.3,248235,EUR
2020-06-01,JURA,3573.43,107003,CHF
2020-06-02,ALPN,111.42,234182,CHF
2020-06-02,BRGN,227.58,357346,CHF
2020-06-02,CRYS,42.82,256897,CHF
2020-06-02,DELT,72.31,188074,EUR
2020-06-02,EDLW,40.67,358466,CHF
2020-06-02,FJRD,29.3,372854,USD
2020-06-02,GLAC,35.18,45439,CHF
2020-06-02,HLVT,65.89,35734,CHF
2020-06-02,IBEX,46.55,212573,EUR
2020-06-02,JURA,3549.53,49208,CHF
2020-06-03,ALPN,109.56,91876,CHF
2020-06-03,BRGN,227.66,370023,CHF
2020-06-03,DELT,74.42,322098,EUR
2020-06-03,EDLW,39.9,76534,CHF
2020-06-03,FJRD,29.39,136564,USD
2020-06-03,GLAC,35.4,116058,CHF
2020-06-03,HLVT,66.68,365372,CHF
2020-06-03,IBEX,46.22,382958,EUR
2020-06-03,JURA,3596.33,398276,CHF
2020-06-04,ALPN,107.3,94846,CHF
2020-06-04,BRGN,225.87,149393,CHF
2020-06-04,CRYS,42.28,107713,CHF
2020-06-04,DELT,72.71,331349,EUR
2020-06-04,EDLW,40.24,198117,CHF
2020-06-04,FJRD,29.73,345939,USD
2020-06-04,GLAC,35.53,288067,CHF
2020-06-04,HLVT,66.3,213800,CHF
2020-06-04,IBEX,45.48,209706,EUR
2020-06-04,JURA,3584.87,375205,CHF
2020-06-05,ALPN,106.49,363375,CHF
2020-06-05,BRGN,231.24,219159,CHF
2020-06-05,CRYS,41.77,253926,CHF
2020-06-05,DELT,71.63,296907,EUR
2020-06-05,EDLW,40.5,106159,CHF
2020-06-05,FJRD,29.91,242581,USD
2020-06-05,GLAC,35.76,153100,CHF
2020-06-05,HLVT,65.69,46028,CHF
2020-06-05,IBEX,45.04,261531,EUR
2020-06-05,JURA,3500.58,40761,CHF
2020-06-08,ALPN,107.48,22373,CHF
2020-06-08,BRGN,226.91,188489,CHF
2020-06-08,CRYS,41.81,88792,CHF
2020-06-08,DELT,70.57,344595,EUR
2020-06-08,EDLW,40.06,256373,CHF
2020-06-08,FJRD,29.33,105767,USD
2020-06-08,GLAC,35.28,254946,CHF
2020-06-08,HLVT,65.37,309435,CHF
2020-06-08,IBEX,44.3,102295,EUR
2020-06-08,JURA,3509.33,53729,CHF
2020-06-09,ALPN,108.09,104209,CHF
2020-06-09,BRGN,229.47,123507,CHF
2020-06-09,CRYS,42.88,25882,CHF
2020-06-09,DELT,70.43,39006,EUR
2020-06-09,EDLW,40.18,122347,CHF
2020-06-09,FJRD,29.85,332384,USD
2020-06-09,GLAC,35.77,374991,CHF
2020-06-09,HLVT,66.79,25421,CHF
2020-06-09,IBEX,45.37,188492,EUR
2020-06-09,JURA,3484.84,60879,CHF
2020-06-10,ALPN,107.01,267752,CHF
2020-06-10,BRGN,233.28,150581,CHF
2020-06-10,CRYS,41.54,304208,CHF
2020-06-10,DELT,68.35,225851,EUR
2020-06-10,EDLW,39.17,33552,CHF
2020-06-10,FJRD,29.87,96746,USD
2020-06-10,GLAC,35.29,398218,CHF
2020-06-10,HLVT,66.85,159674,CHF
2020-06-10,IBEX,44.88,72362,EUR
2020-06-10,JURA,3524.38,184930,CHF
2020-06-11,ALPN,106.42,237046,CHF
2020-06-11,BRGN,230.16,225987,CHF
2020-06-11,CRYS,41.27,272491,CHF
2020-06-11,DELT,68.75,375529,EUR
2020-06-11,EDLW,39.6,149670,CHF
2020-06-11,FJRD,29.83,209136,USD
2020-06-11,HLVT,65.48,62025,CHF
2020-06-11,IBEX,45.29,195423,EUR
2020-06-11,JURA,3519.91,199152,CHF
2020-06-12,ALPN,108.05,294343,CHF
2020-06-12,BRGN,234.36,124567,CHF
2020-06-12,CRYS,41.58,186221,CHF
2020-06-12,DELT,69.27,196460,EUR
2020-06-12,EDLW,39.56,285627,CHF
2020-06-12,FJRD,30.45,175192,USD
2020-06-12,GLAC,35.29,187514,CHF
2020-06-12,HLVT,66.2,182898,CHF
2020-06-12,IBEX,45.47,384745,EUR
2020-06-12,JURA,3555.22,267890,CHF
2020-06-15,ALPN,107.45,306524,CHF
2020-06-15,BRGN,236.57,177815,CHF
2020-06-15,CRYS,40.3,219278,CHF
2020-06-15,DELT,69.3,97929,EUR
2020-06-15,EDLW,40.16,205144,CHF
2020-06-15,FJRD,30.13,344210,USD
2020-06-15,GLAC,34.45,48655,CHF
2020-06-15,HLVT,64.88,361883,CHF
2020-06-15,IBEX,45.97,171107,EUR
2020-06-15,JURA,3437.35,386313,CHF
2020-06-16,ALPN,106.69,286768,CHF
2020-06-16,BRGN,234.82,256240,CHF
2020-06-16,CRYS,38.74,57859,CHF
2020-06-16,DELT,67.93,52860,EUR
2020-06-16,EDLW,39.94,253391,CHF
2020-06-16,FJRD,29.15,121243,USD
2020-06-16,GLAC,32.86,340083,CHF
2020-06-16,HLVT,64.57,32462,CHF
2020-06-16,IBEX,44.62,191683,EUR
2020-06-16,JURA,3425.92,294386,CHF
2020-06-17,ALPN,106.61,255028,CHF
2020-06-17,BRGN,232.1,33077,CHF
2020-06-17,CRYS,38.84,124453,CHF
2020-06-17,DELT,68.74,155809,EUR
2020-06-17,EDLW,40.08,202445,CHF
2020-06-17,FJRD,29.54,393591,USD
2020-06-17,GLAC,32.39,380812,CHF
2020-06-17,HLVT,64.21,350688,CHF
2020-06-17,IBEX,44.54,337182,EUR
2020-06-17,JURA,3424.63,266974,CHF
2020-06-18,ALPN,107.87,167426,CHF
2020-06-18,BRGN,228.42,190468,CHF
2020-06-18,CRYS,38.37,230445,CHF
2020-06-18,DELT,67.38,30351,EUR
2020-06-18,EDLW,39.36,137092,CHF
2020-06-18,FJRD,29.72,65291,USD
2020-06-18,GLAC,32.12,305634,CHF
2020-06-18,HLVT,65.08,308392,CHF
2020-06-18,IBEX,44.06,296423,EUR
2020-06-18,JURA,3486.96,297764,CHF
2020-06-19,ALPN,108.59,260825,CHF
2020-06-19,BRGN,229.81,272205,CHF
2020-06-19,CRYS,39.37,317563,CHF
2020-06-19,DELT,67.46,106302,EUR
2020-06-19,EDLW,39.21,283161,CHF
2020-06-19,FJRD,29.47,95697,USD
2020-06-19,GLAC,32.16,238981,CHF
2020-06-19,HLVT,64.74,335499,CHF
2020-06-19,IBEX,44.24,361494,EUR
2020-06-19,JURA,3522.55,184932,CHF
2020-06-22,ALPN,106.64,261694,CHF
2020-06-22,BRGN,230.1,375118,CHF
2020-06-22,CRYS,38.57,55655,CHF
2020-06-22,DELT,67.35,264427,EUR
2020-06-22,EDLW,39.04,106006,CHF
2020-06-22,FJRD,29.47,157164,USD
2020-06-22,GLAC,31.31,372964,CHF
2020-06-22,HLVT,63.92,306096,CHF
2020-06-22,IBEX,44.13,237724,EUR
2020-06-22,JURA,3557.85,290035,CHF
2020-06-23,ALPN,107.11,371377,CHF
2020-06-23,BRGN,231.45,144938,CHF
2020-06-23,CRYS,39.82,91555,CHF
2020-06-23,DELT,69.83,279103,EUR
2020-06-23,EDLW,39.23,247970,CHF
2020-06-23,FJRD,29.86,331845,USD
2020-06-23,GLAC,31.36,99611,CHF
2020-06-23,HLVT,64.84,263036,CHF
2020-06-23,IBEX,45.03,265271,EUR
2020-06-23,JURA,3651.1,275297,CHF
2020-06-24,ALPN,104.79,29376,CHF
2020-06-24,BRGN,227.29,391943,CHF
2020-06-24,CRYS,39.8,164381,CHF
2020-06-24,DELT,69.91,318626,EUR
2020-06-24,EDLW,38.93,143354,CHF
2020-06-24,FJRD,29.88,178504,USD
2020-06-24,GLAC,31.0,363157,CHF
2020-06-24,HLVT,65.06,368617,CHF
2020-06-24,IBEX,45.28,130058,EUR
2020-06-24,JURA,3614.31,140882,CHF
2020-06-25,ALPN,103.79,96625,CHF
2020-06-25,BRGN,229.56,300297,CHF
2020-06-25,CRYS,39.57,48570,CHF
2020-06-25,DELT,68.64,346369,EUR
2020-06-25,EDLW,39.21,47909,CHF
2020-06-25,FJRD,30.34,77420,USD
2020-06-25,GLAC,31.05,323379,CHF
2020-06-25,HLVT,64.24,340824,CHF
2020-06-25,IBEX,44.96,234510,EUR
2020-06-25,JURA,3631.76,349706,CHF
2020-06-26,ALPN,105.02,164650,CHF
2020-06-26,BRGN,226.82,340679,CHF
2020-06-26,CRYS,39.17,131217,CHF
2020-06-26,DELT,67.57,182759,EUR
2020-06-26,EDLW,38.64,141268,CHF
2020-06-26,FJRD,29.99,137841,USD
2020-06-26,GLAC,30.29,313693,CHF
2020-06-26,HLVT,63.89,269518,CHF
2020-06-26,IBEX,44.5,212351,EUR
2020-06-26,JURA,3'645.35,323175,CHF
2020-06-29,ALPN,105.54,69940,CHF
2020-06-29,CRYS,39.24,79938,CHF
2020-06-29,DELT,68.37,220949,EUR
2020-06-29,EDLW,37.96,99637,CHF
2020-06-29,FJRD,30.55,359055,USD
2020-06-29,GLAC,30.39,94537,CHF
2020-06-29,HLVT,65.04,308741,CHF
2020-06-29,IBEX,43.87,123942,EUR
2020-06-29,JURA,3618.62,112678,CHF
2020-06-30,ALPN,105.57,309195,CHF
2020-06-30,BRGN,235.48,317303,CHF
2020-06-30,CRYS,39.2,116505,CHF
2020-06-30,DELT,65.1,145288,EUR
2020-06-30,EDLW,37.82,315225,CHF
2020-06-30,FJRD,30.36,151423,USD
2020-06-30,GLAC,29.8,150182,CHF
2020-06-30,HLVT,65.23,301681,CHF
2020-06-30,IBEX,43.38,332886,EUR
2020-06-30,JURA,3552.57,374120,CHF
2020-07-01,ALPN,105.16,232420,CHF
2020-07-01,BRGN,229.9,265530,CHF
2020-07-01,CRYS,39.01,98624,CHF
2020-07-01,DELT,66.09,237414,EUR
2020-07-01,EDLW,37.52,85037,CHF
2020-07-01,FJRD,30.22,268450,USD
2020-07-01,GLAC,29.87,332731,CHF
2020-07-01,HLVT,65.12,252975,CHF
2020-07-01,IBEX,42.65,368430,EUR
2020-07-01,JURA,3532.13,207968,CHF
2020-07-02,ALPN,104.89,228171,CHF
2020-07-02,BRGN,228.57,85087,CHF
2020-07-02,CRYS,39.15,348460,CHF
2020-07-02,DELT,66.47,233143,EUR
2020-07-02,EDLW,38.17,24559,CHF
2020-07-02,FJRD,29.57,225193,USD
2020-07-02,GLAC,29.38,114604,CHF
2020-07-02,HLVT,63.89,366818,CHF
2020-07-02,IBEX,42.48,179676,EUR
2020-07-02,JURA,3468.4,363100,CHF
2020-07-03,ALPN,101.78,136673,CHF
2020-07-03,BRGN,225.63,300174,CHF
2020-07-03,CRYS,39.56,301037,CHF
2020-07-03,DELT,65.08,174928,EUR
2020-07-03,EDLW,38.24,29380,CHF
2020-07-03,FJRD,30.0,354765,USD
2020-07-03,GLAC,29.07,221253,CHF
2020-07-03,HLVT,63.09,150652,CHF
2020-07-03,IBEX,42.23,275792,EUR
2020-07-03,JURA,3516.72,115282,CHF
2020-07-06,ALPN,98.83,88030,CHF
2020-07-06,BRGN,224.05,73438,CHF
2020-07-06,CRYS,37.87,346102,CHF
2020-07-06,DELT,63.34,212756,EUR
2020-07-06,EDLW,37.37,178176,CHF
2020-07-06,FJRD,28.95,70386,USD
2020-07-06,GLAC,28.52,355150,CHF
2020-07-06,HLVT,62.6,149925,CHF
2020-07-06,IBEX,41.27,143826,EUR
2020-07-06,JURA,3481.89,94596,CHF
2020-07-07,ALPN,102.75,95126,CHF
2020-07-07,BRGN,226.86,106411,CHF
2020-07-07,CRYS,37.88,203005,CHF
2020-07-07,DELT,63.0,130961,EUR
2020-07-07,EDLW,37.65,98012,CHF
2020-07-07,FJRD,28.56,342081,USD
2020-07-07,GLAC,28.72,233741,CHF
2020-07-07,HLVT,62.2,270031,CHF
2020-07-07,IBEX,40.58,384074,EUR
2020-07-07,JURA,3513.4,254612,CHF
2020-07-08,ALPN,104.07,285780,CHF
2020-07-08,BRGN,228.48,358474,CHF
2020-07-08,CRYS,37.0,145872,CHF
2020-07-08,DELT,65.18,228991,EUR
2020-07-08,EDLW,37.95,269000,CHF
2020-07-08,FJRD,27.94,197243,USD
2020-07-08,GLAC,28.88,347081,CHF
2020-07-08,HLVT,62.68,179091,CHF
2020-07-08,IBEX,40.77,261538,EUR
2020-07-08,JURA,3513.66,314514,CHF
2020-07-09,ALPN,100.45,302699,CHF
2020-07-09,BRGN,226.87,277204,CHF
2020-07-09,CRYS,37.48,133147,CHF
2020-07-09,DELT,65.0,150908,EUR
2020-07-09,EDLW,38.21,116242,CHF
2020-07-09,FJRD,27.42,270152,USD
2020-07-09,GLAC,27.91,236684,CHF
2020-07-09,HLVT,62.43,316133,CHF
2020-07-09,IBEX,40.51,60149,EUR
2020-07-09,JURA,3497.71,320103,CHF
2020-07-10,ALPN,100.85,245678,CHF
2020-07-10,BRGN,226.8,95085,CHF
2020-07-10,CRYS,38.35,221646,CHF
2020-07-10,DELT,65.75,325336,EUR
2020-07-10,EDLW,38.69,197882,CHF
2020-07-10,FJRD,27.25,128637,USD
2020-07-10,GLAC,27.54,88830,CHF
2020-07-10,HLVT,61.36,129768,CHF
2020-07-10,IBEX,40.58,172269,EUR
2020-07-10,JURA,3502.29,216059,CHF
2020-07-13,ALPN,101.96,48404,CHF
2020-07-13,BRGN,224.56,292288,CHF
2020-07-13,CRYS,39.35,266280,CHF
2020-07-13,DELT,66.26,369091,EUR
2020-07-13,EDLW,38.1,365328,CHF
2020-07-13,FJRD,27.85,335960,USD
2020-07-13,GLAC,27.95,210131,CHF
2020-07-13,HLVT,61.33,199615,CHF
2020-07-13,IBEX,41.1,45686,EUR
2020-07-13,JURA,3540.7,234764,CHF
2020-07-14,ALPN,101.66,135906,CHF
2020-07-14,BRGN,225.13,223826,CHF
2020-07-14,CRYS,39.07,331354,CHF
2020-07-14,DELT,65.77,184233,EUR
2020-07-14,EDLW,37.82,27176,CHF
2020-07-14,FJRD,27.66,111138,USD
2020-07-14,GLAC,28.24,248646,CHF
2020-07-14,HLVT,62.04,277027,CHF
2020-07-14,IBEX,40.96,232819,EUR
2020-07-14,JURA,3553.27,141021,CHF
2020-07-15,ALPN,102.5,212026,CHF
2020-07-15,BRGN,222.99,20154,CHF
2020-07-15,CRYS,39.06,195603,CHF
2020-07-15,DELT,65.65,153195,EUR
2020-07-15,EDLW,37.16,122981,CHF
2020-07-15,FJRD,27.24,355180,USD
2020-07-15,GLAC,28.25,215103,CHF
2020-07-15,HLVT,62.49,239824,CHF
2020-07-15,IBEX,41.39,263105,EUR
2020-07-15,JURA,3526.37,384281,CHF
2020-07-16,ALPN,102.33,137285,CHF
2020-07-16,BRGN,222.9,244714,CHF
2020-07-16,CRYS,39.14,320720,CHF
2020-07-16,DELT,65.68,312784,EUR
2020-07-16,EDLW,37.01,190197,CHF
2020-07-16,FJRD,27.77,33648,USD
2020-07-16,GLAC,28.62,131386,CHF
2020-07-16,HLVT,61.64,135037,CHF
2020-07-16,IBEX,41.3,196059,EUR
2020-07-16,JURA,3501.11,357693,CHF
2020-07-17,ALPN,99.95,296923,CHF
2020-07-17,BRGN,214.18,316383,CHF
2020-07-17,CRYS,38.2,242448,CHF
2020-07-17,DELT,65.99,261600,EUR
2020-07-17,EDLW,36.79,347691,CHF
2020-07-17,FJRD,27.46,60007,USD
2020-07-17,GLAC,28.66,105339,CHF
2020-07-17,HLVT,62.62,87671,CHF
2020-07-17,IBEX,41.04,246104,EUR
2020-07-17,JURA,3452.51,363685,CHF
2020-07-20,ALPN,96.98,69249,CHF
2020-07-20,BRGN,216.68,254734,CHF
2020-07-20,CRYS,37.39,305407,CHF
2020-07-20,DELT,64.92,138246,EUR
2020-07-20,EDLW,36.92,255748,CHF
2020-07-20,FJRD,26.96,298494,USD
2020-07-20,GLAC,27.96,374193,CHF
2020-07-20,HLVT,61.58,105291,CHF
2020-07-20,IBEX,40.06,128517,EUR
2020-07-20,JURA,3412.95,53282,CHF
2020-07-21,ALPN,96.28,148046,CHF
2020-07-21,BRGN,219.8,368473,CHF
2020-07-21,CRYS,37.86,279679,CHF
2020-07-21,DELT,64.98,40262,EUR
2020-07-21,EDLW,37.72,399730,CHF
2020-07-21,FJRD,27.11,28611,USD
2020-07-21,GLAC,28.61,149853,CHF
2020-07-21,HLVT,62.79,74476,CHF
2020-07-21,IBEX,40.96,214175,EUR
2020-07-21,JURA,3420.79,75183,CHF
2020-07-22,ALPN,95.75,39915,CHF
2020-07-22,BRGN,221.04,25769,CHF
2020-07-22,CRYS,37.69,85081,CHF
2020-07-22,DELT,63.95,359866,EUR
2020-07-22,EDLW,37.87,387109,CHF
2020-07-22,FJRD,26.89,217371,USD
2020-07-22,GLAC,28.72,289327,CHF
2020-07-22,HLVT,62.75,107507,CHF
2020-07-22,IBEX,40.96,376017,EUR
2020-07-22,JURA,3377.63,63605,CHF
2020-07-23,ALPN,93.7,63418,CHF
2020-07-23,BRGN,214.92,196254,CHF
2020-07-23,CRYS,37.11,148254,CHF
2020-07-23,DELT,62.67,209634,EUR
2020-07-23,EDLW,38.35,48450,CHF
2020-07-23,FJRD,26.71,99433,USD
2020-07-23,GLAC,28.09,196882,CHF
2020-07-23,HLVT,62.28,154246,CHF
2020-07-23,IBEX,40.69,274423,EUR
2020-07-23,JURA,3349.93,64433,CHF
2020-07-24,ALPN,94.49,320168,CHF
2020-07-24,BRGN,216.67,177463,CHF
2020-07-24,CRYS,37.23,371327,CHF
2020-07-24,DELT,61.9,163090,EUR
2020-07-24,EDLW,38.83,124220,CHF
2020-07-24,FJRD,26.78,65602,USD
2020-07-24,GLAC,27.98,338371,CHF
2020-07-24,HLVT,62.48,311517,CHF
2020-07-24,IBEX,41.08,326548,EUR
2020-07-24,JURA,3'386.71,30500,CHF
2020-07-27,ALPN,92.67,350933,CHF
2020-07-27,CRYS,37.26,174093,CHF
2020-07-27,DELT,60.64,20704,EUR
2020-07-27,FJRD,26.58,328776,USD
2020-07-27,GLAC,28.02,389619,CHF
2020-07-27,HLVT,62.53,131110,CHF
2020-07-27,IBEX,39.95,20169,EUR
2020-07-27,JURA,3373.48,387529,CHF
2020-07-28,ALPN,94.24,334406,CHF
2020-07-28,BRGN,207.73,230781,CHF
2020-07-28,CRYS,38.13,176261,CHF
2020-07-28,DELT,61.62,71300,EUR
2020-07-28,EDLW,39.91,119121,CHF
2020-07-28,FJRD,26.85,196391,USD
2020-07-28,GLAC,28.25,334414,CHF
2020-07-28,HLVT,62.62,80633,CHF
2020-07-28,IBEX,39.93,357468,EUR
2020-07-28,JURA,3416.32,182344,CHF
2020-07-29,ALPN,92.54,160709,CHF
2020-07-29,BRGN,205.26,77255,CHF
2020-07-29,CRYS,36.74,94667,CHF
2020-07-29,DELT,59.22,213520,EUR
2020-07-29,EDLW,38.98,145068,CHF
2020-07-29,FJRD,25.89,166690,USD
2020-07-29,GLAC,27.35,187972,CHF
2020-07-29,HLVT,61.44,27721,CHF
2020-07-29,IBEX,39.37,313056,EUR
2020-07-29,JURA,3389.46,254712,CHF
2020-07-30,ALPN,92.18,80861,CHF
2020-07-30,BRGN,207.28,70729,CHF
2020-07-30,CRYS,36.41,201207,CHF
2020-07-30,DELT,59.94,297087,EUR
2020-07-30,EDLW,39.0,151320,CHF
2020-07-30,FJRD,25.97,46586,USD
2020-07-30,GLAC,27.1,298990,CHF
2020-07-30,HLVT,62.08,364020,CHF
2020-07-30,IBEX,39.13,207674,EUR
2020-07-30,JURA,3337.95,373930,CHF
2020-07-31,ALPN,94.44,265085,CHF
2020-07-31,BRGN,214.03,68685,CHF
2020-07-31,CRYS,36.77,333503,CHF
2020-07-31,DELT,61.4,352252,EUR
2020-07-31,EDLW,39.04,234700,CHF
2020-07-31,FJRD,26.6,313157,USD
2020-07-31,GLAC,27.28,84095,CHF
2020-07-31,HLVT,62.45,35789,CHF
2020-07-31,IBEX,40.36,174323,EUR
2020-07-31,JURA,3405.25,115144,CHF
2020-08-03,ALPN,94.78,259316,CHF
2020-08-03,BRGN,212.68,313815,CHF
2020-08-03,CRYS,36.1,384596,CHF
2020-08-03,DELT,63.24,142043,EUR
2020-08-03,EDLW,38.91,27825,CHF
2020-08-03,GLAC,28.03,143012,CHF
2020-08-03,HLVT,62.33,245577,CHF
2020-08-03,IBEX,41.0,314554,EUR
2020-08-03,JURA,3378.64,341841,CHF
2020-08-04,ALPN,93.17,333761,CHF
2020-08-04,BRGN,212.06,96921,CHF
2020-08-04,CRYS,35.51,59282,CHF
2020-08-04,DELT,62.41,238124,EUR
2020-08-04,EDLW,39.12,357127,CHF
2020-08-04,FJRD,25.99,46582,USD
2020-08-04,GLAC,27.37,42993,CHF
2020-08-04,HLVT,62.35,177614,CHF
2020-08-04,IBEX,40.92,173605,EUR
2020-08-04,JURA,3403.11,315706,CHF
2020-08-05,ALPN,93.98,271229,CHF
2020-08-05,BRGN,210.55,45106,CHF
2020-08-05,CRYS,35.29,195461,CHF
2020-08-05,DELT,62.23,209000,EUR
2020-08-05,EDLW,38.53,294664,CHF
2020-08-05,FJRD,25.21,95590,USD
2020-08-05,GLAC,26.53,145303,CHF
2020-08-05,HLVT,62.5,91793,CHF
2020-08-05,IBEX,40.69,212874,EUR
2020-08-05,JURA,3311.76,91231,CHF
2020-08-06,ALPN,94.35,287374,CHF
2020-08-06,BRGN,210.08,81882,CHF
2020-08-06,CRYS,35.61,323008,CHF
2020-08-06,DELT,63.52,353151,EUR
2020-08-06,EDLW,38.55,351622,CHF
2020-08-06,FJRD,25.28,312530,USD
2020-08-06,GLAC,26.98,35694,CHF
2020-08-06,HLVT,63.2,280010,CHF
2020-08-06,IBEX,40.89,220365,EUR
2020-08-06,JURA,3255.96,172304,CHF
2020-08-07,ALPN,94.93,142053,CHF
2020-08-07,BRGN,215.73,121791,CHF
2020-08-07,CRYS,36.43,191843,CHF
2020-08-07,DELT,64.35,101021,EUR
2020-08-07,EDLW,38.32,281120,CHF
2020-08-07,FJRD,25.81,396721,USD
2020-08-07,GLAC,27.94,352697,CHF
2020-08-07,HLVT,63.63,353090,CHF
2020-08-07,IBEX,41.0,193768,EUR
2020-08-07,JURA,3323.54,30436,CHF
2020-08-10,ALPN,91.93,122974,CHF
2020-08-10,BRGN,211.72,206420,CHF
2020-08-10,CRYS,35.02,121067,CHF
2020-08-10,DELT,62.27,74355,EUR
2020-08-10,EDLW,37.65,231939,CHF
2020-08-10,FJRD,25.65,395798,USD
2020-08-10,GLAC,27.46,234976,CHF
2020-08-10,HLVT,61.63,375753,CHF
2020-08-10,IBEX,40.31,249033,EUR
2020-08-10,JURA,3230.82,28743,CHF
2020-08-11,ALPN,93.8,125874,CHF
2020-08-11,BRGN,215.73,235421,CHF
2020-08-11,CRYS,35.29,281616,CHF
2020-08-11,DELT,63.07,21963,EUR
2020-08-11,EDLW,38.16,169885,CHF
2020-08-11,FJRD,25.92,334354,USD
2020-08-11,GLAC,27.17,372591,CHF
2020-08-11,HLVT,62.24,110873,CHF
2020-08-11,IBEX,40.83,282800,EUR
2020-08-11,JURA,3284.55,298959,CHF
2020-08-12,ALPN,92.84,126372,CHF
2020-08-12,BRGN,209.82,229992,CHF
2020-08-12,CRYS,35.35,357137,CHF
2020-08-12,DELT,61.65,197154,EUR
2020-08-12,EDLW,37.88,216624,CHF
2020-08-12,FJRD,25.26,104838,USD
2020-08-12,GLAC,26.8,116928,CHF
2020-08-12,HLVT,62.7,91595,CHF
2020-08-12,IBEX,39.81,168776,EUR
2020-08-12,JURA,3257.01,367246,CHF
2020-08-13,ALPN,94.36,352384,CHF
2020-08-13,BRGN,211.6,292499,CHF
2020-08-13,CRYS,35.81,296536,CHF
2020-08-13,DELT,61.17,101430,EUR
2020-08-13,EDLW,38.09,80558,CHF
2020-08-13,FJRD,25.21,312110,USD
2020-08-13,GLAC,27.52,294354,CHF
2020-08-13,HLVT,62.89,279606,CHF
2020-08-13,IBEX,40.22,314271,EUR
2020-08-13,JURA,3196.04,334186,CHF
2020-08-14,ALPN,96.92,347705,CHF
2020-08-14,BRGN,217.92,165352,CHF
2020-08-14,CRYS,36.42,384007,CHF
2020-08-14,DELT,62.86,395701,EUR
2020-08-14,EDLW,38.36,145188,CHF
2020-08-14,FJRD,26.06,159148,USD
2020-08-14,GLAC,28.42,382518,CHF
2020-08-14,HLVT,64.58,290264,CHF
2020-08-14,IBEX,40.28,146059,EUR
2020-08-14,JURA,3299.76,338553,CHF
2020-08-17,ALPN,96.58,57182,CHF
2020-08-17,CRYS,36.17,320549,CHF
2020-08-17,DELT,62.93,236092,EUR
2020-08-17,EDLW,37.66,134695,CHF
2020-08-17,FJRD,25.38,282782,USD
2020-08-17,GLAC,27.85,204852,CHF
2020-08-17,HLVT,65.51,363184,CHF
2020-08-17,IBEX,40.19,49128,EUR
2020-08-17,JURA,3344.45,180865,CHF
2020-08-18,ALPN,96.4,397637,CHF
2020-08-18,BRGN,221.85,237406,CHF
2020-08-18,CRYS,36.4,308444,CHF
2020-08-18,DELT,62.45,387069,EUR
2020-08-18,EDLW,37.81,72921,CHF
2020-08-18,FJRD,24.78,34806,USD
2020-08-18,GLAC,27.68,89782,CHF
2020-08-18,HLVT,64.16,110284,CHF
2020-08-18,IBEX,41.04,303317,EUR
2020-08-18,JURA,3294.4,51260,CHF
2020-08-19,ALPN,95.94,202638,CHF
2020-08-19,BRGN,221.45,386434,CHF
2020-08-19,CRYS,36.44,181955,CHF
2020-08-19,DELT,63.86,347755,EUR
2020-08-19,EDLW,37.94,294048,CHF
2020-08-19,FJRD,24.69,212559,USD
2020-08-19,GLAC,27.69,167883,CHF
2020-08-19,HLVT,64.2,118367,CHF
2020-08-19,IBEX,41.58,62593,EUR
2020-08-19,JURA,3269.95,242513,CHF
2020-08-20,ALPN,93.95,213331,CHF
2020-08-20,BRGN,223.84,133513,CHF
2020-08-20,CRYS,35.95,385351,CHF
2020-08-20,DELT,62.97,25005,EUR
2020-08-20,EDLW,37.87,225058,CHF
2020-08-20,FJRD,24.78,233024,USD
2020-08-20,GLAC,27.65,219450,CHF
2020-08-20,HLVT,64.11,335895,CHF
2020-08-20,IBEX,41.19,35934,EUR
2020-08-20,JURA,3252.09,341785,CHF
2020-08-21,ALPN,93.58,258008,CHF
2020-08-21,BRGN,220.98,331455,CHF
2020-08-21,CRYS,35.82,315653,CHF
2020-08-21,DELT,62.32,76731,EUR
2020-08-21,EDLW,37.82,119067,CHF
2020-08-21,FJRD,24.72,283277,USD
2020-08-21,GLAC,26.97,128381,CHF
2020-08-21,HLVT,63.35,121122,CHF
2020-08-21,IBEX,41.0,272555,EUR
2020-08-21,JURA,3'359.43,167348,CHF
2020-08-24,ALPN,93.06,303574,CHF
2020-08-24,BRGN,219.12,390073,CHF
2020-08-24,CRYS,35.69,384641,CHF
2020-08-24,DELT,61.02,104232,EUR
2020-08-24,EDLW,38.58,48775,CHF
2020-08-24,FJRD,24.95,225942,USD
2020-08-24,GLAC,26.57,91519,CHF
2020-08-24,HLVT,62.46,323914,CHF
2020-08-24,IBEX,40.22,38026,EUR
2020-08-24,JURA,3389.44,186458,CHF
2020-08-25,ALPN,94.93,107803,CHF
2020-08-25,BRGN,219.78,313716,CHF
2020-08-25,CRYS,35.75,398249,CHF
2020-08-25,DELT,61.83,51599,EUR
2020-08-25,EDLW,38.8,73427,CHF
2020-08-25,FJRD,25.33,272323,USD
2020-08-25,GLAC,26.65,100102,CHF
2020-08-25,HLVT,62.77,110263,CHF
2020-08-25,IBEX,40.63,198578,EUR
2020-08-25,JURA,3349.39,349642,CHF
2020-08-26,ALPN,95.19,211034,CHF
2020-08-26,BRGN,214.24,280053,CHF
2020-08-26,CRYS,35.16,23496,CHF
2020-08-26,DELT,61.39,116506,EUR
2020-08-26,EDLW,39.26,278494,CHF
2020-08-26,FJRD,25.56,70869,USD
2020-08-26,GLAC,26.44,80718,CHF
2020-08-26,HLVT,62.81,74333,CHF
2020-08-26,IBEX,40.53,39158,EUR
2020-08-26,JURA,3368.8,24254,CHF
2020-08-27,ALPN,95.68,181729,CHF
2020-08-27,BRGN,211.69,357115,CHF
2020-08-27,CRYS,35.3,83804,CHF
2020-08-27,DELT,61.77,101461,EUR
2020-08-27,EDLW,39.99,82165,CHF
2020-08-27,FJRD,25.73,37404,USD
2020-08-27,GLAC,26.51,157958,CHF
2020-08-27,HLVT,62.74,267909,CHF
2020-08-27,IBEX,40.61,174162,EUR
2020-08-27,JURA,3377.37,25714,CHF
2020-08-28,ALPN,97.18,122969,CHF
2020-08-28,BRGN,208.34,241082,CHF
2020-08-28,CRYS,34.9,356207,CHF
2020-08-28,DELT,62.15,50614,EUR
2020-08-28,EDLW,40.09,224480,CHF
2020-08-28,FJRD,25.67,182404,USD
2020-08-28,GLAC,25.7,344767,CHF
2020-08-28,HLVT,62.34,26786,CHF
2020-08-28,IBEX,40.8,186191,EUR
2020-08-28,JURA,3382.91,84097,CHF
2020-08-31,ALPN,96.87,22085,CHF
2020-08-31,BRGN,208.54,269849,CHF
2020-08-31,CRYS,35.12,190091,CHF
2020-08-31,DELT,62.39,67477,EUR
2020-08-31,EDLW,40.71,47657,CHF
2020-08-31,FJRD,26.05,179291,USD
2020-08-31,GLAC,25.93,242848,CHF
2020-08-31,HLVT,62.49,333681,CHF
2020-08-31,IBEX,41.38,354213,EUR
2020-08-31,JURA,3404.32,187945,CHF
2020-09-01,ALPN,96.37,185551,CHF
2020-09-01,BRGN,207.26,218521,CHF
2020-09-01,CRYS,35.91,326455,CHF
2020-09-01,DELT,63.03,319579,EUR
2020-09-01,EDLW,40.82,105882,CHF
2020-09-01,FJRD,25.59,375046,USD
2020-09-01,GLAC,26.52,30868,CHF
2020-09-01,HLVT,62.81,246225,CHF
2020-09-01,IBEX,41.38,367309,EUR
2020-09-01,JURA,3408.08,107353,CHF
2020-09-02,BRGN,208.76,235563,CHF
2020-09-02,CRYS,35.67,351675,CHF
2020-09-02,DELT,64.33,141176,EUR
2020-09-02,EDLW,41.21,251128,CHF
2020-09-02,FJRD,25.99,238263,USD
2020-09-02,GLAC,26.66,88307,CHF
2020-09-02,HLVT,62.45,49914,CHF
2020-09-02,IBEX,41.37,237952,EUR
2020-09-02,JURA,3442.48,333874,CHF
2020-09-03,ALPN,95.53,179791,CHF
2020-09-03,BRGN,207.59,153664,CHF
2020-09-03,CRYS,35.32,118851,CHF
2020-09-03,DELT,64.65,76385,EUR
2020-09-03,EDLW,41.16,24256,CHF
2020-09-03,FJRD,25.99,394874,USD
2020-09-03,GLAC,26.29,214021,CHF
2020-09-03,HLVT,61.58,293533,CHF
2020-09-03,IBEX,41.65,390580,EUR
2020-09-03,JURA,3483.36,289469,CHF
2020-09-04,ALPN,97.64,84492,CHF
2020-09-04,BRGN,205.52,163771,CHF
2020-09-04,CRYS,35.17,324202,CHF
2020-09-04,DELT,64.15,100977,EUR
2020-09-04,EDLW,40.73,221669,CHF
2020-09-04,FJRD,26.26,365139,USD
2020-09-04,GLAC,26.1,207677,CHF
2020-09-04,HLVT,61.99,269786,CHF
2020-09-04,IBEX,42.66,308714,EUR
2020-09-04,JURA,3492.59,257221,CHF
2020-09-07,ALPN,96.17,151557,CHF
2020-09-07,BRGN,199.83,244225,CHF
2020-09-07,CRYS,34.48,375610,CHF
2020-09-07,DELT,63.82,141734,EUR
2020-09-07,EDLW,41.75,58474,CHF
2020-09-07,FJRD,26.42,227615,USD
2020-09-07,GLAC,25.98,268720,CHF
2020-09-07,HLVT,61.21,253786,CHF
2020-09-07,IBEX,42.5,233286,EUR
2020-09-07,JURA,3468.95,42318,CHF
2020-09-08,ALPN,93.44,36701,CHF
2020-09-08,BRGN,192.73,307543,CHF
2020-09-08,CRYS,33.41,302523,CHF
2020-09-08,DELT,61.66,396123,EUR
2020-09-08,EDLW,40.48,78190,CHF
2020-09-08,FJRD,25.64,151069,USD
2020-09-08,GLAC,24.63,169082,CHF
2020-09-08,HLVT,58.67,205692,CHF
2020-09-08,IBEX,41.99,332921,EUR
2020-09-08,JURA,3347.81,376251,CHF
2020-09-09,ALPN,90.33,281083,CHF
2020-09-09,BRGN,193.59,282089,CHF
2020-09-09,CRYS,33.16,220470,CHF
2020-09-09,DELT,61.51,44140,EUR
2020-09-09,EDLW,40.79,177564,CHF
2020-09-09,FJRD,25.45,269008,USD
2020-09-09,GLAC,23.96,100065,CHF
2020-09-09,HLVT,58.65,156879,CHF
2020-09-09,IBEX,41.83,399780,EUR
2020-09-09,JURA,3304.88,135082,CHF
2020-09-10,ALPN,89.94,83452,CHF
2020-09-10,BRGN,191.75,336770,CHF
2020-09-10,CRYS,32.29,357655,CHF
2020-09-10,DELT,60.97,92385,EUR
2020-09-10,EDLW,40.26,55471,CHF
2020-09-10,FJRD,24.39,125974,USD
2020-09-10,GLAC,22.61,288649,CHF
2020-09-10,HLVT,57.4,398349,CHF
2020-09-10,IBEX,41.06,127396,EUR
2020-09-10,JURA,3303.67,191460,CHF
2020-09-11,BRGN,191.6,328315,CHF
2020-09-11,CRYS,32.52,112733,CHF
2020-09-11,DELT,62.15,349918,EUR
2020-09-11,EDLW,40.61,77172,CHF
2020-09-11,FJRD,24.78,134520,USD
2020-09-11,GLAC,22.67,52578,CHF
2020-09-11,HLVT,58.01,115163,CHF
2020-09-11,IBEX,41.3,143614,EUR
2020-09-11,JURA,3253.52,288796,CHF
2020-09-14,ALPN,90.56,360121,CHF
2020-09-14,BRGN,190.27,116346,CHF
2020-09-14,CRYS,32.39,174271,CHF
2020-09-14,DELT,61.29,303712,EUR
2020-09-14,EDLW,40.16,194181,CHF
2020-09-14,FJRD,25.54,306055,USD
2020-09-14,GLAC,22.75,215580,CHF
2020-09-14,HLVT,57.57,97391,CHF
2020-09-14,IBEX,41.17,92835,EUR
2020-09-14,JURA,3316.14,214382,CHF
2020-09-15,ALPN,88.94,300259,CHF
2020-09-15,BRGN,191.47,191933,CHF
2020-09-15,CRYS,32.61,187195,CHF
2020-09-15,DELT,59.74,177220,EUR
2020-09-15,EDLW,40.04,292469,CHF
2020-09-15,FJRD,25.38,285760,USD
2020-09-15,GLAC,22.46,283204,CHF
2020-09-15,HLVT,58.75,116089,CHF
2020-09-15,IBEX,41.57,253667,EUR
2020-09-15,JURA,3238.36,217091,CHF
2020-09-16,ALPN,91.84,393509,CHF
2020-09-16,BRGN,194.33,148419,CHF
2020-09-16,CRYS,33.18,64440,CHF
2020-09-16,DELT,59.89,78461,EUR
2020-09-16,EDLW,40.14,22859,CHF
2020-09-16,FJRD,25.54,298834,USD
2020-09-16,GLAC,22.61,311413,CHF
2020-09-16,HLVT,59.64,111739,CHF
2020-09-16,IBEX,41.77,269042,EUR
2020-09-16,JURA,3308.73,219973,CHF
2020-09-17,ALPN,93.63,68740,CHF
2020-09-17,BRGN,197.42,190681,CHF
2020-09-17,CRYS,33.71,253504,CHF
2020-09-17,DELT,62.23,170935,EUR
2020-09-17,EDLW,40.39,227620,CHF
2020-09-17,FJRD,26.46,136006,USD
2020-09-17,GLAC,23.85,268394,CHF
2020-09-17,HLVT,60.82,379447,CHF
2020-09-17,IBEX,42.69,55377,EUR
2020-09-17,JURA,3375.43,42909,CHF
2020-09-18,ALPN,93.96,177338,CHF
2020-09-18,BRGN,196.98,397416,CHF
2020-09-18,CRYS,34.07,252948,CHF
2020-09-18,DELT,62.57,159188,EUR
2020-09-18,EDLW,40.57,144815,CHF
2020-09-18,FJRD,26.2,63659,USD
2020-09-18,GLAC,24.56,26039,CHF
2020-09-18,HLVT,61.97,221332,CHF
2020-09-18,IBEX,41.8,208297,EUR
2020-09-18,JURA,3'417.68,134058,CHF
2020-09-21,ALPN,94.96,66723,CHF
2020-09-21,BRGN,196.25,235955,CHF
2020-09-21,CRYS,34.38,76354,CHF
2020-09-21,DELT,61.81,355128,EUR
2020-09-21,EDLW,40.61,204111,CHF
2020-09-21,FJRD,26.14,335252,USD
2020-09-21,GLAC,24.53,116357,CHF
2020-09-21,HLVT,60.55,358363,CHF
2020-09-21,IBEX,41.42,326400,EUR
2020-09-21,JURA,3480.8,208208,CHF
2020-09-22,ALPN,98.7,161577,CHF
2020-09-22,BRGN,205.52,335178,CHF
2020-09-22,CRYS,35.35,264851,CHF
2020-09-22,DELT,63.65,332210,EUR
2020-09-22,EDLW,42.0,58322,CHF
2020-09-22,FJRD,27.16,188188,USD
2020-09-22,GLAC,25.4,232441,CHF
2020-09-22,HLVT,62.53,96970,CHF
2020-09-22,IBEX,42.27,83111,EUR
2020-09-22,JURA,3534.59,235505,CHF
2020-09-23,ALPN,100.65,332293,CHF
2020-09-23,BRGN,210.47,133347,CHF
2020-09-23,CRYS,36.22,262327,CHF
2020-09-23,DELT,63.42,230385,EUR
2020-09-23,EDLW,42.02,222300,CHF
2020-09-23,FJRD,27.97,136162,USD
2020-09-23,GLAC,25.15,226754,CHF
2020-09-23,HLVT,63.35,49521,CHF
2020-09-23,IBEX,42.54,397743,EUR
2020-09-23,JURA,3564.71,235424,CHF
2020-09-24,ALPN,99.17,63490,CHF
2020-09-24,BRGN,210.03,348680,CHF
2020-09-24,CRYS,37.11,288290,CHF
2020-09-24,DELT,62.79,48873,EUR
2020-09-24,EDLW,42.11,345491,CHF
2020-09-24,FJRD,27.86,342053,USD
2020-09-24,GLAC,25.73,65312,CHF
2020-09-24,HLVT,63.68,244486,CHF
2020-09-24,IBEX,40.98,198557,EUR
2020-09-24,JURA,3632.25,383579,CHF
2020-09-25,ALPN,98.82,112241,CHF
2020-09-25,BRGN,209.38,259011,CHF
2020-09-25,CRYS,37.14,318240,CHF
2020-09-25,DELT,61.94,257610,EUR
2020-09-25,EDLW,40.74,338177,CHF
2020-09-25,FJRD,27.87,113827,USD
2020-09-25,GLAC,25.4,215112,CHF
2020-09-25,HLVT,63.95,221455,CHF
2020-09-25,IBEX,40.31,180242,EUR
2020-09-25,JURA,3586.73,158340,CHF
2020-09-28,ALPN,99.17,162207,CHF
2020-09-28,BRGN,208.19,104150,CHF
2020-09-28,CRYS,36.39,152100,CHF
2020-09-28,DELT,60.98,161646,EUR
2020-09-28,EDLW,40.0,100921,CHF
2020-09-28,FJRD,27.24,362007,USD
2020-09-28,GLAC,25.17,305586,CHF
2020-09-28,HLVT,65.01,80642,CHF
2020-09-28,IBEX,39.62,256697,EUR
2020-09-28,JURA,3646.7,266646,CHF
2020-09-29,ALPN,101.55,219302,CHF
2020-09-29,BRGN,209.03,45785,CHF
2020-09-29,DELT,61.88,135561,EUR
2020-09-29,EDLW,39.68,383474,CHF
2020-09-29,FJRD,27.38,398196,USD
2020-09-29,GLAC,25.91,210486,CHF
2020-09-29,HLVT,65.52,343093,CHF
2020-09-29,IBEX,39.78,55485,EUR
2020-09-29,JURA,3613.0,394053,CHF
2020-09-30,ALPN,102.01,288064,CHF
2020-09-30,BRGN,204.88,255263,CHF
2020-09-30,CRYS,36.17,162332,CHF
2020-09-30,DELT,62.1,215145,EUR
2020-09-30,EDLW,38.47,136851,CHF
2020-09-30,FJRD,26.55,264292,USD
2020-09-30,GLAC,25.32,382771,CHF
2020-09-30,HLVT,65.15,393960,CHF
2020-09-30,IBEX,39.9,149672,EUR
2020-09-30,JURA,3623.39,210674,CHF
2020-10-01,ALPN,101.98,220932,CHF
2020-10-01,BRGN,203.95,209933,CHF
2020-10-01,CRYS,36.23,59803,CHF
2020-10-01,DELT,63.34,250959,EUR
2020-10-01,EDLW,38.14,312696,CHF
2020-10-01,FJRD,27.17,346920,USD
2020-10-01,GLAC,25.59,318328,CHF
2020-10-01,HLVT,66.8,248655,CHF
2020-10-01,IBEX,40.66,131976,EUR
2020-10-01,JURA,3689.97,241153,CHF
2020-10-02,ALPN,102.4,213372,CHF
2020-10-02,BRGN,207.07,180458,CHF
2020-10-02,CRYS,35.91,258429,CHF
2020-10-02,DELT,62.79,359596,EUR
2020-10-02,EDLW,38.25,33045,CHF
2020-10-02,FJRD,26.82,108291,USD
2020-10-02,HLVT,66.46,137334,CHF
2020-10-02,IBEX,40.23,24570,EUR
2020-10-02,JURA,3698.3,357905,CHF
2020-10-05,ALPN,101.2,100415,CHF
2020-10-05,BRGN,204.82,327513,CHF
2020-10-05,CRYS,36.17,70705,CHF
2020-10-05,DELT,61.55,182496,EUR
2020-10-05,EDLW,38.42,191107,CHF
2020-10-05,FJRD,26.67,83117,USD
2020-10-05,GLAC,25.74,51768,CHF
2020-10-05,HLVT,66.29,354318,CHF
2020-10-05,IBEX,40.75,374628,EUR
2020-10-05,JURA,3663.3,135442,CHF
2020-10-06,ALPN,102.66,35300,CHF
2020-10-06,BRGN,205.82,48833,CHF
2020-10-06,CRYS,37.28,99670,CHF
2020-10-06,DELT,62.81,233841,EUR
2020-10-06,EDLW,38.52,136097,CHF
2020-10-06,FJRD,27.37,158395,USD
2020-10-06,GLAC,26.23,135655,CHF
2020-10-06,HLVT,68.67,31585,CHF
2020-10-06,IBEX,41.74,79144,EUR
2020-10-06,JURA,3791.32,125155,CHF
2020-10-07,ALPN,103.65,35210,CHF
2020-10-07,BRGN,213.35,214290,CHF
2020-10-07,CRYS,38.45,370721,CHF
2020-10-07,DELT,63.89,246214,EUR
2020-10-07,EDLW,38.77,113526,CHF
2020-10-07,FJRD,27.91,26182,USD
2020-10-07,GLAC,26.88,379656,CHF
2020-10-07,HLVT,70.38,44212,CHF
2020-10-07,JURA,3865.19,254483,CHF
2020-10-08,ALPN,101.5,36368,CHF
2020-10-08,BRGN,213.87,143105,CHF
2020-10-08,CRYS,38.48,229438,CHF
2020-10-08,DELT,64.18,57856,EUR
2020-10-08,EDLW,37.71,161852,CHF
2020-10-08,FJRD,27.7,164329,USD
2020-10-08,GLAC,26.78,94152,CHF
2020-10-08,HLVT,69.15,101869,CHF
2020-10-08,IBEX,43.02,284328,EUR
2020-10-08,JURA,3812.71,162297,CHF
2020-10-09,ALPN,103.34,296424,CHF
2020-10-09,BRGN,212.51,389245,CHF
2020-10-09,CRYS,38.22,90348,CHF
2020-10-09,DELT,63.71,108063,EUR
2020-10-09,EDLW,38.38,188872,CHF
2020-10-09,FJRD,27.62,174814,USD
2020-10-09,GLAC,26.31,218881,CHF
2020-10-09,HLVT,68.46,51202,CHF
2020-10-09,IBEX,42.51,31707,EUR
2020-10-09,JURA,3840.17,40734,CHF
2020-10-12,ALPN,102.65,358595,CHF
2020-10-12,BRGN,212.66,127989,CHF
2020-10-12,CRYS,38.53,156630,CHF
2020-10-12,DELT,63.37,397178,EUR
2020-10-12,EDLW,38.16,194860,CHF
2020-10-12,FJRD,27.79,313602,USD
2020-10-12,GLAC,26.08,176096,CHF
2020-10-12,HLVT,68.72,137669,CHF
2020-10-12,IBEX,42.37,162716,EUR
2020-10-12,JURA,3786.08,280147,CHF
2020-10-13,ALPN,104.69,87395,CHF
2020-10-13,BRGN,218.27,330890,CHF
2020-10-13,CRYS,38.68,225184,CHF
2020-10-13,DELT,65.57,186121,EUR
2020-10-13,EDLW,38.54,223051,CHF
2020-10-13,FJRD,28.22,86168,USD
2020-10-13,GLAC,26.37,46327,CHF
2020-10-13,HLVT,70.94,230582,CHF
2020-10-13,IBEX,43.7,389101,EUR
2020-10-13,JURA,3828.89,191306,CHF
2020-10-14,ALPN,106.0,379520,CHF
2020-10-14,BRGN,225.48,189716,CHF
2020-10-14,CRYS,38.71,130035,CHF
2020-10-14,DELT,65.6,166008,EUR
2020-10-14,EDLW,38.29,344773,CHF
2020-10-14,FJRD,27.89,151829,USD
2020-10-14,GLAC,26.29,387040,CHF
2020-10-14,HLVT,69.72,199265,CHF
2020-10-14,IBEX,43.69,249908,EUR
2020-10-14,JURA,3851.25,98298,CHF
2020-10-15,ALPN,105.61,115179,CHF
2020-10-15,BRGN,219.37,132791,CHF
2020-10-15,CRYS,37.23,332857,CHF
2020-10-15,DELT,64.94,180727,EUR
2020-10-15,EDLW,37.95,127634,CHF
2020-10-15,FJRD,28.11,64387,USD
2020-10-15,GLAC,26.28,214190,CHF
2020-10-15,HLVT,70.52,360837,CHF
2020-10-15,IBEX,43.42,164176,EUR
2020-10-15,JURA,3883.4,190506,CHF
2020-10-16,ALPN,103.24,375836,CHF
2020-10-16,BRGN,218.93,291463,CHF
2020-10-16,CRYS,36.79,241132,CHF
2020-10-16,DELT,62.5,180578,EUR
2020-10-16,EDLW,37.51,68908,CHF
2020-10-16,FJRD,27.56,81444,USD
2020-10-16,GLAC,25.88,362485,CHF
2020-10-16,HLVT,70.41,56372,CHF
2020-10-16,IBEX,43.93,215744,EUR
2020-10-16,JURA,3'825.01,58580,CHF
2020-10-19,ALPN,104.34,92648,CHF
2020-10-19,BRGN,220.04,184295,CHF
2020-10-19,CRYS,37.28,111358,CHF
2020-10-19,DELT,62.29,65675,EUR
2020-10-19,EDLW,38.22,290941,CHF
2020-10-19,FJRD,27.73,154422,USD
2020-10-19,GLAC,26.06,153399,CHF
2020-10-19,HLVT,71.33,337264,CHF
2020-10-19,IBEX,44.92,340644,EUR
2020-10-19,JURA,3903.8,87883,CHF
2020-10-20,ALPN,104.16,323975,CHF
2020-10-20,BRGN,214.68,217593,CHF
2020-10-20,CRYS,37.55,206828,CHF
2020-10-20,DELT,61.15,90968,EUR
2020-10-20,EDLW,38.12,203806,CHF
2020-10-20,FJRD,27.65,24522,USD
2020-10-20,GLAC,25.95,147540,CHF
2020-10-20,HLVT,71.91,228230,CHF
2020-10-20,IBEX,45.27,154773,EUR
2020-10-20,JURA,3859.33,294340,CHF
2020-10-21,ALPN,107.23,151201,CHF
2020-10-21,BRGN,212.47,274744,CHF
2020-10-21,CRYS,37.9,268515,CHF
2020-10-21,DELT,61.6,318216,EUR
2020-10-21,EDLW,37.76,68053,CHF
2020-10-21,FJRD,27.58,218192,USD
2020-10-21,GLAC,26.14,268165,CHF
2020-10-21,HLVT,71.39,39345,CHF
2020-10-21,IBEX,45.81,22870,EUR
2020-10-21,JURA,3891.83,149048,CHF
2020-10-22,ALPN,106.73,248424,CHF
2020-10-22,BRGN,213.22,364233,CHF
2020-10-22,CRYS,38.25,158032,CHF
2020-10-22,DELT,61.71,306269,EUR
2020-10-22,EDLW,38.65,108768,CHF
2020-10-22,FJRD,27.72,25580,USD
2020-10-22,GLAC,26.48,191692,CHF
2020-10-22,HLVT,71.78,95469,CHF
2020-10-22,IBEX,45.52,32246,EUR
2020-10-22,JURA,3906.7,78247,CHF
2020-10-23,ALPN,106.87,186055,CHF
2020-10-23,BRGN,210.11,357438,CHF
2020-10-23,CRYS,37.07,113908,CHF
2020-10-23,DELT,59.85,120090,EUR
2020-10-23,EDLW,37.79,98665,CHF
2020-10-23,FJRD,27.25,351632,USD
2020-10-23,GLAC,25.87,144651,CHF
2020-10-23,HLVT,71.98,150673,CHF
2020-10-23,IBEX,45.29,134562,EUR
2020-10-23,JURA,3813.32,331411,CHF
2020-10-26,ALPN,108.8,292586,CHF
2020-10-26,BRGN,214.57,377820,CHF
2020-10-26,CRYS,37.9,289662,CHF
2020-10-26,DELT,60.73,213986,EUR
2020-10-26,EDLW,37.71,180541,CHF
2020-10-26,FJRD,27.87,364932,USD
2020-10-26,GLAC,26.2,200034,CHF
2020-10-26,HLVT,74.7,381873,CHF
2020-10-26,IBEX,45.68,221553,EUR
2020-10-26,JURA,3844.9,234201,CHF
2020-10-27,ALPN,108.27,305368,CHF
2020-10-27,BRGN,215.52,278159,CHF
2020-10-27,CRYS,37.64,227844,CHF
2020-10-27,DELT,61.08,111074,EUR
2020-10-27,EDLW,38.33,328591,CHF
2020-10-27,FJRD,28.15,342724,USD
2020-10-27,GLAC,25.82,61024,CHF
2020-10-27,HLVT,75.79,376759,CHF
2020-10-27,IBEX,45.89,158871,EUR
2020-10-27,JURA,3925.86,272118,CHF
2020-10-28,ALPN,105.98,369771,CHF
2020-10-28,BRGN,213.34,23161,CHF
2020-10-28,CRYS,37.63,44671,CHF
2020-10-28,DELT,60.34,126378,EUR
2020-10-28,EDLW,37.82,180876,CHF
2020-10-28,FJRD,27.61,385689,USD
2020-10-28,GLAC,25.49,183761,CHF
2020-10-28,HLVT,74.15,267724,CHF
2020-10-28,IBEX,44.94,286943,EUR
2020-10-28,JURA,3881.83,121143,CHF
2020-10-29,ALPN,106.87,255259,CHF
2020-10-29,BRGN,210.92,210700,CHF
2020-10-29,CRYS,38.07,318924,CHF
2020-10-29,DELT,60.71,158571,EUR
2020-10-29,EDLW,38.0,306598,CHF
2020-10-29,FJRD,27.77,217480,USD
2020-10-29,GLAC,25.79,244924,CHF
2020-10-29,HLVT,72.57,144124,CHF
2020-10-29,IBEX,45.26,391243,EUR
2020-10-29,JURA,3984.49,362534,CHF
2020-10-30,ALPN,106.33,91606,CHF
2020-10-30,BRGN,209.15,243003,CHF
2020-10-30,CRYS,37.78,345489,CHF
2020-10-30,DELT,60.61,200301,EUR
2020-10-30,EDLW,37.35,156484,CHF
2020-10-30,FJRD,27.74,53765,USD
2020-10-30,GLAC,25.64,312659,CHF
2020-10-30,HLVT,72.57,111658,CHF
2020-10-30,IBEX,45.7,394445,EUR
2020-10-30,JURA,3939.28,390567,CHF
2020-11-02,ALPN,107.4,123223,CHF
2020-11-02,BRGN,213.03,364526,CHF
2020-11-02,CRYS,38.73,279127,CHF
2020-11-02,DELT,60.56,333566,EUR
2020-11-02,EDLW,38.35,196123,CHF
2020-11-02,FJRD,2791.0,228512,USD
2020-11-02,GLAC,26.62,373968,CHF
2020-11-02,HLVT,75.1,219025,CHF
2020-11-02,IBEX,46.18,394116,EUR
2020-11-02,JURA,3989.18,340929,CHF
2020-11-03,ALPN,107.39,280634,CHF
2020-11-03,BRGN,217.07,202427,CHF
2020-11-03,CRYS,38.57,146098,CHF
2020-11-03,DELT,60.71,150214,EUR
2020-11-03,EDLW,38.26,193155,CHF
2020-11-03,FJRD,27.91,120979,USD
2020-11-03,GLAC,26.81,26316,CHF
2020-11-03,HLVT,75.39,347296,CHF
2020-11-03,IBEX,45.36,235937,EUR
2020-11-03,JURA,4009.15,160324,CHF
2020-11-04,ALPN,107.81,137473,CHF
2020-11-04,BRGN,215.79,88730,CHF
2020-11-04,CRYS,38.56,224475,CHF
2020-11-04,DELT,61.74,353861,EUR
2020-11-04,EDLW,38.66,70736,CHF
2020-11-04,FJRD,28.24,172882,USD
2020-11-04,GLAC,26.58,339487,CHF
2020-11-04,HLVT,74.17,39118,CHF
2020-11-04,IBEX,43.61,129966,EUR
2020-11-04,JURA,3898.98,385130,CHF
2020-11-05,ALPN,107.29,163115,CHF
2020-11-05,BRGN,214.57,274968,CHF
2020-11-05,CRYS,39.1,320781,CHF
2020-11-05,DELT,63.88,233799,EUR
2020-11-05,EDLW,39.35,213199,CHF
2020-11-05,FJRD,28.76,220897,USD
2020-11-05,GLAC,27.23,116817,CHF
2020-11-05,HLVT,74.65,349435,CHF
2020-11-05,IBEX,44.39,120952,EUR
2020-11-05,JURA,3915.91,150161,CHF
2020-11-06,ALPN,108.52,148799,CHF
2020-11-06,BRGN,213.13,318261,CHF
2020-11-06,CRYS,39.17,381697,CHF
2020-11-06,DELT,64.61,131651,EUR
2020-11-06,EDLW,39.88,131895,CHF
2020-11-06,FJRD,28.94,247322,USD
2020-11-06,GLAC,27.55,43871,CHF
2020-11-06,HLVT,73.12,311173,CHF
2020-11-06,IBEX,44.85,102891,EUR
2020-11-06,JURA,3903.84,306966,CHF
2020-11-09,ALPN,104.29,215397,CHF
2020-11-09,BRGN,214.6,76533,CHF
2020-11-09,CRYS,39.29,34202,CHF
2020-11-09,DELT,63.43,259205,EUR
2020-11-09,EDLW,39.47,29958,CHF
2020-11-09,FJRD,28.13,250555,USD
2020-11-09,GLAC,27.74,198855,CHF
2020-11-09,HLVT,71.97,224684,CHF
2020-11-09,IBEX,44.56,276939,EUR
2020-11-09,JURA,3888.11,148738,CHF
2020-11-10,ALPN,102.36,206007,CHF
2020-11-10,BRGN,208.52,71082,CHF
2020-11-10,CRYS,39.33,79320,CHF
2020-11-10,DELT,63.95,48060,EUR
2020-11-10,EDLW,39.57,119073,CHF
2020-11-10,FJRD,28.04,319764,USD
2020-11-10,GLAC,27.17,207107,CHF
2020-11-10,HLVT,71.14,136104,CHF
2020-11-10,IBEX,43.35,372699,EUR
2020-11-10,JURA,3863.66,67213,CHF
2020-11-11,ALPN,101.56,170396,CHF
2020-11-11,BRGN,206.69,216151,CHF
2020-11-11,CRYS,39.62,124236,CHF
2020-11-11,DELT,63.3,317031,EUR
2020-11-11,EDLW,39.24,390780,CHF
2020-11-11,FJRD,27.82,304932,USD
2020-11-11,GLAC,26.87,56405,CHF
2020-11-11,HLVT,70.99,26580,CHF
2020-11-11,IBEX,42.46,279293,EUR
2020-11-11,JURA,3900.6,108732,CHF
2020-11-12,ALPN,105.41,68712,CHF
2020-11-12,BRGN,205.44,258176,CHF
2020-11-12,CRYS,40.2,177077,CHF
2020-11-12,DELT,64.65,253552,EUR
2020-11-12,EDLW,40.62,386715,CHF
2020-11-12,FJRD,27.93,160897,USD
2020-11-12,GLAC,27.33,146639,CHF
2020-11-12,HLVT,72.17,188488,CHF
2020-11-12,IBEX,42.74,267669,EUR
2020-11-12,JURA,3968.14,352805,CHF
2020-11-13,ALPN,104.83,304293,CHF
2020-11-13,BRGN,203.96,286226,CHF
2020-11-13,CRYS,39.48,394898,CHF
2020-11-13,DELT,65.03,348274,EUR
2020-11-13,EDLW,40.39,120133,CHF
2020-11-13,FJRD,27.54,377429,USD
2020-11-13,GLAC,26.96,378688,CHF
2020-11-13,HLVT,69.31,248952,CHF
2020-11-13,IBEX,42.25,354779,EUR
2020-11-13,JURA,3'924.32,189031,CHF
2020-11-16,ALPN,104.68,48872,CHF
2020-11-16,BRGN,202.78,151358,CHF
2020-11-16,CRYS,39.95,154324,CHF
2020-11-16,DELT,66.57,142497,EUR
2020-11-16,EDLW,41.68,87380,CHF
2020-11-16,FJRD,27.9,27274,USD
2020-11-16,GLAC,27.18,93742,CHF
2020-11-16,HLVT,70.63,240796,CHF
2020-11-16,IBEX,42.07,89969,EUR
2020-11-16,JURA,3988.17,365162,CHF
2020-11-17,ALPN,103.15,280583,CHF
2020-11-17,BRGN,202.97,44647,CHF
2020-11-17,CRYS,39.84,232195,CHF
2020-11-17,DELT,67.33,64232,EUR
2020-11-17,EDLW,41.52,236416,CHF
2020-11-17,FJRD,28.85,363705,USD
2020-11-17,GLAC,27.09,134273,CHF
2020-11-17,HLVT,71.5,153775,CHF
2020-11-17,IBEX,42.03,244093,EUR
2020-11-17,JURA,3963.4,148007,CHF
2020-11-18,ALPN,103.0,228299,CHF
2020-11-18,BRGN,207.84,65991,CHF
2020-11-18,CRYS,40.27,366754,CHF
2020-11-18,DELT,68.2,41715,EUR
2020-11-18,EDLW,41.97,236013,CHF
2020-11-18,FJRD,28.65,31524,USD
2020-11-18,GLAC,27.52,294434,CHF
2020-11-18,HLVT,72.4,101388,CHF
2020-11-18,IBEX,41.57,215922,EUR
2020-11-18,JURA,4051.41,318060,CHF
2020-11-19,ALPN,102.48,352866,CHF
2020-11-19,BRGN,205.67,183849,CHF
2020-11-19,CRYS,38.72,155211,CHF
2020-11-19,DELT,68.53,167595,EUR
2020-11-19,EDLW,41.89,188917,CHF
2020-11-19,FJRD,28.08,131079,USD
2020-11-19,GLAC,27.31,398764,CHF
2020-11-19,HLVT,70.53,74230,CHF
2020-11-19,IBEX,40.58,356602,EUR
2020-11-19,JURA,4025.77,168122,CHF
2020-11-20,ALPN,99.84,139902,CHF
2020-11-20,BRGN,201.41,38405,CHF
2020-11-20,CRYS,37.11,313099,CHF
2020-11-20,DELT,67.65,126297,EUR
2020-11-20,EDLW,41.2,247475,CHF
2020-11-20,FJRD,27.36,293528,USD
2020-11-20,GLAC,26.19,35407,CHF
2020-11-20,HLVT,70.31,387294,CHF
2020-11-20,IBEX,39.96,50721,EUR
2020-11-20,JURA,3985.74,144875,CHF
2020-11-23,ALPN,98.24,143886,CHF
2020-11-23,BRGN,201.25,28289,CHF
2020-11-23,CRYS,36.71,40971,CHF
2020-11-23,DELT,67.4,76365,EUR
2020-11-23,EDLW,40.62,37581,CHF
2020-11-23,FJRD,27.32,94456,USD
2020-11-23,GLAC,25.43,257349,CHF
2020-11-23,HLVT,69.22,194750,CHF
2020-11-23,IBEX,40.16,337426,EUR
2020-11-23,JURA,3992.2,64129,CHF
2020-11-24,ALPN,98.04,370546,CHF
2020-11-24,BRGN,200.0,126535,CHF
2020-11-24,CRYS,36.1,293969,CHF
2020-11-24,DELT,66.46,118810,EUR
2020-11-24,EDLW,39.9,160499,CHF
2020-11-24,FJRD,26.69,285591,USD
2020-11-24,GLAC,24.92,50778,CHF
2020-11-24,HLVT,68.21,323890,CHF
2020-11-24,IBEX,39.67,82406,EUR
2020-11-24,JURA,3905.49,198364,CHF
2020-11-25,ALPN,97.09,360029,CHF
2020-11-25,BRGN,195.77,310833,CHF
2020-11-25,CRYS,35.99,371568,CHF
2020-11-25,DELT,65.49,320128,EUR
2020-11-25,EDLW,40.14,36575,CHF
2020-11-25,FJRD,26.6,68486,USD
2020-11-25,GLAC,24.47,128998,CHF
2020-11-25,HLVT,67.45,211383,CHF
2020-11-25,IBEX,38.25,298130,EUR
2020-11-25,JURA,3827.01,39293,CHF
2020-11-26,ALPN,98.02,363113,CHF
2020-11-26,BRGN,193.03,44658,CHF
2020-11-26,CRYS,35.57,118676,CHF
2020-11-26,DELT,66.44,91527,EUR
2020-11-26,EDLW,40.68,95212,CHF
2020-11-26,FJRD,27.06,91935,USD
2020-11-26,GLAC,24.62,221824,CHF
2020-11-26,HLVT,68.08,36472,CHF
2020-11-26,IBEX,37.81,252770,EUR
2020-11-26,JURA,3774.27,152082,CHF
2020-11-27,ALPN,96.88,69170,CHF
2020-11-27,BRGN,189.65,60049,CHF
2020-11-27,CRYS,34.94,227788,CHF
2020-11-27,DELT,65.57,275128,EUR
2020-11-27,EDLW,41.13,212843,CHF
2020-11-27,FJRD,27.14,186604,USD
2020-11-27,GLAC,24.61,21224,CHF
2020-11-27,HLVT,68.42,344219,CHF
2020-11-27,IBEX,37.79,79823,EUR
2020-11-27,JURA,3761.15,99383,CHF
2020-11-30,ALPN,96.8,200956,CHF
2020-11-30,BRGN,192.41,341774,CHF
2020-11-30,CRYS,34.89,277442,CHF
2020-11-30,DELT,65.47,366859,EUR
2020-11-30,FJRD,27.57,318448,USD
2020-11-30,GLAC,25.29,67609,CHF
2020-11-30,HLVT,69.58,139449,CHF
2020-11-30,IBEX,38.42,158261,EUR
2020-11-30,JURA,3837.14,89068,CHF
2020-12-01,ALPN,94.55,150656,CHF
2020-12-01,BRGN,190.73,56723,CHF
2020-12-01,CRYS,33.42,205414,CHF
2020-12-01,DELT,65.09,59993,EUR
2020-12-01,EDLW,41.46,78113,CHF
2020-12-01,FJRD,26.77,84703,USD
2020-12-01,GLAC,25.2,172916,CHF
2020-12-01,HLVT,68.99,359649,CHF
2020-12-01,IBEX,37.64,53763,EUR
2020-12-01,JURA,3885.61,173795,CHF
2020-12-02,ALPN,93.79,376044,CHF
2020-12-02,BRGN,188.98,323667,CHF
2020-12-02,CRYS,33.68,230442,CHF
2020-12-02,DELT,65.34,370899,EUR
2020-12-02,EDLW,41.49,318837,CHF
2020-12-02,FJRD,26.98,351281,USD
2020-12-02,GLAC,25.46,264418,CHF
2020-12-02,HLVT,70.03,102228,CHF
2020-12-02,IBEX,38.45,161598,EUR
2020-12-02,JURA,3898.36,369539,CHF
2020-12-03,ALPN,93.18,140722,CHF
2020-12-03,BRGN,185.03,264145,CHF
2020-12-03,CRYS,33.75,198578,CHF
2020-12-03,DELT,65.41,352341,EUR
2020-12-03,EDLW,41.72,293456,CHF
2020-12-03,FJRD,27.15,93768,USD
2020-12-03,GLAC,25.37,218779,CHF
2020-12-03,HLVT,67.99,393545,CHF
2020-12-03,IBEX,38.4,201843,EUR
2020-12-03,JURA,3938.95,347388,CHF
2020-12-04,ALPN,92.46,336391,CHF
2020-12-04,BRGN,185.44,180051,CHF
2020-12-04,CRYS,32.89,318593,CHF
2020-12-04,DELT,63.13,291355,EUR
2020-12-04,EDLW,41.13,114986,CHF
2020-12-04,GLAC,24.66,216318,CHF
2020-12-04,HLVT,66.81,311771,CHF
2020-12-04,IBEX,37.93,143401,EUR
2020-12-04,JURA,3845.84,325334,CHF
2020-12-07,ALPN,92.71,195213,CHF
2020-12-07,BRGN,186.99,142447,CHF
2020-12-07,CRYS,33.11,264198,CHF
2020-12-07,DELT,63.29,292292,EUR
2020-12-07,EDLW,41.23,210194,CHF
2020-12-07,FJRD,25.89,363178,USD
2020-12-07,GLAC,24.84,192770,CHF
2020-12-07,HLVT,67.5,358500,CHF
2020-12-07,IBEX,38.09,197354,EUR
2020-12-07,JURA,3811.57,54646,CHF
2020-12-08,ALPN,92.67,261569,CHF
2020-12-08,BRGN,190.19,124008,CHF
2020-12-08,CRYS,33.21,369669,CHF
2020-12-08,DELT,62.62,33187,EUR
2020-12-08,EDLW,39.85,332414,CHF
2020-12-08,FJRD,25.65,84348,USD
2020-12-08,GLAC,24.35,307633,CHF
2020-12-08,HLVT,67.01,359296,CHF
2020-12-08,IBEX,38.21,90399,EUR
2020-12-08,JURA,3801.22,29644,CHF
2020-12-09,ALPN,91.93,294048,CHF
2020-12-09,BRGN,188.82,84075,CHF
2020-12-09,CRYS,32.91,387463,CHF
2020-12-09,DELT,62.15,358865,EUR
2020-12-09,EDLW,39.54,99315,CHF
2020-12-09,FJRD,25.15,293345,USD
2020-12-09,GLAC,24.27,292304,CHF
2020-12-09,HLVT,67.23,109313,CHF
2020-12-09,IBEX,37.65,362840,EUR
2020-12-09,JURA,3771.45,38521,CHF
2020-12-10,ALPN,90.07,58496,CHF
2020-12-10,BRGN,190.48,315632,CHF
2020-12-10,CRYS,32.14,137802,CHF
2020-12-10,DELT,60.93,159350,EUR
2020-12-10,EDLW,39.29,33804,CHF
2020-12-10,FJRD,24.6,193375,USD
2020-12-10,GLAC,23.47,104259,CHF
2020-12-10,HLVT,66.94,33788,CHF
2020-12-10,IBEX,36.99,160760,EUR
2020-12-10,JURA,3712.57,217364,CHF
2020-12-11,ALPN,89.73,166512,CHF
2020-12-11,ALPN,89.73,166512,CHF
2020-12-11,BRGN,191.73,233289,CHF
2020-12-11,CRYS,32.46,115298,CHF
2020-12-11,DELT,62.26,38625,EUR
2020-12-11,EDLW,38.94,39262,CHF
2020-12-11,FJRD,24.59,233527,USD
2020-12-11,GLAC,23.87,318159,CHF
2020-12-11,HLVT,67.25,125364,CHF
2020-12-11,IBEX,37.35,94077,EUR
2020-12-11,JURA,3'668.85,141322,CHF
2020-12-14,ALPN,89.44,178182,CHF
2020-12-14,BRGN,188.33,201003,CHF
2020-12-14,CRYS,32.46,152428,CHF
2020-12-14,DELT,61.84,62925,EUR
2020-12-14,EDLW,38.18,206846,CHF
2020-12-14,FJRD,24.91,171663,USD
2020-12-14,GLAC,24.44,174258,CHF
2020-12-14,HLVT,68.0,121780,CHF
2020-12-14,IBEX,38.33,312727,EUR
2020-12-14,JURA,3706.78,151553,CHF
2020-12-15,ALPN,89.32,104389,CHF
2020-12-15,BRGN,184.09,345061,CHF
2020-12-15,CRYS,31.09,377017,CHF
2020-12-15,DELT,60.31,339882,EUR
2020-12-15,EDLW,37.36,281490,CHF
2020-12-15,FJRD,24.35,244231,USD
2020-12-15,GLAC,23.04,204405,CHF
2020-12-15,HLVT,66.85,108798,CHF
2020-12-15,IBEX,38.04,109438,EUR
2020-12-15,JURA,3600.5,54409,CHF
2020-12-16,ALPN,90.37,302617,CHF
2020-12-16,BRGN,183.31,261053,CHF
2020-12-16,CRYS,31.52,331408,CHF
2020-12-16,DELT,60.74,196955,EUR
2020-12-16,EDLW,37.81,348961,CHF
2020-12-16,FJRD,24.73,43985,USD
2020-12-16,GLAC,22.82,55236,CHF
2020-12-16,HLVT,68.43,353345,CHF
2020-12-16,IBEX,38.45,286301,EUR
2020-12-16,JURA,3679.21,169565,CHF
2020-12-17,ALPN,89.85,227521,CHF
2020-12-17,BRGN,182.13,31514,CHF
2020-12-17,CRYS,31.45,293511,CHF
2020-12-17,DELT,61.17,324694,EUR
2020-12-17,EDLW,37.56,176850,CHF
2020-12-17,FJRD,24.86,375494,USD
2020-12-17,GLAC,22.76,72041,CHF
2020-12-17,HLVT,69.08,99594,CHF
2020-12-17,IBEX,38.36,71315,EUR
2020-12-17,JURA,3728.42,315645,CHF
2020-12-18,ALPN,89.31,94214,CHF
2020-12-18,BRGN,181.75,371388,CHF
2020-12-18,DELT,60.83,215650,EUR
2020-12-18,EDLW,37.93,371422,CHF
2020-12-18,FJRD,24.36,260316,USD
2020-12-18,GLAC,22.58,226220,CHF
2020-12-18,HLVT,67.23,233350,CHF
2020-12-18,IBEX,37.73,351247,EUR
2020-12-18,JURA,3760.15,236742,CHF
2020-12-21,ALPN,88.76,261941,CHF
2020-12-21,BRGN,185.54,109716,CHF
2020-12-21,CRYS,30.8,354588,CHF
2020-12-21,DELT,61.68,219080,EUR
2020-12-21,EDLW,38.01,28063,CHF
2020-12-21,FJRD,24.51,242492,USD
2020-12-21,GLAC,22.54,141263,CHF
2020-12-21,HLVT,66.88,339083,CHF
2020-12-21,IBEX,36.87,357841,EUR
2020-12-21,JURA,3708.32,82200,CHF
2020-12-22,ALPN,88.56,218273,CHF
2020-12-22,BRGN,187.4,46259,CHF
2020-12-22,CRYS,31.13,379326,CHF
2020-12-22,DELT,62.48,39108,EUR
2020-12-22,EDLW,37.98,27316,CHF
2020-12-22,FJRD,24.44,297379,USD
2020-12-22,GLAC,23.59,275906,CHF
2020-12-22,HLVT,68.47,350462,CHF
2020-12-22,IBEX,36.65,295087,EUR
2020-12-22,JURA,3689.14,276348,CHF
2020-12-23,ALPN,85.07,177155,CHF
2020-12-23,BRGN,186.27,323173,CHF
2020-12-23,CRYS,29.77,342012,CHF
2020-12-23,DELT,61.01,303718,EUR
2020-12-23,EDLW,37.08,207902,CHF
2020-12-23,FJRD,23.68,182452,USD
2020-12-23,GLAC,22.6,343683,CHF
2020-12-23,HLVT,65.94,136984,CHF
2020-12-23,IBEX,36.06,81360,EUR
2020-12-23,JURA,3624.89,244801,CHF
2020-12-24,ALPN,83.87,37933,CHF
2020-12-24,BRGN,186.1,367486,CHF
2020-12-24,CRYS,29.46,62985,CHF
2020-12-24,DELT,59.41,255219,EUR
2020-12-24,EDLW,37.64,141475,CHF
2020-12-24,FJRD,23.66,383553,USD
2020-12-24,GLAC,22.34,136504,CHF
2020-12-24,HLVT,65.68,130450,CHF
2020-12-24,IBEX,35.59,366146,EUR
2020-12-24,JURA,3662.76,100272,CHF
2020-12-25,ALPN,83.5,265610,CHF
2020-12-25,BRGN,185.13,348439,CHF
2020-12-25,CRYS,29.51,161919,CHF
2020-12-25,DELT,58.09,204953,EUR
2020-12-25,EDLW,37.43,153693,CHF
2020-12-25,FJRD,23.07,207981,USD
2020-12-25,GLAC,21.74,274631,CHF
2020-12-25,HLVT,65.3,156563,CHF
2020-12-25,IBEX,35.6,32148,EUR
2020-12-25,JURA,3663.69,343373,CHF
2020-12-28,ALPN,85.08,366936,CHF
2020-12-28,BRGN,184.66,213623,CHF
2020-12-28,CRYS,29.49,326814,CHF
2020-12-28,DELT,58.19,247946,EUR
2020-12-28,EDLW,37.69,154700,CHF
2020-12-28,FJRD,23.12,299263,USD
2020-12-28,GLAC,21.88,171991,CHF
2020-12-28,HLVT,65.34,373576,CHF
2020-12-28,IBEX,35.13,278440,EUR
2020-12-28,JURA,3635.68,399903,CHF
2020-12-29,ALPN,83.45,27729,CHF
2020-12-29,BRGN,183.06,253582,CHF
2020-12-29,CRYS,29.23,75810,CHF
2020-12-29,DELT,58.15,283524,EUR
2020-12-29,EDLW,37.3,102135,CHF
2020-12-29,FJRD,22.57,76078,USD
2020-12-29,GLAC,21.7,311517,CHF
2020-12-29,HLVT,64.49,197952,CHF
2020-12-29,IBEX,34.21,285718,EUR
2020-12-29,JURA,3594.09,318744,CHF
2020-12-30,ALPN,83.99,345465,CHF
2020-12-30,BRGN,179.46,112116,CHF
2020-12-30,CRYS,29.29,271340,CHF
2020-12-30,DELT,57.19,239027,EUR
2020-12-30,EDLW,36.66,71036,CHF
2020-12-30,FJRD,22.94,148679,USD
2020-12-30,GLAC,21.92,344363,CHF
2020-12-30,HLVT,63.84,60336,CHF
2020-12-30,IBEX,33.7,251560,EUR
2020-12-30,JURA,3541.36,261998,CHF
2020-12-31,ALPN,83.58,46412,CHF
2020-12-31,BRGN,179.35,204618,CHF
2020-12-31,CRYS,29.02,162781,CHF
2020-12-31,DELT,56.33,189193,EUR
2020-12-31,EDLW,36.44,397204,CHF
2020-12-31,FJRD,22.69,248854,USD
2020-12-31,GLAC,21.96,55611,CHF
2020-12-31,HLVT,63.13,230406,CHF
2020-12-31,IBEX,33.72,123226,EUR
2020-12-31,JURA,3483.42,223876,CHF
2021-01-01,ALPN,83.13,170878,CHF
2021-01-01,BRGN,177.59,334780,CHF
2021-01-01,CRYS,28.66,119164,CHF
2021-01-01,DELT,56.29,100864,EUR
2021-01-01,EDLW,36.3,308904,CHF
2021-01-01,FJRD,22.88,230218,USD
2021-01-01,GLAC,22.11,365728,CHF
2021-01-01,HLVT,63.05,20729,CHF
2021-01-01,IBEX,34.14,198835,EUR
2021-01-01,JURA,3503.6,129738,CHF
2021-01-04,ALPN,84.94,124430,CHF
2021-01-04,BRGN,173.92,67378,CHF
2021-01-04,CRYS,29.11,22829,CHF
2021-01-04,DELT,57.02,153839,EUR
2021-01-04,EDLW,36.46,165559,CHF
2021-01-04,FJRD,23.68,280022,USD
2021-01-04,GLAC,22.49,78203,CHF
2021-01-04,HELV,64.81,356380,CHF
2021-01-04,IBEX,34.21,26857,EUR
2021-01-04,JURA,3497.87,315136,CHF
2021-01-05,ALPN,83.94,361452,CHF
2021-01-05,BRGN,172.55,66193,CHF
2021-01-05,CRYS,29.08,300410,CHF
2021-01-05,DELT,56.7,113128,EUR
2021-01-05,EDLW,36.74,294634,CHF
2021-01-05,FJRD,23.37,32702,USD
2021-01-05,GLAC,22.95,309819,CHF
2021-01-05,HELV,65.18,29386,CHF
2021-01-05,IBEX,33.73,144366,EUR
2021-01-05,JURA,3487.99,146411,CHF
2021-01-06,ALPN,81.98,81467,CHF
2021-01-06,BRGN,169.63,201220,CHF
2021-01-06,CRYS,28.98,325220,CHF
2021-01-06,DELT,55.85,229793,EUR
2021-01-06,EDLW,36.59,38656,CHF
2021-01-06,FJRD,22.83,284040,USD
2021-01-06,GLAC,22.73,270494,CHF
2021-01-06,HELV,62.91,336184,CHF
2021-01-06,IBEX,33.38,299507,EUR
2021-01-06,JURA,3398.41,205186,CHF
2021-01-07,ALPN,83.14,150070,CHF
2021-01-07,BRGN,167.53,354396,CHF
2021-01-07,CRYS,28.75,329721,CHF
2021-01-07,DELT,55.04,87648,EUR
2021-01-07,EDLW,36.61,198926,CHF
2021-01-07,FJRD,23.27,301394,USD
2021-01-07,GLAC,22.7,67451,CHF
2021-01-07,HELV,62.99,192001,CHF
2021-01-07,IBEX,34.07,258629,EUR
2021-01-07,JURA,3407.48,371811,CHF
2021-01-08,ALPN,79.26,203955,CHF
2021-01-08,BRGN,165.3,136840,CHF
2021-01-08,CRYS,27.79,319012,CHF
2021-01-08,DELT,53.6,127032,EUR
2021-01-08,EDLW,36.16,100208,CHF
2021-01-08,FJRD,22.67,71325,USD
2021-01-08,GLAC,22.35,102966,CHF
2021-01-08,HELV,61.0,368916,CHF
2021-01-08,IBEX,33.77,132165,EUR
2021-01-08,JURA,3'421.39,97303,CHF
2021-01-11,ALPN,79.49,168342,CHF
2021-01-11,BRGN,167.81,216904,CHF
2021-01-11,CRYS,28.21,309151,CHF
2021-01-11,DELT,54.2,209791,EUR
2021-01-11,EDLW,35.89,328547,CHF
2021-01-11,FJRD,22.91,66946,USD
2021-01-11,GLAC,22.33,203723,CHF
2021-01-11,HELV,62.13,187823,CHF
2021-01-11,IBEX,33.68,122410,EUR
2021-01-11,JURA,3413.31,137044,CHF
2021-01-12,ALPN,79.37,125499,CHF
2021-01-12,BRGN,167.96,386020,CHF
2021-01-12,CRYS,27.85,179649,CHF
2021-01-12,DELT,53.6,131156,EUR
2021-01-12,EDLW,35.45,310479,CHF
2021-01-12,FJRD,23.06,253935,USD
2021-01-12,GLAC,22.62,149040,CHF
2021-01-12,HELV,62.48,209356,CHF
2021-01-12,IBEX,33.4,268101,EUR
2021-01-12,JURA,3447.4,100015,CHF
2021-01-13,ALPN,78.82,338686,CHF
2021-01-13,BRGN,165.46,277879,CHF
2021-01-13,CRYS,27.3,92619,CHF
2021-01-13,DELT,53.86,143743,EUR
2021-01-13,EDLW,35.43,318504,CHF
2021-01-13,FJRD,23.64,124673,USD
2021-01-13,GLAC,22.91,61450,CHF
2021-01-13,HELV,62.97,364630,CHF
2021-01-13,IBEX,32.95,110386,EUR
2021-01-13,JURA,3428.63,384124,CHF
2021-01-14,ALPN,78.3,31508,CHF
2021-01-14,BRGN,168.83,120606,CHF
2021-01-14,CRYS,27.95,324390,CHF
2021-01-14,DELT,55.4,201300,EUR
2021-01-14,EDLW,35.06,72211,CHF
2021-01-14,FJRD,24.02,287249,USD
2021-01-14,GLAC,23.41,327238,CHF
2021-01-14,HELV,61.73,372175,CHF
2021-01-14,IBEX,33.39,343024,EUR
2021-01-14,JURA,3487.62,332980,CHF
2021-01-15,ALPN,79.95,174132,CHF
2021-01-15,BRGN,171.51,62674,CHF
2021-01-15,CRYS,27.65,369279,CHF
2021-01-15,DELT,55.22,225596,EUR
2021-01-15,EDLW,34.68,331425,CHF
2021-01-15,FJRD,24.3,216324,USD
2021-01-15,GLAC,23.66,59561,CHF
2021-01-15,HELV,62.16,375579,CHF
2021-01-15,IBEX,33.61,339342,EUR
2021-01-15,JURA,3501.23,186213,CHF
2021-01-18,ALPN,82.05,381892,CHF
2021-01-18,BRGN,172.32,387656,CHF
2021-01-18,CRYS,27.56,78316,CHF
2021-01-18,DELT,54.04,53209,EUR
2021-01-18,EDLW,34.52,367863,CHF
2021-01-18,FJRD,23.99,33176,USD
2021-01-18,GLAC,23.45,39435,CHF
2021-01-18,HELV,61.09,248562,CHF
2021-01-18,IBEX,33.65,389131,EUR
2021-01-18,JURA,3478.91,235783,CHF
2021-01-19,ALPN,81.22,143587,CHF
2021-01-19,BRGN,174.15,327341,CHF
2021-01-19,CRYS,27.73,172198,CHF
2021-01-19,DELT,56.2,93179,EUR
2021-01-19,EDLW,34.09,94307,CHF
2021-01-19,FJRD,24.16,332584,USD
2021-01-19,GLAC,23.85,30078,CHF
2021-01-19,HELV,62.01,360049,CHF
2021-01-19,IBEX,33.87,329450,EUR
2021-01-19,JURA,3465.1,354456,CHF
2021-01-20,ALPN,81.27,335017,CHF
2021-01-20,BRGN,175.79,284716,CHF
2021-01-20,CRYS,27.74,130882,CHF
2021-01-20,DELT,55.94,185045,EUR
2021-01-20,EDLW,34.23,180864,CHF
2021-01-20,FJRD,24.32,76763,USD
2021-01-20,GLAC,23.9,183798,CHF
2021-01-20,HELV,60.94,61398,CHF
2021-01-20,IBEX,34.85,155669,EUR
2021-01-20,JURA,3519.69,399864,CHF
2021-01-21,ALPN,79.79,238212,CHF
2021-01-21,BRGN,180.7,85509,CHF
2021-01-21,CRYS,27.71,225365,CHF
2021-01-21,DELT,54.27,149805,EUR
2021-01-21,EDLW,34.31,155947,CHF
2021-01-21,FJRD,24.27,335992,USD
2021-01-21,GLAC,23.84,308832,CHF
2021-01-21,HELV,60.77,231979,CHF
2021-01-21,IBEX,34.38,56460,EUR
2021-01-21,JURA,3544.86,111928,CHF
2021-01-22,ALPN,79.63,388010,CHF
2021-01-22,BRGN,183.78,174930,CHF
2021-01-22,CRYS,28.07,112175,CHF
2021-01-22,DELT,55.42,69800,EUR
2021-01-22,EDLW,33.68,338630,CHF
2021-01-22,FJRD,24.38,183489,USD
2021-01-22,GLAC,24.08,308414,CHF
2021-01-22,HELV,62.51,25277,CHF
2021-01-22,IBEX,34.81,112856,EUR
2021-01-22,JURA,3616.25,233763,CHF
2021-01-25,ALPN,80.44,392261,CHF
2021-01-25,BRGN,185.37,187045,CHF
2021-01-25,CRYS,28.14,164225,CHF
2021-01-25,DELT,56.34,240011,EUR
2021-01-25,EDLW,33.47,121834,CHF
2021-01-25,EDLW,33.47,121834,CHF
2021-01-25,FJRD,24.54,121665,USD
2021-01-25,GLAC,24.08,118104,CHF
2021-01-25,HELV,63.57,353433,CHF
2021-01-25,IBEX,35.01,114051,EUR
2021-01-25,JURA,3664.73,168086,CHF
2021-01-26,ALPN,79.22,47825,CHF
2021-01-26,BRGN,190.42,197246,CHF
2021-01-26,CRYS,28.43,204710,CHF
2021-01-26,DELT,55.58,165488,EUR
2021-01-26,EDLW,33.14,192519,CHF
2021-01-26,FJRD,24.68,220433,USD
2021-01-26,GLAC,24.87,341279,CHF
2021-01-26,HELV,62.9,104218,CHF
2021-01-26,IBEX,35.28,327402,EUR
2021-01-26,JURA,3700.52,177470,CHF
2021-01-27,ALPN,77.16,118560,CHF
2021-01-27,BRGN,186.8,114734,CHF
2021-01-27,CRYS,27.81,115035,CHF
2021-01-27,DELT,55.36,91139,EUR
2021-01-27,EDLW,33.49,346279,CHF
2021-01-27,FJRD,25.1,130158,USD
2021-01-27,GLAC,24.34,89910,CHF
2021-01-27,HELV,61.84,139402,CHF
2021-01-27,IBEX,34.54,128492,EUR
2021-01-27,JURA,3696.35,102497,CHF
2021-01-28,ALPN,78.84,122468,CHF
2021-01-28,BRGN,188.82,399883,CHF
2021-01-28,CRYS,27.86,241475,CHF
2021-01-28,DELT,56.2,327032,EUR
2021-01-28,EDLW,34.06,361017,CHF
2021-01-28,FJRD,25.26,165721,USD
2021-01-28,GLAC,25.0,94421,CHF
2021-01-28,HELV,63.35,236059,CHF
2021-01-28,IBEX,35.04,202866,EUR
2021-01-28,JURA,3721.27,86344,CHF
2021-01-29,ALPN,79.9,299087,CHF
2021-01-29,BRGN,192.67,370638,CHF
2021-01-29,CRYS,27.55,178531,CHF
2021-01-29,DELT,56.32,279423,EUR
2021-01-29,EDLW,34.8,271470,CHF
2021-01-29,FJRD,25.56,317900,USD
2021-01-29,GLAC,25.02,358114,CHF
2021-01-29,HELV,63.03,88943,CHF
2021-01-29,IBEX,35.23,364356,EUR
2021-01-29,JURA,3840.62,159113,CHF
2021-02-01,ALPN,79.87,231508,CHF
2021-02-01,BRGN,192.0,362892,CHF
2021-02-01,CRYS,27.88,302959,CHF
2021-02-01,DELT,56.09,83062,EUR
2021-02-01,EDLW,34.73,269720,CHF
2021-02-01,FJRD,25.73,194548,USD
2021-02-01,GLAC,25.42,96162,CHF
2021-02-01,HELV,64.04,127303,CHF
2021-02-01,IBEX,35.67,273884,EUR
2021-02-01,JURA,3780.76,294828,CHF
2021-02-02,ALPN,77.81,380060,CHF
2021-02-02,BRGN,188.45,93399,CHF
2021-02-02,CRYS,27.6,237920,CHF
2021-02-02,DELT,55.47,381985,EUR
2021-02-02,EDLW,34.43,89099,CHF
2021-02-02,FJRD,25.78,107414,USD
2021-02-02,GLAC,24.87,399816,CHF
2021-02-02,HELV,63.05,217977,CHF
2021-02-02,IBEX,35.88,182805,EUR
2021-02-02,JURA,3772.27,94137,CHF
2021-02-03,ALPN,76.25,166680,CHF
2021-02-03,BRGN,187.47,270943,CHF
2021-02-03,CRYS,26.89,155918,CHF
2021-02-03,DELT,54.1,38568,EUR
2021-02-03,EDLW,33.65,97155,CHF
2021-02-03,FJRD,25.88,215657,USD
2021-02-03,GLAC,25.09,173008,CHF
2021-02-03,HELV,62.64,169632,CHF
2021-02-03,IBEX,36.02,249840,EUR
2021-02-03,JURA,3765.51,44734,CHF
2021-02-04,ALPN,75.97,38455,CHF
2021-02-04,BRGN,186.53,310478,CHF
2021-02-04,CRYS,26.52,140343,CHF
2021-02-04,DELT,53.72,220992,EUR
2021-02-04,EDLW,34.09,324423,CHF
2021-02-04,FJRD,25.41,281096,USD
2021-02-04,GLAC,24.97,297654,CHF
2021-02-04,HELV,63.49,158723,CHF
2021-02-04,IBEX,35.7,46546,EUR
2021-02-04,JURA,3750.61,34412,CHF
2021-02-05,ALPN,76.93,262693,CHF
2021-02-05,BRGN,186.36,55741,CHF
2021-02-05,CRYS,26.65,170080,CHF
2021-02-05,DELT,53.42,304863,EUR
2021-02-05,EDLW,34.59,44658,CHF
2021-02-05,FJRD,25.3,25132,USD
2021-02-05,GLAC,24.77,149958,CHF
2021-02-05,HELV,64.17,104518,CHF
2021-02-05,IBEX,35.5,203253,EUR
2021-02-05,JURA,3'705.24,166835,CHF
2021-02-08,ALPN,76.96,227211,CHF
2021-02-08,BRGN,189.43,153246,CHF
2021-02-08,CRYS,26.73,334076,CHF
2021-02-08,DELT,54.15,372406,EUR
2021-02-08,EDLW,34.69,183600,CHF
2021-02-08,FJRD,25.02,278521,USD
2021-02-08,GLAC,24.78,179399,CHF
2021-02-08,HELV,64.26,143772,CHF
2021-02-08,IBEX,35.27,61983,EUR
2021-02-08,JURA,3731.94,20723,CHF
2021-02-09,ALPN,76.16,71304,CHF
2021-02-09,BRGN,193.31,109363,CHF
2021-02-09,CRYS,26.45,43733,CHF
2021-02-09,DELT,54.05,243764,EUR
2021-02-09,EDLW,35.27,96764,CHF
2021-02-09,FJRD,24.95,349562,USD
2021-02-09,GLAC,24.73,110603,CHF
2021-02-09,HELV,63.29,315733,CHF
2021-02-09,IBEX,35.05,283065,EUR
2021-02-09,JURA,3712.6,330958,CHF
2021-02-10,ALPN,76.43,104047,CHF
2021-02-10,BRGN,191.51,231194,CHF
2021-02-10,CRYS,26.9,60670,CHF
2021-02-10,DELT,54.29,20421,EUR
2021-02-10,EDLW,35.53,242429,CHF
2021-02-10,FJRD,25.08,62977,USD
2021-02-10,GLAC,24.63,378178,CHF
2021-02-10,HELV,62.83,345568,CHF
2021-02-10,IBEX,35.41,317604,EUR
2021-02-10,JURA,3738.82,359619,CHF
2021-02-11,ALPN,78.29,284626,CHF
2021-02-11,BRGN,188.05,26567,CHF
2021-02-11,CRYS,27.1,310475,CHF
2021-02-11,DELT,55.19,298375,EUR
2021-02-11,EDLW,36.16,208276,CHF
2021-02-11,FJRD,25.0,300560,USD
2021-02-11,GLAC,24.57,184929,CHF
2021-02-11,HELV,64.08,172843,CHF
2021-02-11,IBEX,35.71,135990,EUR
2021-02-11,JURA,3754.28,258833,CHF
2021-02-12,ALPN,76.79,280820,CHF
2021-02-12,BRGN,186.42,260153,CHF
2021-02-12,CRYS,26.69,330735,CHF
2021-02-12,DELT,54.06,91871,EUR
2021-02-12,EDLW,35.16,399462,CHF
2021-02-12,FJRD,24.97,281608,USD
2021-02-12,GLAC,24.29,354905,CHF
2021-02-12,HELV,64.0,55588,CHF
2021-02-12,IBEX,35.29,240521,EUR
2021-02-12,JURA,3688.12,287231,CHF
2021-02-15,ALPN,76.67,323619,CHF
2021-02-15,BRGN,190.09,257655,CHF
2021-02-15,CRYS,26.92,308391,CHF
2021-02-15,DELT,54.27,197763,EUR
2021-02-15,EDLW,34.7,283862,CHF
2021-02-15,FJRD,25.56,92789,USD
2021-02-15,GLAC,24.4,109973,CHF
2021-02-15,HELV,64.57,153571,CHF
2021-02-15,IBEX,36.51,251758,EUR
2021-02-15,JURA,3722.15,206030,CHF
2021-02-16,ALPN,77.65,274952,CHF
2021-02-16,BRGN,188.84,173994,CHF
2021-02-16,CRYS,26.73,118142,CHF
2021-02-16,DELT,53.25,103156,EUR
2021-02-16,EDLW,34.96,150955,CHF
2021-02-16,FJRD,25.04,234764,USD
2021-02-16,GLAC,24.5,265516,CHF
2021-02-16,HELV,64.99,184788,CHF
2021-02-16,IBEX,36.87,383432,EUR
2021-02-16,JURA,3746.5,79138,CHF
2021-02-17,ALPN,77.8,146018,CHF
2021-02-17,BRGN,198.94,311252,CHF
2021-02-17,CRYS,26.91,210381,CHF
2021-02-17,DELT,54.09,44109,EUR
2021-02-17,EDLW,34.33,223684,CHF
2021-02-17,FJRD,25.34,124824,USD
2021-02-17,GLAC,24.9,254564,CHF
2021-02-17,HELV,65.27,248016,CHF
2021-02-17,IBEX,36.88,79790,EUR
2021-02-17,JURA,3829.05,150238,CHF
2021-02-18,ALPN,79.2,46596,CHF
2021-02-18,BRGN,202.68,279480,CHF
2021-02-18,CRYS,27.59,291893,CHF
2021-02-18,DELT,54.34,273549,EUR
2021-02-18,EDLW,35.21,339618,CHF
2021-02-18,FJRD,26.25,229571,USD
2021-02-18,GLAC,25.37,272855,CHF
2021-02-18,HELV,65.42,245371,CHF
2021-02-18,IBEX,37.68,380111,EUR
2021-02-19,ALPN,79.32,362786,CHF
2021-02-19,BRGN,199.88,375329,CHF
2021-02-19,CRYS,27.74,327980,CHF
2021-02-19,DELT,54.03,137676,EUR
2021-02-19,EDLW,34.97,284824,CHF
2021-02-19,FJRD,25.92,138260,USD
2021-02-19,GLAC,25.14,271820,CHF
2021-02-19,HELV,66.04,75753,CHF
2021-02-19,IBEX,38.3,140519,EUR
2021-02-19,JURA,3748.6,64963,CHF
2021-02-22,ALPN,80.08,394134,CHF
2021-02-22,BRGN,198.55,25602,CHF
2021-02-22,CRYS,27.93,351428,CHF
2021-02-22,DELT,54.37,185341,EUR
2021-02-22,EDLW,35.05,349939,CHF
2021-02-22,FJRD,26.24,283648,USD
2021-02-22,GLAC,25.37,318186,CHF
2021-02-22,HELV,65.13,138711,CHF
2021-02-22,IBEX,38.72,103310,EUR
2021-02-22,JURA,3773.44,227745,CHF
2021-02-23,ALPN,81.53,398177,CHF
2021-02-23,BRGN,199.35,177104,CHF
2021-02-23,CRYS,27.81,48827,CHF
2021-02-23,DELT,52.39,32456,EUR
2021-02-23,EDLW,35.67,156411,CHF
2021-02-23,FJRD,26.42,224863,USD
2021-02-23,GLAC,25.8,353459,CHF
2021-02-23,HELV,65.56,307092,CHF
2021-02-23,IBEX,38.94,300747,EUR
2021-02-23,JURA,3817.03,375041,CHF
2021-02-24,ALPN,79.99,37913,CHF
2021-02-24,BRGN,195.34,367464,CHF
2021-02-24,CRYS,27.27,311168,CHF
2021-02-24,DELT,52.43,197166,EUR
2021-02-24,EDLW,35.81,234905,CHF
2021-02-24,FJRD,25.84,237007,USD
2021-02-24,GLAC,25.5,351571,CHF
2021-02-24,IBEX,39.36,352136,EUR
2021-02-24,JURA,3763.75,349251,CHF
2021-02-25,ALPN,79.31,379249,CHF
2021-02-25,BRGN,191.94,356864,CHF
2021-02-25,CRYS,27.38,332019,CHF
2021-02-25,DELT,51.67,197326,EUR
2021-02-25,EDLW,36.1,38480,CHF
2021-02-25,FJRD,25.78,59570,USD
2021-02-25,GLAC,25.26,121547,CHF
2021-02-25,HELV,63.42,78188,CHF
2021-02-25,IBEX,39.4,289176,EUR
2021-02-25,JURA,3697.05,389543,CHF
2021-02-26,ALPN,79.48,387418,CHF
2021-02-26,BRGN,191.29,39781,CHF
2021-02-26,CRYS,27.38,294811,CHF
2021-02-26,DELT,53.21,275215,EUR
2021-02-26,EDLW,36.14,138655,CHF
2021-02-26,FJRD,25.94,330163,USD
2021-02-26,GLAC,25.72,150583,CHF
2021-02-26,HELV,63.49,66892,CHF
2021-02-26,IBEX,38.88,113242,EUR
2021-02-26,JURA,3764.64,212843,CHF
2021-03-01,ALPN,80.16,35053,CHF
2021-03-01,BRGN,191.13,293352,CHF
2021-03-01,CRYS,27.52,42803,CHF
2021-03-01,DELT,51.76,45104,EUR
2021-03-01,FJRD,25.65,301630,USD
2021-03-01,GLAC,26.0,132334,CHF
2021-03-01,HELV,62.73,108231,CHF
2021-03-01,IBEX,38.84,167353,EUR
2021-03-01,JURA,3689.99,168261,CHF
2021-03-02,ALPN,78.95,138450,CHF
2021-03-02,BRGN,193.27,62683,CHF
2021-03-02,CRYS,27.6,60873,CHF
2021-03-02,DELT,52.08,365201,EUR
2021-03-02,EDLW,35.55,146121,CHF
2021-03-02,FJRD,25.68,78709,USD
2021-03-02,GLAC,26.12,262988,CHF
2021-03-02,HELV,62.08,253840,CHF
2021-03-02,IBEX,39.12,50052,EUR
2021-03-02,JURA,3742.31,181504,CHF
2021-03-03,ALPN,78.7,227042,CHF
2021-03-03,BRGN,191.06,183443,CHF
2021-03-03,CRYS,27.03,342026,CHF
2021-03-03,DELT,51.66,112409,EUR
2021-03-03,EDLW,35.16,333363,CHF
2021-03-03,FJRD,24.97,348324,USD
2021-03-03,GLAC,26.38,95717,CHF
2021-03-03,HELV,61.11,361500,CHF
2021-03-03,IBEX,38.91,342303,EUR
2021-03-03,JURA,3689.98,254420,CHF
2021-03-04,ALPN,77.73,347624,CHF
2021-03-04,BRGN,190.07,297423,CHF
2021-03-04,CRYS,26.19,386406,CHF
2021-03-04,DELT,51.62,87900,EUR
2021-03-04,EDLW,34.22,394357,CHF
2021-03-04,FJRD,25.23,142653,USD
2021-03-04,GLAC,26.33,214189,CHF
2021-03-04,HELV,62.78,243007,CHF
2021-03-04,IBEX,38.26,276091,EUR
2021-03-04,JURA,3693.63,311022,CHF
2021-03-05,ALPN,76.86,100105,CHF
2021-03-05,BRGN,185.44,398094,CHF
2021-03-05,CRYS,25.75,358048,CHF
2021-03-05,DELT,50.73,392919,EUR
2021-03-05,EDLW,33.99,147808,CHF
2021-03-05,FJRD,25.15,290068,USD
2021-03-05,GLAC,26.48,260250,CHF
2021-03-05,HELV,62.9,389037,CHF
2021-03-05,IBEX,38.08,312461,EUR
2021-03-05,JURA,3716.2,243818,CHF
2021-03-08,ALPN,77.37,91434,CHF
2021-03-08,BRGN,184.08,145641,CHF
2021-03-08,CRYS,26.07,58970,CHF
2021-03-08,DELT,51.03,352036,EUR
2021-03-08,EDLW,35.09,72771,CHF
2021-03-08,FJRD,,170105,USD
2021-03-08,GLAC,26.01,362822,CHF
2021-03-08,HELV,61.76,282537,CHF
2021-03-08,IBEX,38.57,342438,EUR
2021-03-08,JURA,3'707.95,309039,CHF
2021-03-09,BRGN,186.92,153275,CHF
2021-03-09,CRYS,26.91,94833,CHF
2021-03-09,DELT,51.61,97812,EUR
2021-03-09,EDLW,35.2,77255,CHF
2021-03-09,FJRD,25.71,102061,USD
2021-03-09,GLAC,27.2,311726,CHF
2021-03-09,HELV,62.95,167406,CHF
2021-03-09,IBEX,39.0,107280,EUR
2021-03-09,JURA,3771.95,243761,CHF
2021-03-10,ALPN,80.0,46063,CHF
2021-03-10,BRGN,184.73,108288,CHF
2021-03-10,CRYS,26.8,364203,CHF
2021-03-10,DELT,52.66,380895,EUR
2021-03-10,EDLW,35.11,186695,CHF
2021-03-10,FJRD,25.98,311265,USD
2021-03-10,GLAC,27.26,147617,CHF
2021-03-10,HELV,62.64,221766,CHF
2021-03-10,IBEX,40.06,241124,EUR
2021-03-11,ALPN,80.4,100564,CHF
2021-03-11,BRGN,185.08,270076,CHF
2021-03-11,CRYS,26.42,297732,CHF
2021-03-11,DELT,52.41,306973,EUR
2021-03-11,EDLW,34.92,97938,CHF
2021-03-11,FJRD,26.57,235870,USD
2021-03-11,GLAC,26.85,353353,CHF
2021-03-11,HELV,64.25,35944,CHF
2021-03-11,IBEX,39.88,78549,EUR
2021-03-11,JURA,3766.54,123218,CHF
2021-03-12,ALPN,81.26,318811,CHF
2021-03-12,BRGN,182.89,64744,CHF
2021-03-12,CRYS,26.63,163983,CHF
2021-03-12,DELT,52.84,84504,EUR
2021-03-12,EDLW,35.2,26808,CHF
2021-03-12,FJRD,26.48,214364,USD
2021-03-12,GLAC,26.64,307711,CHF
2021-03-12,HELV,64.94,239052,CHF
2021-03-12,IBEX,39.59,31966,EUR
2021-03-12,JURA,3753.05,276042,CHF
2021-03-15,ALPN,79.67,293642,CHF
2021-03-15,BRGN,185.54,334408,CHF
2021-03-15,CRYS,26.14,321390,CHF
2021-03-15,DELT,51.71,87181,EUR
2021-03-15,EDLW,34.58,82276,CHF
2021-03-15,FJRD,27.06,98755,USD
2021-03-15,GLAC,26.66,80953,CHF
2021-03-15,HELV,65.12,239441,CHF
2021-03-15,IBEX,39.14,116010,EUR
2021-03-15,JURA,3676.24,94917,CHF
2021-03-15,JURA,3676.24,94917,CHF
2021-03-16,ALPN,79.58,357826,CHF
2021-03-16,BRGN,191.59,121324,CHF
2021-03-16,CRYS,26.16,87683,CHF
2021-03-16,DELT,52.09,344639,EUR
2021-03-16,EDLW,34.32,362824,CHF
2021-03-16,FJRD,27.45,147681,USD
2021-03-16,GLAC,27.59,59296,CHF
2021-03-16,HELV,64.51,29897,CHF
2021-03-16,IBEX,39.13,69225,EUR
2021-03-16,JURA,3702.45,262013,CHF
2021-03-17,ALPN,77.9,94342,CHF
2021-03-17,BRGN,193.26,377032,CHF
2021-03-17,CRYS,25.81,198914,CHF
2021-03-17,DELT,51.5,49810,EUR
2021-03-17,EDLW,34.28,75737,CHF
2021-03-17,FJRD,26.92,83957,USD
2021-03-17,GLAC,26.85,380904,CHF
2021-03-17,HELV,63.65,59375,CHF
2021-03-17,IBEX,38.44,98256,EUR
2021-03-17,JURA,3642.6,220945,CHF
2021-03-18,ALPN,76.27,94927,CHF
2021-03-18,BRGN,189.95,369390,CHF
2021-03-18,CRYS,25.06,60491,CHF
2021-03-18,DELT,50.3,103982,EUR
2021-03-18,EDLW,33.74,32981,CHF
2021-03-18,FJRD,26.36,192010,USD
2021-03-18,GLAC,26.21,43351,CHF
2021-03-18,HELV,62.97,325523,CHF
2021-03-18,IBEX,38.1,24668,EUR
2021-03-18,JURA,3555.51,193062,CHF
2021-03-19,ALPN,75.98,284837,CHF
2021-03-19,BRGN,190.86,330868,CHF
2021-03-19,CRYS,25.86,159546,CHF
2021-03-19,DELT,51.81,245233,EUR
2021-03-19,EDLW,33.96,82313,CHF
2021-03-19,FJRD,26.0,210830,USD
2021-03-19,GLAC,26.48,358810,CHF
2021-03-19,HELV,64.06,321268,CHF
2021-03-19,IBEX,39.67,187688,EUR
2021-03-19,JURA,3586.67,205485,CHF
2021-03-22,ALPN,75.5,356994,CHF
2021-03-22,BRGN,187.94,125901,CHF
2021-03-22,CRYS,25.23,304731,CHF
2021-03-22,DELT,49.31,362138,EUR
2021-03-22,EDLW,33.37,168976,CHF
2021-03-22,FJRD,26.18,173056,USD
2021-03-22,GLAC,26.14,141755,CHF
2021-03-22,HELV,64.86,50975,CHF
2021-03-22,IBEX,38.93,181939,EUR
2021-03-22,JURA,3503.66,164300,CHF
2021-03-23,ALPN,76.64,327621,CHF
2021-03-23,BRGN,189.51,384021,CHF
2021-03-23,CRYS,25.96,217306,CHF
2021-03-23,DELT,49.95,246761,EUR
2021-03-23,EDLW,33.59,78978,CHF
2021-03-23,FJRD,26.57,364753,USD
2021-03-23,GLAC,26.37,197685,CHF
2021-03-23,HELV,66.99,308536,CHF
2021-03-23,IBEX,39.37,178856,EUR
2021-03-23,JURA,3621.57,41309,CHF
2021-03-24,ALPN,76.06,118914,CHF
2021-03-24,BRGN,184.71,136641,CHF
2021-03-24,CRYS,25.61,130127,CHF
2021-03-24,DELT,50.55,230774,EUR
2021-03-24,EDLW,33.72,277136,CHF
2021-03-24,FJRD,25.87,354986,USD
2021-03-24,GLAC,26.16,336840,CHF
2021-03-24,HELV,68.06,271372,CHF
2021-03-24,IBEX,38.47,238090,EUR
2021-03-24,JURA,3633.87,151479,CHF
2021-03-25,ALPN,77.66,309469,CHF
2021-03-25,BRGN,186.84,102123,CHF
2021-03-25,CRYS,25.8,298575,CHF
2021-03-25,DELT,51.91,333543,EUR
2021-03-25,EDLW,33.78,157605,CHF
2021-03-25,FJRD,26.33,300055,USD
2021-03-25,GLAC,27.25,89874,CHF
2021-03-25,HELV,69.31,162402,CHF
2021-03-25,IBEX,38.86,49429,EUR
2021-03-25,JURA,3705.72,87384,CHF
2021-03-26,ALPN,78.29,165368,CHF
2021-03-26,BRGN,185.76,21850,CHF
2021-03-26,CRYS,25.86,324714,CHF
2021-03-26,DELT,50.9,259114,EUR
2021-03-26,EDLW,33.15,120171,CHF
2021-03-26,FJRD,26.2,155756,USD
2021-03-26,GLAC,27.16,184636,CHF
2021-03-26,HELV,68.55,273133,CHF
2021-03-26,IBEX,38.85,165058,EUR
2021-03-26,JURA,3670.6,30135,CHF
2021-03-29,ALPN,79.75,69041,CHF
2021-03-29,BRGN,185.59,260322,CHF
2021-03-29,CRYS,25.86,92769,CHF
2021-03-29,DELT,49.53,236589,EUR
2021-03-29,EDLW,33.63,335054,CHF
2021-03-29,FJRD,25.86,379658,USD
2021-03-29,GLAC,26.95,187630,CHF
2021-03-29,HELV,69.3,196237,CHF
2021-03-29,IBEX,38.79,168558,EUR
2021-03-29,JURA,3648.94,283597,CHF
2021-03-30,ALPN,78.23,83446,CHF
2021-03-30,BRGN,188.63,80865,CHF
2021-03-30,CRYS,25.07,333905,CHF
2021-03-30,DELT,48.88,264960,EUR
2021-03-30,EDLW,33.21,340575,CHF
2021-03-30,FJRD,25.69,230140,USD
2021-03-30,GLAC,27.08,372717,CHF
2021-03-30,HELV,69.06,73361,CHF
2021-03-30,IBEX,38.52,371353,EUR
2021-03-30,JURA,3620.2,24382,CHF
2021-03-31,ALPN,79.11,254740,CHF
2021-03-31,BRGN,190.88,80282,CHF
2021-03-31,CRYS,25.13,369009,CHF
2021-03-31,DELT,49.43,392404,EUR
2021-03-31,EDLW,33.43,151870,CHF
2021-03-31,FJRD,25.53,281607,USD
2021-03-31,GLAC,27.74,64847,CHF
2021-03-31,HELV,69.79,311739,CHF
2021-03-31,IBEX,39.07,24887,EUR
2021-03-31,JURA,3612.64,229113,CHF
2021-04-01,ALPN,76.94,373878,CHF
2021-04-01,BRGN,190.79,330015,CHF
2021-04-01,CRYS,25.18,56807,CHF
2021-04-01,DELT,49.08,152132,EUR
2021-04-01,EDLW,32.8,70627,CHF
2021-04-01,FJRD,25.06,274116,USD
2021-04-01,GLAC,26.88,43993,CHF
2021-04-01,HELV,70.01,106656,CHF
2021-04-01,IBEX,38.09,153346,EUR
2021-04-01,JURA,3610.94,227978,CHF
2021-04-02,ALPN,77.96,398108,CHF
2021-04-02,BRGN,190.52,111770,CHF
2021-04-02,CRYS,25.19,352278,CHF
2021-04-02,DELT,49.44,156161,EUR
2021-04-02,EDLW,32.85,343245,CHF
2021-04-02,FJRD,25.06,82712,USD
2021-04-02,GLAC,27.11,185107,CHF
2021-04-02,HELV,70.07,233614,CHF
2021-04-02,IBEX,38.43,203905,EUR
2021-04-02,JURA,3570.65,255544,CHF
2021-04-05,ALPN,78.8,301557,CHF
2021-04-05,BRGN,196.44,355692,CHF
2021-04-05,CRYS,25.84,357025,CHF
2021-04-05,DELT,50.79,309462,EUR
2021-04-05,EDLW,33.32,243314,CHF
2021-04-05,FJRD,26.15,25293,USD
2021-04-05,GLAC,28.33,330650,CHF
2021-04-05,HELV,71.69,305292,CHF
2021-04-05,IBEX,39.32,174018,EUR
2021-04-05,JURA,3583.04,258671,CHF
2021-04-06,ALPN,76.97,174697,CHF
2021-04-06,BRGN,194.55,165608,CHF
2021-04-06,CRYS,25.74,116016,CHF
2021-04-06,DELT,51.29,289627,EUR
2021-04-06,EDLW,32.96,187540,CHF
2021-04-06,FJRD,26.47,305117,USD
2021-04-06,GLAC,27.76,198745,CHF
2021-04-06,HELV,70.91,283484,CHF
2021-04-06,IBEX,38.98,186581,EUR
2021-04-06,JURA,3'576.12,93338,CHF
2021-04-07,ALPN,76.64,22253,CHF
2021-04-07,BRGN,198.03,46297,CHF
2021-04-07,CRYS,25.18,45058,CHF
2021-04-07,DELT,51.27,238256,EUR
2021-04-07,EDLW,33.46,367661,CHF
2021-04-07,FJRD,26.26,321990,USD
2021-04-07,GLAC,27.73,125175,CHF
2021-04-07,HELV,71.11,116527,CHF
2021-04-07,IBEX,39.08,315399,EUR
2021-04-07,JURA,3504.31,174095,CHF
2021-04-08,ALPN,78.02,26030,CHF
2021-04-08,BRGN,199.91,382631,CHF
2021-04-08,CRYS,25.11,196371,CHF
2021-04-08,DELT,51.66,395691,EUR
2021-04-08,EDLW,33.51,257714,CHF
2021-04-08,FJRD,26.6,23175,USD
2021-04-08,GLAC,27.85,20061,CHF
2021-04-08,HELV,70.87,291651,CHF
2021-04-08,IBEX,39.03,66029,EUR
2021-04-08,JURA,3484.16,64732,CHF
2021-04-09,ALPN,78.17,173773,CHF
2021-04-09,BRGN,195.91,102049,CHF
2021-04-09,CRYS,25.1,367239,CHF
2021-04-09,DELT,51.58,81424,EUR
2021-04-09,EDLW,33.5,376408,CHF
2021-04-09,FJRD,26.79,314001,USD
2021-04-09,GLAC,28.0,74194,CHF
2021-04-09,HELV,70.82,73255,CHF
2021-04-09,IBEX,38.51,395282,EUR
2021-04-09,JURA,3503.02,26008,CHF
2021-04-12,ALPN,77.19,90297,CHF
2021-04-12,BRGN,196.77,100853,CHF
2021-04-12,CRYS,24.75,366486,CHF
2021-04-12,DELT,50.25,128012,EUR
2021-04-12,EDLW,33.07,361934,CHF
2021-04-12,FJRD,26.46,273288,USD
2021-04-12,GLAC,27.77,121544,CHF
2021-04-12,HELV,70.1,40484,CHF
2021-04-12,IBEX,38.03,206096,EUR
2021-04-13,ALPN,79.99,298382,CHF
2021-04-13,BRGN,203.56,258237,CHF
2021-04-13,CRYS,26.52,127320,CHF
2021-04-13,DELT,52.9,198018,EUR
2021-04-13,EDLW,34.16,58722,CHF
2021-04-13,FJRD,27.76,219028,USD
2021-04-13,GLAC,29.19,92508,CHF
2021-04-13,HELV,71.96,376848,CHF
2021-04-13,IBEX,39.0,188381,EUR
2021-04-13,JURA,3646.02,110845,CHF
2021-04-14,ALPN,79.29,266165,CHF
2021-04-14,BRGN,197.55,52399,CHF
2021-04-14,CRYS,26.4,129003,CHF
2021-04-14,DELT,51.97,356624,EUR
2021-04-14,EDLW,33.97,97358,CHF
2021-04-14,FJRD,27.17,152934,USD
2021-04-14,GLAC,28.71,37341,CHF
2021-04-14,HELV,71.69,164246,CHF
2021-04-14,IBEX,38.73,53377,EUR
2021-04-14,JURA,3621.86,80030,CHF
2021-04-15,ALPN,79.95,247155,CHF
2021-04-15,BRGN,201.08,205450,CHF
2021-04-15,CRYS,25.85,151120,CHF
2021-04-15,DELT,51.01,384230,EUR
2021-04-15,EDLW,34.02,237626,CHF
2021-04-15,FJRD,26.96,162840,USD
2021-04-15,GLAC,29.56,250610,CHF
2021-04-15,HELV,71.64,68976,CHF
2021-04-15,IBEX,39.06,388661,EUR
2021-04-15,JURA,3659.3,284812,CHF
2021-04-16,ALPN,79.8,391521,CHF
2021-04-16,BRGN,201.64,103953,CHF
2021-04-16,CRYS,25.42,196910,CHF
2021-04-16,DELT,50.83,331106,EUR
2021-04-16,EDLW,34.27,261728,CHF
2021-04-16,FJRD,26.92,396556,USD
2021-04-16,GLAC,29.63,207668,CHF
2021-04-16,HELV,72.33,196909,CHF
2021-04-16,IBEX,39.15,192638,EUR
2021-04-16,JURA,3625.09,217186,CHF
2021-04-19,ALPN,81.09,338975,CHF
2021-04-19,BRGN,203.52,114979,CHF
2021-04-19,CRYS,25.79,346454,CHF
2021-04-19,DELT,52.27,258358,EUR
2021-04-19,EDLW,35.2,177402,CHF
2021-04-19,FJRD,27.17,21118,USD
2021-04-19,GLAC,30.64,95880,CHF
2021-04-19,HELV,75.15,310817,CHF
2021-04-19,IBEX,39.71,113210,EUR
2021-04-20,ALPN,82.4,230015,CHF
2021-04-20,BRGN,197.86,146011,CHF
2021-04-20,CRYS,25.55,92342,CHF
2021-04-20,DELT,51.17,314189,EUR
2021-04-20,EDLW,35.06,72826,CHF
2021-04-20,FJRD,26.54,148542,USD
2021-04-20,GLAC,30.16,90600,CHF
2021-04-20,HELV,74.75,185420,CHF
2021-04-20,IBEX,39.45,137638,EUR
2021-04-20,JURA,3639.85,333552,CHF
2021-04-21,ALPN,82.22,125880,CHF
2021-04-21,BRGN,192.47,380409,CHF
2021-04-21,CRYS,25.25,155833,CHF
2021-04-21,DELT,49.91,374099,EUR
2021-04-21,EDLW,35.74,206985,CHF
2021-04-21,FJRD,26.79,115050,USD
2021-04-21,GLAC,30.31,141154,CHF
2021-04-21,HELV,75.07,172796,CHF
2021-04-21,IBEX,39.22,94733,EUR
2021-04-21,JURA,3673.53,175341,CHF
2021-04-22,ALPN,82.96,216663,CHF
2021-04-22,BRGN,192.72,360384,CHF
2021-04-22,CRYS,25.64,190141,CHF
2021-04-22,DELT,49.4,304822,EUR
2021-04-22,EDLW,35.87,207349,CHF
2021-04-22,FJRD,26.79,356839,USD
2021-04-22,GLAC,30.69,331367,CHF
2021-04-22,HELV,75.2,71444,CHF
2021-04-22,IBEX,40.17,42829,EUR
2021-04-22,JURA,3718.1,24687,CHF
2021-04-23,ALPN,84.17,35946,CHF
2021-04-23,BRGN,191.61,60287,CHF
2021-04-23,CRYS,25.7,234540,CHF
2021-04-23,DELT,49.27,77205,EUR
2021-04-23,EDLW,35.54,363145,CHF
2021-04-23,FJRD,26.12,244945,USD
2021-04-23,GLAC,30.91,114972,CHF
2021-04-23,HELV,75.5,259276,CHF
2021-04-23,IBEX,40.61,371536,EUR
2021-04-23,JURA,3721.62,136786,CHF
2021-04-26,ALPN,83.33,27938,CHF
2021-04-26,BRGN,186.72,351409,CHF
2021-04-26,CRYS,24.94,289080,CHF
2021-04-26,DELT,48.8,133980,EUR
2021-04-26,EDLW,36.19,135712,CHF
2021-04-26,FJRD,25.83,144122,USD
2021-04-26,GLAC,29.85,369947,CHF
2021-04-26,HELV,75.51,71168,CHF
2021-04-26,IBEX,40.56,179711,EUR
2021-04-26,JURA,3665.34,57801,CHF
2021-04-27,ALPN,84.81,139534,CHF
2021-04-27,BRGN,183.46,324415,CHF
2021-04-27,CRYS,24.75,277002,CHF
2021-04-27,DELT,48.47,99870,EUR
2021-04-27,EDLW,36.68,261452,CHF
2021-04-27,FJRD,26.08,84109,USD
2021-04-27,GLAC,29.76,103083,CHF
2021-04-27,HELV,76.93,211775,CHF
2021-04-27,IBEX,40.04,114825,EUR
2021-04-27,JURA,3628.81,275708,CHF
2021-04-28,ALPN,85.82,142779,CHF
2021-04-28,BRGN,182.08,298317,CHF
2021-04-28,CRYS,24.81,188939,CHF
2021-04-28,DELT,48.41,260725,EUR
2021-04-28,EDLW,36.51,90465,CHF
2021-04-28,FJRD,26.02,288437,USD
2021-04-28,GLAC,29.98,335839,CHF
2021-04-28,HELV,77.2,154888,CHF
2021-04-28,IBEX,39.74,23865,EUR
2021-04-28,JURA,3729.1,153944,CHF
2021-04-29,ALPN,85.25,122598,CHF
2021-04-29,BRGN,183.23,145182,CHF
2021-04-29,CRYS,25.16,103106,CHF
2021-04-29,DELT,49.04,330567,EUR
2021-04-29,EDLW,36.34,226243,CHF
2021-04-29,FJRD,25.62,138420,USD
2021-04-29,GLAC,30.38,293215,CHF
2021-04-29,HELV,76.39,106859,CHF
2021-04-29,IBEX,39.7,392256,EUR
2021-04-29,JURA,3699.27,286738,CHF
2021-04-30,ALPN,84.99,332643,CHF
2021-04-30,BRGN,184.91,210060,CHF
2021-04-30,CRYS,24.5,395119,CHF
2021-04-30,DELT,48.17,84328,EUR
2021-04-30,EDLW,35.8,184943,CHF
2021-04-30,FJRD,25.35,184350,USD
2021-04-30,HELV,74.27,300930,CHF
2021-04-30,IBEX,39.22,245759,EUR
2021-04-30,JURA,3653.5,259864,CHF
2021-05-03,ALPN,81.5,162683,CHF
2021-05-03,BRGN,182.64,294861,CHF
2021-05-03,CRYS,23.79,260237,CHF
2021-05-03,DELT,47.83,326770,EUR
2021-05-03,EDLW,34.85,183897,CHF
2021-05-03,FJRD,25.09,93853,USD
2021-05-03,GLAC,29.84,202121,CHF
2021-05-03,HELV,72.18,363911,CHF
2021-05-03,IBEX,38.99,81354,EUR
2021-05-03,JURA,3589.11,363214,CHF
2021-05-04,ALPN,82.01,85145,CHF
2021-05-04,BRGN,182.72,201360,CHF
2021-05-04,CRYS,23.66,357764,CHF
2021-05-04,DELT,47.81,177150,EUR
2021-05-04,EDLW,34.33,75981,CHF
2021-05-04,FJRD,25.12,146027,USD
2021-05-04,GLAC,29.91,294392,CHF
2021-05-04,HELV,73.02,270670,CHF
2021-05-04,IBEX,39.29,44863,EUR
2021-05-04,JURA,3540.52,48564,CHF
2021-05-05,ALPN,80.78,377201,CHF
2021-05-05,BRGN,182.92,241264,CHF
2021-05-05,CRYS,23.45,283707,CHF
2021-05-05,DELT,47.53,257591,EUR
2021-05-05,EDLW,34.05,176789,CHF
2021-05-05,FJRD,25.04,223937,USD
2021-05-05,GLAC,29.97,194184,CHF
2021-05-05,HELV,73.94,163449,CHF
2021-05-05,IBEX,38.29,317197,EUR
2021-05-05,JURA,3487.7,276844,CHF
2021-05-06,ALPN,81.25,222857,CHF
2021-05-06,BRGN,185.14,329865,CHF
2021-05-06,CRYS,22.79,159698,CHF
2021-05-06,DELT,47.3,328745,EUR
2021-05-06,EDLW,34.16,317662,CHF
2021-05-06,FJRD,25.28,99379,USD
2021-05-06,GLAC,30.66,332357,CHF
2021-05-06,HELV,72.57,255444,CHF
2021-05-06,IBEX,38.6,257965,EUR
2021-05-06,JURA,3'506.98,221927,CHF
2021-05-07,ALPN,78.98,63386,CHF
2021-05-07,BRGN,182.61,202558,CHF
2021-05-07,CRYS,22.16,156517,CHF
2021-05-07,DELT,47.18,132243,EUR
2021-05-07,EDLW,33.54,41961,CHF
2021-05-07,FJRD,24.94,339974,USD
2021-05-07,GLAC,29.66,47996,CHF
2021-05-07,HELV,70.85,162850,CHF
2021-05-07,IBEX,37.48,37378,EUR
2021-05-07,JURA,3514.43,135198,CHF
2021-05-10,ALPN,79.92,389018,CHF
2021-05-10,BRGN,188.38,340327,CHF
2021-05-10,CRYS,22.59,195864,CHF
2021-05-10,DELT,48.6,104698,EUR
2021-05-10,EDLW,33.79,206395,CHF
2021-05-10,FJRD,25.54,232234,USD
2021-05-10,GLAC,30.8,366129,CHF
2021-05-10,HELV,70.76,354386,CHF
2021-05-10,IBEX,38.82,221287,EUR
2021-05-10,JURA,3550.78,268633,CHF
2021-05-11,ALPN,79.68,375264,CHF
2021-05-11,BRGN,187.01,30548,CHF
2021-05-11,CRYS,22.11,233857,CHF
2021-05-11,DELT,49.47,172103,EUR
2021-05-11,EDLW,33.24,177209,CHF
2021-05-11,FJRD,25.19,208694,USD
2021-05-11,GLAC,30.02,115534,CHF
2021-05-11,HELV,71.75,391118,CHF
2021-05-11,IBEX,38.16,153720,EUR
2021-05-11,JURA,3511.01,355917,CHF
2021-05-12,ALPN,82.97,217053,CHF
2021-05-12,BRGN,193.26,39546,CHF
2021-05-12,CRYS,22.59,59584,CHF
2021-05-12,DELT,50.98,361035,EUR
2021-05-12,EDLW,34.06,145861,CHF
2021-05-12,FJRD,25.69,338224,USD
2021-05-12,GLAC,30.83,236280,CHF
2021-05-12,HELV,71.98,95291,CHF
2021-05-12,IBEX,38.7,154212,EUR
2021-05-12,JURA,3609.27,148929,CHF
2021-05-13,ALPN,84.05,334965,CHF
2021-05-13,BRGN,194.78,139127,CHF
2021-05-13,CRYS,22.86,226595,CHF
2021-05-13,DELT,50.96,185064,EUR
2021-05-13,EDLW,33.98,308672,CHF
2021-05-13,FJRD,25.49,56946,USD
2021-05-13,GLAC,31.99,43868,CHF
2021-05-13,HELV,73.51,261111,CHF
2021-05-13,IBEX,39.87,131336,EUR
2021-05-13,JURA,3728.14,391753,CHF
2021-05-14,ALPN,85.8,314935,CHF
2021-05-14,BRGN,195.37,157991,CHF
2021-05-14,CRYS,22.95,48755,CHF
2021-05-14,DELT,51.11,75376,EUR
2021-05-14,EDLW,34.51,205207,CHF
2021-05-14,FJRD,26.5,102196,USD
2021-05-14,GLAC,32.7,328788,CHF
2021-05-14,HELV,74.12,333465,CHF
2021-05-14,IBEX,40.66,57938,EUR
2021-05-14,JURA,3705.56,89440,CHF
2021-05-17,ALPN,86.03,69706,CHF
2021-05-17,BRGN,196.13,118460,CHF
2021-05-17,CRYS,22.41,220731,CHF
2021-05-17,DELT,50.27,78792,EUR
2021-05-17,EDLW,33.89,335291,CHF
2021-05-17,FJRD,25.96,170771,USD
2021-05-17,GLAC,31.59,44328,CHF
2021-05-17,HELV,74.66,65981,CHF
2021-05-17,IBEX,39.36,35834,EUR
2021-05-17,JURA,3638.9,282801,CHF
2021-05-18,ALPN,88.79,81396,CHF
2021-05-18,BRGN,199.23,339962,CHF
2021-05-18,CRYS,22.93,370118,CHF
2021-05-18,DELT,51.61,243552,EUR
2021-05-18,EDLW,35.27,177660,CHF
2021-05-18,FJRD,27.08,223248,USD
2021-05-18,GLAC,33.13,158132,CHF
2021-05-18,HELV,77.37,153820,CHF
2021-05-18,IBEX,41.2,385748,EUR
2021-05-18,JURA,3787.29,277509,CHF
2021-05-19,ALPN,87.96,128696,CHF
2021-05-19,BRGN,200.09,147404,CHF
2021-05-19,CRYS,22.43,159359,CHF
2021-05-19,DELT,50.93,24453,EUR
2021-05-19,EDLW,34.07,323368,CHF
2021-05-19,FJRD,26.52,285588,USD
2021-05-19,GLAC,32.19,292341,CHF
2021-05-19,HELV,77.45,211229,CHF
2021-05-19,IBEX,40.78,51527,EUR
2021-05-19,JURA,3749.02,96183,CHF
2021-05-20,ALPN,89.09,367863,CHF
2021-05-20,BRGN,200.98,230880,CHF
2021-05-20,CRYS,22.89,135280,CHF
2021-05-20,DELT,50.78,105412,EUR
2021-05-20,EDLW,33.68,20152,CHF
2021-05-20,FJRD,26.85,215817,USD
2021-05-20,GLAC,31.97,329757,CHF
2021-05-20,HELV,77.89,294448,CHF
2021-05-20,IBEX,41.01,221223,EUR
2021-05-20,JURA,3789.41,92831,CHF
2021-05-21,ALPN,87.6,177587,CHF
2021-05-21,BRGN,197.94,77757,CHF
2021-05-21,CRYS,22.93,306969,CHF
2021-05-21,DELT,51.04,205111,EUR
2021-05-21,EDLW,33.7,386664,CHF
2021-05-21,FJRD,27.32,293184,USD
2021-05-21,GLAC,31.63,61916,CHF
2021-05-21,HELV,77.89,250927,CHF
2021-05-21,IBEX,41.72,110463,EUR
2021-05-21,JURA,3736.94,383838,CHF
2021-05-24,ALPN,86.53,60953,CHF
2021-05-24,BRGN,193.94,172124,CHF
2021-05-24,CRYS,22.19,310149,CHF
2021-05-24,DELT,50.08,319190,EUR
2021-05-24,EDLW,33.24,334128,CHF
2021-05-24,FJRD,26.46,172087,USD
2021-05-24,GLAC,30.69,109171,CHF
2021-05-24,HELV,75.33,163507,CHF
2021-05-24,IBEX,40.11,172352,EUR
2021-05-24,JURA,3656.02,132297,CHF
2021-05-25,ALPN,86.95,362606,CHF
2021-05-25,BRGN,191.05,97263,CHF
2021-05-25,CRYS,22.09,80949,CHF
2021-05-25,DELT,50.29,331204,EUR
2021-05-25,EDLW,33.4,234832,CHF
2021-05-25,FJRD,27.26,95616,USD
2021-05-25,GLAC,30.52,302489,CHF
2021-05-25,HELV,75.8,222756,CHF
2021-05-25,IBEX,39.52,221363,EUR
2021-05-25,JURA,3675.24,301819,CHF
2021-05-26,ALPN,86.61,275072,CHF
2021-05-26,BRGN,189.49,193023,CHF
2021-05-26,CRYS,22.12,67901,CHF
2021-05-26,DELT,49.54,99558,EUR
2021-05-26,EDLW,33.59,392147,CHF
2021-05-26,FJRD,27.07,181943,USD
2021-05-26,GLAC,30.97,98878,CHF
2021-05-26,HELV,77.05,177509,CHF
2021-05-26,IBEX,39.7,146024,EUR
2021-05-26,JURA,3696.53,111409,CHF
2021-05-27,ALPN,86.16,81985,CHF
2021-05-27,BRGN,187.68,22200,CHF
2021-05-27,CRYS,22.41,208000,CHF
2021-05-27,DELT,50.79,287977,EUR
2021-05-27,EDLW,34.02,60561,CHF
2021-05-27,FJRD,26.8,66549,USD
2021-05-27,GLAC,31.88,318797,CHF
2021-05-27,HELV,76.32,294468,CHF
2021-05-27,IBEX,39.21,252752,EUR
2021-05-27,JURA,3700.41,100669,CHF
2021-05-28,ALPN,86.96,34117,CHF
2021-05-28,BRGN,186.32,317384,CHF
2021-05-28,CRYS,22.02,79552,CHF
2021-05-28,DELT,50.7,315500,EUR
2021-05-28,EDLW,33.83,231268,CHF
2021-05-28,FJRD,26.2,246706,USD
2021-05-28,GLAC,31.65,324322,CHF
2021-05-28,HELV,76.42,196309,CHF
2021-05-28,IBEX,39.12,30926,EUR
2021-05-28,JURA,3712.8,227203,CHF
2021-05-31,ALPN,85.15,283836,CHF
2021-05-31,BRGN,184.56,385726,CHF
2021-05-31,CRYS,21.74,243298,CHF
2021-05-31,DELT,51.92,315985,EUR
2021-05-31,EDLW,33.65,284691,CHF
2021-05-31,FJRD,25.33,151578,USD
2021-05-31,GLAC,31.92,32256,CHF
2021-05-31,HELV,77.45,211303,CHF
2021-05-31,IBEX,38.86,60826,EUR
2021-05-31,JURA,3736.1,60433,CHF
2021-06-01,ALPN,85.55,292799,CHF
2021-06-01,BRGN,183.81,98404,CHF
2021-06-01,CRYS,21.53,145184,CHF
2021-06-01,DELT,51.68,103214,EUR
2021-06-01,EDLW,33.79,88961,CHF
2021-06-01,FJRD,25.46,85786,USD
2021-06-01,GLAC,32.72,190252,CHF
2021-06-01,HELV,76.8,377241,CHF
2021-06-01,IBEX,38.32,177850,EUR
2021-06-01,JURA,3713.28,80690,CHF
2021-06-02,ALPN,85.04,182600,CHF
2021-06-02,BRGN,183.07,228442,CHF
2021-06-02,CRYS,22.25,398743,CHF
2021-06-02,DELT,52.51,295918,EUR
2021-06-02,EDLW,34.07,130684,CHF
2021-06-02,FJRD,26.02,120045,USD
2021-06-02,GLAC,33.17,392541,CHF
2021-06-02,HELV,78.67,143825,CHF
2021-06-02,IBEX,38.49,244898,EUR
2021-06-02,JURA,3747.78,61274,CHF
2021-06-03,ALPN,84.48,71088,CHF
2021-06-03,BRGN,182.77,363484,CHF
2021-06-03,CRYS,22.48,143348,CHF
2021-06-03,DELT,51.96,317819,EUR
2021-06-03,EDLW,33.39,181762,CHF
2021-06-03,FJRD,25.88,380782,USD
2021-06-03,GLAC,33.44,32469,CHF
2021-06-03,HELV,78.73,178240,CHF
2021-06-03,IBEX,37.63,136331,EUR
2021-06-03,JURA,3'700.73,85024,CHF
2021-06-04,ALPN,86.73,358205,CHF
2021-06-04,BRGN,182.65,140875,CHF
2021-06-04,CRYS,22.81,202131,CHF
2021-06-04,DELT,52.48,71483,EUR
2021-06-04,EDLW,33.1,295066,CHF
2021-06-04,FJRD,26.41,330927,USD
2021-06-04,GLAC,34.57,311297,CHF
2021-06-04,HELV,79.71,251835,CHF
2021-06-04,IBEX,37.2,387368,EUR
2021-06-04,JURA,3705.74,74613,CHF
2021-06-07,ALPN,87.4,244259,CHF
2021-06-07,BRGN,185.04,181953,CHF
2021-06-07,CRYS,23.06,165452,CHF
2021-06-07,DELT,52.81,191600,EUR
2021-06-07,EDLW,33.04,59244,CHF
2021-06-07,FJRD,26.95,49197,USD
2021-06-07,GLAC,35.01,155554,CHF
2021-06-07,HELV,78.9,334751,CHF
2021-06-07,IBEX,37.25,43414,EUR
2021-06-07,JURA,3680.36,91133,CHF
2021-06-08,ALPN,87.88,150488,CHF
2021-06-08,BRGN,187.91,340324,CHF
2021-06-08,CRYS,23.4,117550,CHF
2021-06-08,DELT,52.6,137944,EUR
2021-06-08,EDLW,33.35,130386,CHF
2021-06-08,FJRD,26.62,260291,USD
2021-06-08,GLAC,35.66,280255,CHF
2021-06-08,HELV,81.34,171269,CHF
2021-06-08,IBEX,37.54,24777,EUR
2021-06-08,JURA,3789.56,75538,CHF
2021-06-09,ALPN,85.63,328757,CHF
2021-06-09,BRGN,184.91,386690,CHF
2021-06-09,CRYS,23.21,206254,CHF
2021-06-09,DELT,52.2,260982,EUR
2021-06-09,EDLW,33.07,374475,CHF
2021-06-09,FJRD,26.22,144462,USD
2021-06-09,GLAC,35.24,397303,CHF
2021-06-09,HELV,79.47,301986,CHF
2021-06-09,IBEX,37.05,216475,EUR
2021-06-09,JURA,3811.7,300439,CHF
2021-06-10,BRGN,187.9,374202,CHF
2021-06-10,CRYS,23.46,215023,CHF
2021-06-10,DELT,53.95,34753,EUR
2021-06-10,EDLW,33.06,132795,CHF
2021-06-10,FJRD,26.59,92867,USD
2021-06-10,GLAC,35.61,23265,CHF
2021-06-10,HELV,79.06,306733,CHF
2021-06-10,IBEX,37.19,216157,EUR
2021-06-10,JURA,3852.12,247187,CHF
2021-06-11,ALPN,84.93,378000,CHF
2021-06-11,BRGN,188.62,219408,CHF
2021-06-11,CRYS,23.16,90224,CHF
2021-06-11,DELT,54.19,354053,EUR
2021-06-11,EDLW,32.86,169452,CHF
2021-06-11,FJRD,25.93,338340,USD
2021-06-11,GLAC,34.83,283950,CHF
2021-06-11,HELV,77.64,111104,CHF
2021-06-11,IBEX,36.97,297216,EUR
2021-06-11,JURA,3881.39,50257,CHF
2021-06-14,ALPN,83.57,268935,CHF
2021-06-14,BRGN,184.74,136728,CHF
2021-06-14,CRYS,22.4,207983,CHF
2021-06-14,DELT,54.22,168596,EUR
2021-06-14,EDLW,32.47,177331,CHF
2021-06-14,FJRD,25.53,356021,USD
2021-06-14,GLAC,34.13,211531,CHF
2021-06-14,HELV,75.67,208412,CHF
2021-06-14,IBEX,36.35,58863,EUR
2021-06-14,JURA,3811.09,186733,CHF
2021-06-15,ALPN,84.36,248442,CHF
2021-06-15,BRGN,189.07,164892,CHF
2021-06-15,CRYS,22.93,213514,CHF
2021-06-15,DELT,54.08,159776,EUR
2021-06-15,EDLW,33.21,278671,CHF
2021-06-15,FJRD,26.24,60009,USD
2021-06-15,GLAC,35.14,188034,CHF
2021-06-15,HELV,77.41,325465,CHF
2021-06-15,IBEX,36.12,169289,EUR
2021-06-15,JURA,3880.8,322056,CHF
2021-06-16,ALPN,86.49,115961,CHF
2021-06-16,BRGN,191.94,69138,CHF
2021-06-16,CRYS,22.71,369084,CHF
2021-06-16,DELT,54.66,79511,EUR
2021-06-16,EDLW,33.53,55144,CHF
2021-06-16,FJRD,27.41,379870,USD
2021-06-16,GLAC,35.05,164853,CHF
2021-06-16,HELV,79.17,121416,CHF
2021-06-16,IBEX,36.7,233028,EUR
2021-06-16,JURA,3876.56,282369,CHF
2021-06-17,ALPN,87.36,70180,CHF
2021-06-17,BRGN,196.49,69262,CHF
2021-06-17,CRYS,22.99,321007,CHF
2021-06-17,DELT,55.73,359143,EUR
2021-06-17,EDLW,33.58,247181,CHF
2021-06-17,FJRD,28.18,341758,USD
2021-06-17,GLAC,35.72,335712,CHF
2021-06-17,HELV,82.58,210412,CHF
2021-06-17,IBEX,37.2,177642,EUR
2021-06-17,JURA,3971.67,184891,CHF
2021-06-18,ALPN,86.29,364203,CHF
2021-06-18,BRGN,198.33,109433,CHF
2021-06-18,CRYS,23.08,328890,CHF
2021-06-18,DELT,55.52,195395,EUR
2021-06-18,EDLW,33.05,234410,CHF
2021-06-18,FJRD,28.02,51042,USD
2021-06-18,GLAC,35.44,173782,CHF
2021-06-18,HELV,82.45,372788,CHF
2021-06-18,IBEX,37.0,206758,EUR
2021-06-18,JURA,4031.76,260485,CHF
2021-06-18,JURA,4031.76,260485,CHF
2021-06-21,ALPN,87.22,311015,CHF
2021-06-21,BRGN,198.85,319418,CHF
2021-06-21,CRYS,23.18,35773,CHF
2021-06-21,DELT,55.99,135232,EUR
2021-06-21,EDLW,33.53,340572,CHF
2021-06-21,FJRD,28.29,172914,USD
2021-06-21,GLAC,34.95,369783,CHF
2021-06-21,HELV,83.22,71008,CHF
2021-06-21,IBEX,36.65,135397,EUR
2021-06-21,JURA,4040.18,81122,CHF
2021-06-22,ALPN,87.43,265481,CHF
2021-06-22,BRGN,196.25,233182,CHF
2021-06-22,CRYS,22.97,190378,CHF
2021-06-22,DELT,56.53,220813,EUR
2021-06-22,EDLW,33.54,165062,CHF
2021-06-22,FJRD,28.39,267295,USD
2021-06-22,GLAC,34.81,112739,CHF
2021-06-22,HELV,83.6,187734,CHF
2021-06-22,IBEX,36.45,152428,EUR
2021-06-22,JURA,4007.66,137357,CHF
2021-06-23,ALPN,86.63,281367,CHF
2021-06-23,BRGN,200.73,266892,CHF
2021-06-23,CRYS,22.62,193546,CHF
2021-06-23,DELT,56.32,340969,EUR
2021-06-23,EDLW,33.27,366264,CHF
2021-06-23,FJRD,27.82,223034,USD
2021-06-23,GLAC,34.32,161240,CHF
2021-06-23,HELV,82.02,285351,CHF
2021-06-23,IBEX,36.18,255292,EUR
2021-06-23,JURA,3959.67,388120,CHF
2021-06-24,ALPN,87.87,362876,CHF
2021-06-24,BRGN,199.27,271952,CHF
2021-06-24,CRYS,22.66,214538,CHF
2021-06-24,DELT,57.19,177337,EUR
2021-06-24,EDLW,33.4,283989,CHF
2021-06-24,FJRD,28.11,178927,USD
2021-06-24,GLAC,34.69,20529,CHF
2021-06-24,HELV,82.27,219141,CHF
2021-06-24,IBEX,36.34,291840,EUR
2021-06-24,JURA,3994.59,175114,CHF
2021-06-25,ALPN,89.04,347715,CHF
2021-06-25,BRGN,197.07,298499,CHF
2021-06-25,CRYS,22.77,309075,CHF
2021-06-25,DELT,58.01,214355,EUR
2021-06-25,EDLW,33.65,248643,CHF
2021-06-25,FJRD,28.03,128963,USD
2021-06-25,GLAC,35.22,322636,CHF
2021-06-25,HELV,83.6,45477,CHF
2021-06-25,IBEX,37.13,238322,EUR
2021-06-25,JURA,4052.89,183922,CHF
2021-06-28,ALPN,89.35,166603,CHF
2021-06-28,BRGN,195.23,390934,CHF
2021-06-28,CRYS,22.66,340088,CHF
2021-06-28,DELT,57.94,266440,EUR
2021-06-28,EDLW,33.18,38758,CHF
2021-06-28,FJRD,27.79,358167,USD
2021-06-28,GLAC,34.49,323320,CHF
2021-06-28,HELV,83.02,58277,CHF
2021-06-28,IBEX,36.8,301222,EUR
2021-06-28,JURA,4011.86,246314,CHF
2021-06-29,ALPN,90.75,222860,CHF
2021-06-29,BRGN,197.99,383844,CHF
2021-06-29,CRYS,23.31,394525,CHF
2021-06-29,DELT,58.82,55948,EUR
2021-06-29,EDLW,33.39,388833,CHF
2021-06-29,FJRD,28.34,121058,USD
2021-06-29,GLAC,35.11,102701,CHF
2021-06-29,HELV,84.88,173918,CHF
2021-06-29,IBEX,37.54,272263,EUR
2021-06-29,JURA,4007.57,234375,CHF
2021-06-30,ALPN,90.29,213041,CHF
2021-06-30,BRGN,195.11,140786,CHF
2021-06-30,CRYS,23.28,356348,CHF
2021-06-30,DELT,59.05,307297,EUR
2021-06-30,EDLW,33.19,181502,CHF
2021-06-30,FJRD,28.02,240555,USD
2021-06-30,GLAC,34.55,127889,CHF
2021-06-30,HELV,84.18,76687,CHF
2021-06-30,IBEX,37.46,350916,EUR
2021-06-30,JURA,4039.97,216252,CHF
2021-07-01,BRGN,196.59,132820,CHF
2021-07-01,CRYS,23.51,260325,CHF
2021-07-01,DELT,60.81,98285,EUR
2021-07-01,EDLW,33.29,199486,CHF
2021-07-01,FJRD,29.11,232760,USD
2021-07-01,GLAC,35.31,224647,CHF
2021-07-01,HELV,86.91,168822,CHF
2021-07-01,IBEX,13.08,79346,EUR
2021-07-01,JURA,4'154.24,37545,CHF
2021-07-02,ALPN,90.82,31706,CHF
2021-07-02,BRGN,195.02,306938,CHF
2021-07-02,CRYS,23.89,124434,CHF
2021-07-02,DELT,61.32,200218,EUR
2021-07-02,EDLW,34.31,119727,CHF
2021-07-02,FJRD,29.34,295393,USD
2021-07-02,GLAC,36.36,114763,CHF
2021-07-02,HELV,86.28,167680,CHF
2021-07-02,IBEX,13.42,251587,EUR
2021-07-02,JURA,4179.44,262751,CHF
2021-07-05,ALPN,89.39,339410,CHF
2021-07-05,BRGN,193.87,126992,CHF
2021-07-05,CRYS,23.79,140482,CHF
2021-07-05,DELT,61.8,308362,EUR
2021-07-05,EDLW,34.05,226442,CHF
2021-07-05,FJRD,29.3,354847,USD
2021-07-05,GLAC,36.31,200244,CHF
2021-07-05,HELV,85.17,181740,CHF
2021-07-05,IBEX,13.4,367472,EUR
2021-07-05,JURA,4072.44,397032,CHF
2021-07-06,ALPN,87.81,207191,CHF
2021-07-06,BRGN,197.46,211551,CHF
2021-07-06,CRYS,23.28,399947,CHF
2021-07-06,DELT,60.73,231801,EUR
2021-07-06,EDLW,32.8,382761,CHF
2021-07-06,FJRD,29.0,223034,USD
2021-07-06,GLAC,36.25,303348,CHF
2021-07-06,HELV,82.39,303615,CHF
2021-07-06,IBEX,13.39,399875,EUR
2021-07-06,JURA,4037.97,66578,CHF
2021-07-07,ALPN,87.46,396246,CHF
2021-07-07,BRGN,198.12,176116,CHF
2021-07-07,CRYS,22.82,361216,CHF
2021-07-07,DELT,61.01,263932,EUR
2021-07-07,EDLW,32.94,292485,CHF
2021-07-07,FJRD,29.5,173177,USD
2021-07-07,GLAC,36.03,319330,CHF
2021-07-07,HELV,82.02,176113,CHF
2021-07-07,IBEX,13.55,206706,EUR
2021-07-07,JURA,4084.54,390692,CHF
2021-07-08,ALPN,86.38,143012,CHF
2021-07-08,BRGN,195.52,305134,CHF
2021-07-08,CRYS,21.98,194006,CHF
2021-07-08,DELT,61.06,69417,EUR
2021-07-08,EDLW,32.76,175647,CHF
2021-07-08,FJRD,28.81,273020,USD
2021-07-08,GLAC,35.77,399960,CHF
2021-07-08,HELV,81.23,324167,CHF
2021-07-08,IBEX,13.34,151309,EUR
2021-07-08,JURA,4129.25,240728,CHF
2021-07-09,ALPN,86.19,370463,CHF
2021-07-09,BRGN,200.2,322259,CHF
2021-07-09,CRYS,22.2,395723,CHF
2021-07-09,DELT,61.4,186704,EUR
2021-07-09,EDLW,32.88,244545,CHF
2021-07-09,FJRD,28.92,274756,USD
2021-07-09,GLAC,36.4,104987,CHF
2021-07-09,HELV,81.21,288250,CHF
2021-07-09,IBEX,13.6,248347,EUR
2021-07-09,JURA,4150.98,201985,CHF
2021-07-12,ALPN,85.31,392151,CHF
2021-07-12,BRGN,201.48,333911,CHF
2021-07-12,CRYS,22.0,304403,CHF
2021-07-12,DELT,60.31,299396,EUR
2021-07-12,EDLW,32.27,86185,CHF
2021-07-12,FJRD,28.4,156569,USD
2021-07-12,GLAC,36.24,71156,CHF
2021-07-12,HELV,81.68,397509,CHF
2021-07-12,IBEX,13.63,43509,EUR
2021-07-12,JURA,4152.86,86536,CHF
2021-07-13,ALPN,87.83,393180,CHF
2021-07-13,BRGN,199.44,379224,CHF
2021-07-13,CRYS,22.17,321019,CHF
2021-07-13,DELT,60.13,297324,EUR
2021-07-13,EDLW,31.46,147236,CHF
2021-07-13,FJRD,28.58,88872,USD
2021-07-13,GLAC,36.31,291833,CHF
2021-07-13,HELV,81.88,91090,CHF
2021-07-13,IBEX,13.41,188316,EUR
2021-07-13,JURA,4120.63,387418,CHF
2021-07-14,ALPN,87.33,98324,CHF
2021-07-14,BRGN,201.86,348725,CHF
2021-07-14,CRYS,22.16,101745,CHF
2021-07-14,DELT,59.58,386276,EUR
2021-07-14,EDLW,30.55,181634,CHF
2021-07-14,FJRD,27.8,57545,USD
2021-07-14,GLAC,35.77,51220,CHF
2021-07-14,HELV,83.61,369985,CHF
2021-07-14,IBEX,13.4,150905,EUR
2021-07-14,JURA,4054.85,109172,CHF
2021-07-15,ALPN,86.51,337497,CHF
2021-07-15,BRGN,199.07,63854,CHF
2021-07-15,CRYS,21.52,357422,CHF
2021-07-15,DELT,58.02,179133,EUR
2021-07-15,EDLW,30.14,233350,CHF
2021-07-15,FJRD,27.63,316251,USD
2021-07-15,GLAC,35.43,23375,CHF
2021-07-15,HELV,80.93,177673,CHF
2021-07-15,IBEX,13.06,205017,EUR
2021-07-15,JURA,4073.76,118837,CHF
2021-07-16,ALPN,89.7,337191,CHF
2021-07-16,BRGN,200.89,267701,CHF
2021-07-16,CRYS,21.49,289100,CHF
2021-07-16,DELT,57.48,231173,EUR
2021-07-16,EDLW,30.51,254810,CHF
2021-07-16,FJRD,27.98,155413,USD
2021-07-16,GLAC,36.44,90154,CHF
2021-07-16,HELV,82.88,319421,CHF
2021-07-16,IBEX,12.88,87289,EUR
2021-07-16,JURA,4101.09,304045,CHF
2021-07-19,ALPN,89.24,358673,CHF
2021-07-19,BRGN,202.7,28624,CHF
2021-07-19,CRYS,21.34,294110,CHF
2021-07-19,DELT,58.82,24541,EUR
2021-07-19,EDLW,30.51,129175,CHF
2021-07-19,FJRD,28.06,223227,USD
2021-07-19,GLAC,36.44,357179,CHF
2021-07-19,HELV,81.7,117259,CHF
2021-07-19,IBEX,12.77,305847,EUR
2021-07-19,JURA,4171.41,154092,CHF
2021-07-20,ALPN,89.66,148229,CHF
2021-07-20,BRGN,207.92,208403,CHF
2021-07-20,CRYS,22.1,261402,CHF
2021-07-20,DELT,60.18,398956,EUR
2021-07-20,EDLW,30.2,312572,CHF
2021-07-20,FJRD,28.1,80684,USD
2021-07-20,GLAC,37.36,37603,CHF
2021-07-20,HELV,83.82,81571,CHF
2021-07-20,IBEX,13.11,96312,EUR
2021-07-20,JURA,4232.02,241365,CHF
2021-07-21,ALPN,88.39,249832,CHF
2021-07-21,BRGN,205.76,355758,CHF
2021-07-21,CRYS,21.14,326452,CHF
2021-07-21,DELT,59.23,81520,EUR
2021-07-21,EDLW,29.46,36073,CHF
2021-07-21,FJRD,27.56,341534,USD
2021-07-21,GLAC,37.04,143078,CHF
2021-07-21,HELV,84.26,184692,CHF
2021-07-21,IBEX,13.25,323692,EUR
2021-07-21,JURA,4083.37,294369,CHF
2021-07-22,ALPN,89.23,76321,CHF
2021-07-22,BRGN,205.22,90844,CHF
2021-07-22,CRYS,21.35,333563,CHF
2021-07-22,DELT,59.05,353922,EUR
2021-07-22,EDLW,29.53,367720,CHF
2021-07-22,FJRD,27.01,315962,USD
2021-07-22,GLAC,37.5,30732,CHF
2021-07-22,HELV,84.81,180847,CHF
2021-07-22,IBEX,13.4,355572,EUR
2021-07-22,JURA,4126.71,323846,CHF
2021-07-23,ALPN,88.98,337769,CHF
2021-07-23,BRGN,209.61,347527,CHF
2021-07-23,CRYS,21.9,191641,CHF
2021-07-23,DELT,59.67,105105,EUR
2021-07-23,EDLW,29.47,82840,CHF
2021-07-23,FJRD,27.14,213618,USD
2021-07-23,GLAC,38.59,208517,CHF
2021-07-23,HELV,84.92,42629,CHF
2021-07-23,IBEX,13.75,62595,EUR
2021-07-23,JURA,4164.42,393338,CHF
2021-07-26,ALPN,88.97,285521,CHF
2021-07-26,BRGN,210.22,107907,CHF
2021-07-26,CRYS,21.77,291756,CHF
2021-07-26,DELT,59.98,321841,EUR
2021-07-26,EDLW,29.75,50549,CHF
2021-07-26,FJRD,27.05,327941,USD
2021-07-26,GLAC,39.06,205863,CHF
2021-07-26,HELV,86.49,193034,CHF
2021-07-26,IBEX,13.64,86482,EUR
2021-07-26,JURA,4190.79,221851,CHF
2021-07-27,ALPN,89.53,295105,CHF
2021-07-27,BRGN,210.8,356839,CHF
2021-07-27,CRYS,21.88,379189,CHF
2021-07-27,DELT,60.74,215478,EUR
2021-07-27,EDLW,29.95,399066,CHF
2021-07-27,FJRD,27.25,377650,USD
2021-07-27,GLAC,39.58,82374,CHF
2021-07-27,HELV,88.38,374329,CHF
2021-07-27,IBEX,13.91,133203,EUR
2021-07-27,JURA,4212.12,221900,CHF
2021-07-28,ALPN,89.56,213392,CHF
2021-07-28,BRGN,203.66,156026,CHF
2021-07-28,CRYS,21.5,205081,CHF
2021-07-28,DELT,60.27,39888,EUR
2021-07-28,EDLW,29.4,242922,CHF
2021-07-28,FJRD,26.86,189368,USD
2021-07-28,GLAC,39.37,289808,CHF
2021-07-28,HELV,87.21,326368,CHF
2021-07-28,IBEX,13.82,332801,EUR
2021-07-28,JURA,4189.06,301930,CHF
2021-07-29,ALPN,89.9,175693,CHF
2021-07-29,BRGN,203.47,38521,CHF
2021-07-29,CRYS,21.17,203654,CHF
2021-07-29,DELT,60.34,195119,EUR
2021-07-29,EDLW,29.38,209903,CHF
2021-07-29,FJRD,27.37,294822,USD
2021-07-29,GLAC,39.19,340041,CHF
2021-07-29,HELV,87.42,260174,CHF
2021-07-29,IBEX,13.93,328701,EUR
2021-07-29,JURA,4'246.17,74808,CHF
2021-07-30,ALPN,87.5,263025,CHF
2021-07-30,BRGN,204.83,97606,CHF
2021-07-30,CRYS,20.08,243714,CHF
2021-07-30,DELT,60.39,103632,EUR
2021-07-30,EDLW,29.44,370599,CHF
2021-07-30,FJRD,26.65,313496,USD
2021-07-30,GLAC,38.58,372850,CHF
2021-07-30,HELV,86.35,216366,CHF
2021-07-30,IBEX,13.56,125929,EUR
2021-07-30,JURA,4268.08,64342,CHF
2021-08-02,ALPN,88.89,364322,CHF
2021-08-02,BRGN,207.67,358296,CHF
2021-08-02,CRYS,21.01,266611,CHF
2021-08-02,DELT,62.24,113843,EUR
2021-08-02,EDLW,30.52,269781,CHF
2021-08-02,FJRD,27.44,250945,USD
2021-08-02,GLAC,39.51,321989,CHF
2021-08-02,HELV,88.96,298285,CHF
2021-08-02,IBEX,14.08,171675,EUR
2021-08-02,JURA,4270.83,130892,CHF
2021-08-03,ALPN,90.88,359517,CHF
2021-08-03,BRGN,210.08,225361,CHF
2021-08-03,CRYS,21.13,341208,CHF
2021-08-03,DELT,62.14,149366,EUR
2021-08-03,FJRD,27.11,249997,USD
2021-08-03,GLAC,38.71,310440,CHF
2021-08-03,HELV,88.17,162329,CHF
2021-08-03,IBEX,14.0,349321,EUR
2021-08-03,JURA,4259.6,232293,CHF
2021-08-04,ALPN,92.85,394865,CHF
2021-08-04,BRGN,211.73,169194,CHF
2021-08-04,CRYS,20.77,154098,CHF
2021-08-04,DELT,61.38,317497,EUR
2021-08-04,EDLW,30.16,329946,CHF
2021-08-04,FJRD,27.43,181495,USD
2021-08-04,GLAC,39.43,138078,CHF
2021-08-04,HELV,88.52,292100,CHF
2021-08-04,IBEX,14.13,181440,EUR
2021-08-04,JURA,4281.5,331485,CHF
2021-08-05,ALPN,92.01,262473,CHF
2021-08-05,BRGN,212.27,338685,CHF
2021-08-05,CRYS,20.84,50604,CHF
2021-08-05,DELT,62.16,397497,EUR
2021-08-05,EDLW,30.71,389010,CHF
2021-08-05,FJRD,27.38,349485,USD
2021-08-05,GLAC,38.92,160527,CHF
2021-08-05,HELV,89.53,58325,CHF
2021-08-05,IBEX,14.1,268259,EUR
2021-08-05,JURA,4245.74,316674,CHF
2021-08-06,ALPN,91.16,160384,CHF
2021-08-06,BRGN,213.55,310103,CHF
2021-08-06,CRYS,20.32,336299,CHF
2021-08-06,DELT,60.81,47903,EUR
2021-08-06,EDLW,31.04,162819,CHF
2021-08-06,FJRD,26.87,352113,USD
2021-08-06,GLAC,38.15,319969,CHF
2021-08-06,HELV,89.85,291375,CHF
2021-08-06,IBEX,13.92,359364,EUR
2021-08-06,JURA,4193.57,205744,CHF
2021-08-09,ALPN,88.86,70610,CHF
2021-08-09,BRGN,213.06,380623,CHF
2021-08-09,CRYS,19.81,192372,CHF
2021-08-09,DELT,58.34,156814,EUR
2021-08-09,EDLW,30.74,99112,CHF
2021-08-09,FJRD,26.18,238978,USD
2021-08-09,GLAC,37.2,369422,CHF
2021-08-09,HELV,88.78,240356,CHF
2021-08-09,IBEX,13.61,214884,EUR
2021-08-09,JURA,4103.53,184049,CHF
2021-08-10,ALPN,88.88,65614,CHF
2021-08-10,BRGN,215.08,24223,CHF
2021-08-10,CRYS,20.23,318978,CHF
2021-08-10,DELT,58.67,36713,EUR
2021-08-10,EDLW,30.23,193406,CHF
2021-08-10,FJRD,26.06,113508,USD
2021-08-10,GLAC,37.71,225421,CHF
2021-08-10,HELV,91.12,99785,CHF
2021-08-10,IBEX,13.77,75379,EUR
2021-08-10,JURA,4132.42,394462,CHF
2021-08-11,ALPN,89.63,147742,CHF
2021-08-11,BRGN,219.5,199355,CHF
2021-08-11,CRYS,20.54,166814,CHF
2021-08-11,DELT,60.1,332335,EUR
2021-08-11,EDLW,30.55,127671,CHF
2021-08-11,FJRD,26.41,200242,USD
2021-08-11,GLAC,38.36,268935,CHF
2021-08-11,HELV,92.47,253337,CHF
2021-08-11,IBEX,14.07,267279,EUR
2021-08-11,JURA,4185.66,234583,CHF
2021-08-12,ALPN,88.93,92943,CHF
2021-08-12,BRGN,220.8,93928,CHF
2021-08-12,CRYS,20.7,316206,CHF
2021-08-12,DELT,61.25,305449,EUR
2021-08-12,EDLW,30.54,324890,CHF
2021-08-12,FJRD,26.31,287254,USD
2021-08-12,GLAC,38.2,37634,CHF
2021-08-12,HELV,90.74,48582,CHF
2021-08-12,IBEX,14.37,60014,EUR
2021-08-12,JURA,4198.78,336639,CHF
2021-08-13,ALPN,89.44,268155,CHF
2021-08-13,BRGN,224.01,165836,CHF
2021-08-13,CRYS,20.93,123862,CHF
2021-08-13,DELT,61.95,228651,EUR
2021-08-13,EDLW,30.91,234167,CHF
2021-08-13,FJRD,26.61,55430,USD
2021-08-13,GLAC,38.55,331610,CHF
2021-08-13,HELV,89.96,152375,CHF
2021-08-13,IBEX,14.42,295064,EUR
2021-08-13,JURA,4249.56,311105,CHF
2021-08-16,ALPN,90.13,397184,CHF
2021-08-16,BRGN,228.58,252425,CHF
2021-08-16,CRYS,21.62,306727,CHF
2021-08-16,DELT,63.39,283319,EUR
2021-08-16,EDLW,31.37,181396,CHF
2021-08-16,FJRD,27.5,206021,USD
2021-08-16,GLAC,39.02,294125,CHF
2021-08-16,HELV,89.06,364993,CHF
2021-08-16,IBEX,14.83,177419,EUR
2021-08-16,JURA,4368.74,167029,CHF
2021-08-17,ALPN,90.7,351532,CHF
2021-08-17,BRGN,227.35,98915,CHF
2021-08-17,CRYS,21.35,213079,CHF
2021-08-17,DELT,62.4,231520,EUR
2021-08-17,EDLW,31.48,241910,CHF
2021-08-17,FJRD,27.5,330664,USD
2021-08-17,GLAC,38.51,29577,CHF
2021-08-17,HELV,88.28,160085,CHF
2021-08-17,IBEX,14.93,85013,EUR
2021-08-17,JURA,4384.4,163694,CHF
2021-08-18,ALPN,89.36,150944,CHF
2021-08-18,BRGN,226.18,313523,CHF
2021-08-18,CRYS,20.95,81084,CHF
2021-08-18,DELT,62.7,284326,EUR
2021-08-18,EDLW,30.96,85965,CHF
2021-08-18,FJRD,26.89,47508,USD
2021-08-18,GLAC,37.63,237710,CHF
2021-08-18,HELV,86.24,67139,CHF
2021-08-18,IBEX,15.15,294299,EUR
2021-08-18,JURA,4367.17,96264,CHF
2021-08-19,ALPN,89.72,349602,CHF
2021-08-19,BRGN,223.29,82634,CHF
2021-08-19,CRYS,20.55,123057,CHF
2021-08-19,DELT,63.36,152778,EUR
2021-08-19,EDLW,30.97,203607,CHF
2021-08-19,FJRD,27.1,157973,USD
2021-08-19,GLAC,38.45,384003,CHF
2021-08-19,HELV,86.83,360644,CHF
2021-08-19,IBEX,14.9,317790,EUR
2021-08-20,ALPN,88.78,389839,CHF
2021-08-20,BRGN,215.02,316892,CHF
2021-08-20,CRYS,20.44,332903,CHF
2021-08-20,DELT,63.05,266521,EUR
2021-08-20,EDLW,30.7,46107,CHF
2021-08-20,FJRD,26.98,173856,USD
2021-08-20,GLAC,37.65,135385,CHF
2021-08-20,HELV,85.38,25462,CHF
2021-08-20,IBEX,14.74,172944,EUR
2021-08-20,JURA,4277.05,298196,CHF
2021-08-23,ALPN,88.29,276141,CHF
2021-08-23,BRGN,213.61,141643,CHF
2021-08-23,CRYS,20.42,240021,CHF
2021-08-23,DELT,64.47,278635,EUR
2021-08-23,EDLW,31.23,211432,CHF
2021-08-23,FJRD,27.47,316387,USD
2021-08-23,GLAC,38.0,359921,CHF
2021-08-23,HELV,87.65,265379,CHF
2021-08-23,IBEX,15.1,267380,EUR
2021-08-23,JURA,4246.79,394687,CHF
2021-08-24,ALPN,88.21,47723,CHF
2021-08-24,BRGN,212.46,351900,CHF
2021-08-24,CRYS,20.42,101024,CHF
2021-08-24,DELT,64.36,245798,EUR
2021-08-24,EDLW,31.64,323280,CHF
2021-08-24,FJRD,27.59,140520,USD
2021-08-24,GLAC,37.45,31696,CHF
2021-08-24,HELV,87.85,47043,CHF
2021-08-24,IBEX,15.31,349251,EUR
2021-08-24,JURA,4085.29,28913,CHF
2021-08-25,ALPN,88.17,145770,CHF
2021-08-25,BRGN,212.17,298249,CHF
2021-08-25,CRYS,20.54,95122,CHF
2021-08-25,DELT,64.22,326172,EUR
2021-08-25,EDLW,31.73,212909,CHF
2021-08-25,FJRD,27.52,348095,USD
2021-08-25,GLAC,37.06,170166,CHF
2021-08-25,HELV,88.1,296411,CHF
2021-08-25,IBEX,15.46,220022,EUR
2021-08-25,JURA,4117.47,344604,CHF
2021-08-26,ALPN,91.08,280015,CHF
2021-08-26,BRGN,215.15,322508,CHF
2021-08-26,CRYS,21.02,219470,CHF
2021-08-26,DELT,66.19,92621,EUR
2021-08-26,EDLW,32.59,186917,CHF
2021-08-26,FJRD,28.63,253200,USD
2021-08-26,GLAC,37.7,126511,CHF
2021-08-26,HELV,91.85,62840,CHF
2021-08-26,IBEX,15.96,260483,EUR
2021-08-26,JURA,4163.65,329723,CHF
2021-08-27,ALPN,91.07,83996,CHF
2021-08-27,BRGN,214.03,85565,CHF
2021-08-27,CRYS,21.13,219973,CHF
2021-08-27,DELT,65.65,106906,EUR
2021-08-27,EDLW,32.32,229849,CHF
2021-08-27,FJRD,28.24,397985,USD
2021-08-27,GLAC,37.64,27832,CHF
2021-08-27,HELV,92.32,76719,CHF
2021-08-27,IBEX,15.48,234175,EUR
2021-08-27,JURA,4'070.61,140286,CHF
2021-08-30,ALPN,91.26,24872,CHF
2021-08-30,BRGN,214.23,80624,CHF
2021-08-30,CRYS,20.72,340288,CHF
2021-08-30,DELT,67.46,368687,EUR
2021-08-30,EDLW,32.55,229545,CHF
2021-08-30,FJRD,27.95,387585,USD
2021-08-30,GLAC,38.2,44460,CHF
2021-08-30,HELV,92.87,274749,CHF
2021-08-30,IBEX,16.06,84794,EUR
2021-08-30,JURA,4005.99,387412,CHF
2021-08-31,ALPN,92.1,302182,CHF
2021-08-31,BRGN,214.98,317570,CHF
2021-08-31,CRYS,20.62,94468,CHF
2021-08-31,DELT,65.33,235106,EUR
2021-08-31,EDLW,32.75,283112,CHF
2021-08-31,FJRD,27.94,105481,USD
2021-08-31,GLAC,37.43,147699,CHF
2021-08-31,HELV,92.04,254225,CHF
2021-08-31,IBEX,15.78,365889,EUR
2021-08-31,JURA,4065.62,194462,CHF
2021-09-01,ALPN,93.81,25952,CHF
2021-09-01,BRGN,216.92,29237,CHF
2021-09-01,CRYS,20.68,191047,CHF
2021-09-01,DELT,65.02,29360,EUR
2021-09-01,EDLW,32.92,337585,CHF
2021-09-01,FJRD,28.32,381999,USD
2021-09-01,GLAC,37.97,247562,CHF
2021-09-01,HELV,95.97,316316,CHF
2021-09-01,IBEX,16.1,227257,EUR
2021-09-01,JURA,4101.82,115356,CHF
2021-09-02,ALPN,91.9,96719,CHF
2021-09-02,BRGN,217.08,393036,CHF
2021-09-02,CRYS,20.63,54086,CHF
2021-09-02,DELT,64.82,206696,EUR
2021-09-02,EDLW,33.08,111305,CHF
2021-09-02,FJRD,27.55,200214,USD
2021-09-02,GLAC,37.77,348925,CHF
2021-09-02,HELV,97.54,52286,CHF
2021-09-02,IBEX,15.81,284904,EUR
2021-09-02,JURA,4075.51,347218,CHF
2021-09-03,ALPN,93.15,317723,CHF
2021-09-03,BRGN,216.33,34396,CHF
2021-09-03,CRYS,20.61,266716,CHF
2021-09-03,DELT,64.97,74764,EUR
2021-09-03,EDLW,32.84,287770,CHF
2021-09-03,FJRD,27.48,37690,USD
2021-09-03,GLAC,37.42,54136,CHF
2021-09-03,HELV,99.17,92769,CHF
2021-09-03,IBEX,15.77,293371,EUR
2021-09-03,JURA,4148.92,186518,CHF
2021-09-06,BRGN,217.24,98558,CHF
2021-09-06,CRYS,21.01,57939,CHF
2021-09-06,DELT,63.96,366420,EUR
2021-09-06,EDLW,33.15,148342,CHF
2021-09-06,FJRD,27.68,182251,USD
2021-09-06,GLAC,37.88,287027,CHF
2021-09-06,HELV,99.61,63328,CHF
2021-09-06,IBEX,15.69,152925,EUR
2021-09-06,JURA,4144.63,44993,CHF
2021-09-07,ALPN,93.03,166870,CHF
2021-09-07,BRGN,214.91,302266,CHF
2021-09-07,CRYS,21.13,352782,CHF
2021-09-07,DELT,63.82,135070,EUR
2021-09-07,EDLW,33.1,120426,CHF
2021-09-07,FJRD,28.44,144597,USD
2021-09-07,GLAC,37.82,122871,CHF
2021-09-07,HELV,98.29,232279,CHF
2021-09-07,IBEX,15.62,151162,EUR
2021-09-07,JURA,4131.59,63635,CHF
2021-09-08,ALPN,92.59,292472,CHF
2021-09-08,BRGN,213.75,78665,CHF
2021-09-08,CRYS,21.33,84794,CHF
2021-09-08,DELT,63.94,77052,EUR
2021-09-08,EDLW,33.37,95805,CHF
2021-09-08,FJRD,29.05,296346,USD
2021-09-08,GLAC,38.31,356094,CHF
2021-09-08,HELV,98.32,214539,CHF
2021-09-08,IBEX,15.91,127565,EUR
2021-09-08,JURA,4122.34,75331,CHF
2021-09-09,ALPN,91.79,191027,CHF
2021-09-09,BRGN,212.29,66737,CHF
2021-09-09,CRYS,21.53,201182,CHF
2021-09-09,DELT,63.83,177382,EUR
2021-09-09,EDLW,33.29,31957,CHF
2021-09-09,FJRD,28.14,284717,USD
2021-09-09,GLAC,38.14,22797,CHF
2021-09-09,HELV,96.26,119017,CHF
2021-09-09,IBEX,15.94,135610,EUR
2021-09-09,JURA,4055.13,82996,CHF
2021-09-10,ALPN,90.32,215562,CHF
2021-09-10,BRGN,208.78,59291,CHF
2021-09-10,CRYS,20.5,183300,CHF
2021-09-10,DELT,62.03,230311,EUR
2021-09-10,EDLW,32.2,284941,CHF
2021-09-10,FJRD,26.38,149754,USD
2021-09-10,GLAC,35.44,388307,CHF
2021-09-10,HELV,91.38,87055,CHF
2021-09-10,IBEX,15.22,242272,EUR
2021-09-10,JURA,3938.89,252044,CHF
2021-09-13,ALPN,93.06,50046,CHF
2021-09-13,BRGN,209.11,302462,CHF
2021-09-13,CRYS,20.77,236155,CHF
2021-09-13,DELT,62.5,123048,EUR
2021-09-13,EDLW,32.07,191404,CHF
2021-09-13,FJRD,26.49,273346,USD
2021-09-13,GLAC,35.57,287956,CHF
2021-09-13,HELV,93.43,313230,CHF
2021-09-13,IBEX,15.08,26491,EUR
2021-09-13,JURA,3937.58,124404,CHF
2021-09-14,ALPN,92.19,157647,CHF
2021-09-14,BRGN,207.39,323830,CHF
2021-09-14,CRYS,20.78,156315,CHF
2021-09-14,DELT,61.99,43961,EUR
2021-09-14,EDLW,32.2,371028,CHF
2021-09-14,FJRD,27.2,117470,USD
2021-09-14,GLAC,35.19,72676,CHF
2021-09-14,HELV,93.08,42150,CHF
2021-09-14,IBEX,15.07,339399,EUR
2021-09-14,JURA,4021.84,352378,CHF
2021-09-15,ALPN,89.86,84358,CHF
2021-09-15,BRGN,208.3,161623,CHF
2021-09-15,CRYS,20.41,192234,CHF
2021-09-15,DELT,60.83,70146,EUR
2021-09-15,EDLW,31.3,132984,CHF
2021-09-15,FJRD,26.8,162702,USD
2021-09-15,GLAC,34.87,204376,CHF
2021-09-15,HELV,94.33,127106,CHF
2021-09-15,IBEX,14.66,159739,EUR
2021-09-15,JURA,4053.09,183001,CHF
2021-09-16,ALPN,90.08,398994,CHF
2021-09-16,BRGN,208.76,213074,CHF
2021-09-16,CRYS,20.79,387504,CHF
2021-09-16,DELT,60.76,130139,EUR
2021-09-16,EDLW,31.79,147819,CHF
2021-09-16,FJRD,27.16,149173,USD
2021-09-16,GLAC,35.23,209474,CHF
2021-09-16,HELV,97.46,387192,CHF
2021-09-16,IBEX,14.95,289320,EUR
2021-09-16,JURA,4064.68,29501,CHF
2021-09-17,ALPN,89.38,131109,CHF
2021-09-17,BRGN,204.3,207721,CHF
2021-09-17,CRYS,20.52,87427,CHF
2021-09-17,DELT,59.17,131348,EUR
2021-09-17,EDLW,31.6,89066,CHF
2021-09-17,FJRD,27.35,65986,USD
2021-09-17,GLAC,34.46,197419,CHF
2021-09-17,HELV,96.06,108062,CHF
2021-09-17,IBEX,14.98,222297,EUR
2021-09-17,JURA,3988.07,202749,CHF
2021-09-20,ALPN,87.9,267389,CHF
2021-09-20,BRGN,203.82,225395,CHF
2021-09-20,CRYS,20.1,191456,CHF
2021-09-20,DELT,59.78,276888,EUR
2021-09-20,EDLW,31.42,248856,CHF
2021-09-20,FJRD,26.93,354454,USD
2021-09-20,GLAC,33.98,78678,CHF
2021-09-20,HELV,95.37,256505,CHF
2021-09-20,IBEX,14.91,341111,EUR
2021-09-20,JURA,3953.33,390170,CHF
2021-09-21,ALPN,87.59,389045,CHF
2021-09-21,BRGN,199.0,238025,CHF
2021-09-21,CRYS,19.93,182314,CHF
2021-09-21,DELT,60.05,273977,EUR
2021-09-21,EDLW,30.9,101896,CHF
2021-09-21,FJRD,25.79,101151,USD
2021-09-21,GLAC,33.43,194775,CHF
2021-09-21,HELV,93.94,369355,CHF
2021-09-21,IBEX,14.73,247223,EUR
2021-09-21,JURA,3886.35,346287,CHF
2021-09-22,ALPN,85.05,357567,CHF
2021-09-22,BRGN,196.67,162961,CHF
2021-09-22,CRYS,19.79,34372,CHF
2021-09-22,DELT,59.45,60966,EUR
2021-09-22,EDLW,31.54,172975,CHF
2021-09-22,FJRD,25.84,180741,USD
2021-09-22,GLAC,33.92,383773,CHF
2021-09-22,HELV,93.86,68492,CHF
2021-09-22,IBEX,14.65,286303,EUR
2021-09-22,JURA,3898.22,356594,CHF
2021-09-23,ALPN,86.26,237194,CHF
2021-09-23,BRGN,200.66,160438,CHF
2021-09-23,CRYS,19.08,98841,CHF
2021-09-23,DELT,59.44,95618,EUR
2021-09-23,EDLW,31.23,189273,CHF
2021-09-23,FJRD,25.75,214231,USD
2021-09-23,GLAC,33.34,158853,CHF
2021-09-23,HELV,91.2,193099,CHF
2021-09-23,IBEX,14.56,131038,EUR
2021-09-23,JURA,3870.39,77084,CHF
2021-09-24,ALPN,88.01,188153,CHF
2021-09-24,BRGN,202.84,52915,CHF
2021-09-24,CRYS,19.47,251029,CHF
2021-09-24,DELT,59.08,243331,EUR
2021-09-24,EDLW,31.19,346232,CHF
2021-09-24,FJRD,26.12,211632,USD
2021-09-24,GLAC,34.49,117537,CHF
2021-09-24,HELV,91.52,371856,CHF
2021-09-24,IBEX,14.85,179275,EUR
2021-09-24,JURA,3'888.75,315720,CHF
2021-09-27,ALPN,89.03,372896,CHF
2021-09-27,BRGN,201.12,119605,CHF
2021-09-27,CRYS,19.55,373293,CHF
2021-09-27,DELT,59.35,284083,EUR
2021-09-27,EDLW,32.2,53690,CHF
2021-09-27,FJRD,26.48,226212,USD
2021-09-27,GLAC,34.82,111724,CHF
2021-09-27,HELV,90.33,323892,CHF
2021-09-27,IBEX,15.29,88659,EUR
2021-09-27,JURA,3911.14,169633,CHF
2021-09-28,ALPN,89.03,50597,CHF
2021-09-28,BRGN,200.68,306662,CHF
2021-09-28,CRYS,19.04,344980,CHF
2021-09-28,DELT,60.68,153436,EUR
2021-09-28,EDLW,32.14,31208,CHF
2021-09-28,FJRD,27.08,393983,USD
2021-09-28,GLAC,34.44,281277,CHF
2021-09-28,HELV,91.07,301533,CHF
2021-09-28,IBEX,15.37,130914,EUR
2021-09-28,JURA,3939.24,366086,CHF
2021-09-29,ALPN,90.18,192749,CHF
2021-09-29,BRGN,204.58,95594,CHF
2021-09-29,CRYS,19.28,39744,CHF
2021-09-29,DELT,61.66,341814,EUR
2021-09-29,EDLW,31.83,269618,CHF
2021-09-29,FJRD,27.14,282209,USD
2021-09-29,GLAC,34.51,382540,CHF
2021-09-29,HELV,92.17,392357,CHF
2021-09-29,IBEX,15.35,334376,EUR
2021-09-29,JURA,3960.48,366875,CHF
2021-09-30,ALPN,91.82,123145,CHF
2021-09-30,BRGN,203.91,210725,CHF
2021-09-30,CRYS,19.33,54984,CHF
2021-09-30,DELT,60.25,233377,EUR
2021-09-30,EDLW,31.12,107098,CHF
2021-09-30,FJRD,27.38,20167,USD
2021-09-30,GLAC,34.28,20428,CHF
2021-09-30,HELV,92.84,32576,CHF
2021-09-30,IBEX,15.19,287043,EUR
2021-09-30,JURA,3976.11,192995,CHF
2021-10-01,ALPN,92.07,89017,CHF
2021-10-01,BRGN,198.96,128894,CHF
2021-10-01,CRYS,18.95,29758,CHF
2021-10-01,DELT,59.44,33906,EUR
2021-10-01,EDLW,31.32,280315,CHF
2021-10-01,FJRD,27.69,133239,USD
2021-10-01,GLAC,33.94,260060,CHF
2021-10-01,HELV,93.32,358315,CHF
2021-10-01,IBEX,15.16,197549,EUR
2021-10-01,JURA,3949.47,128171,CHF
2021-10-04,ALPN,88.99,45827,CHF
2021-10-04,BRGN,199.01,317940,CHF
2021-10-04,CRYS,18.65,343406,CHF
2021-10-04,DELT,57.67,129549,EUR
2021-10-04,EDLW,31.31,242102,CHF
2021-10-04,FJRD,27.19,31208,USD
2021-10-04,GLAC,33.03,121052,CHF
2021-10-04,HELV,91.66,116552,CHF
2021-10-04,IBEX,14.87,303519,EUR
2021-10-04,JURA,3864.74,323723,CHF
2021-10-05,ALPN,90.64,83004,CHF
2021-10-05,BRGN,202.74,29818,CHF
2021-10-05,CRYS,18.82,149987,CHF
2021-10-05,DELT,59.42,353041,EUR
2021-10-05,EDLW,31.59,317752,CHF
2021-10-05,FJRD,27.99,158397,USD
2021-10-05,GLAC,33.77,189687,CHF
2021-10-05,HELV,92.58,84356,CHF
2021-10-05,IBEX,14.98,163639,EUR
2021-10-05,JURA,3881.12,354997,CHF
2021-10-06,ALPN,92.09,268182,CHF
2021-10-06,BRGN,207.72,86328,CHF
2021-10-06,CRYS,19.33,100853,CHF
2021-10-06,DELT,61.08,379734,EUR
2021-10-06,EDLW,31.51,76934,CHF
2021-10-06,FJRD,29.16,381324,USD
2021-10-06,GLAC,35.04,284643,CHF
2021-10-06,HELV,95.19,280029,CHF
2021-10-06,IBEX,15.18,298389,EUR
2021-10-06,JURA,3977.67,146398,CHF
2021-10-07,ALPN,93.87,143694,CHF
2021-10-07,BRGN,203.39,222079,CHF
2021-10-07,CRYS,19.63,124519,CHF
2021-10-07,DELT,61.05,150170,EUR
2021-10-07,EDLW,31.67,324372,CHF
2021-10-07,FJRD,29.32,243174,USD
2021-10-07,GLAC,34.33,242291,CHF
2021-10-07,HELV,96.71,395279,CHF
2021-10-07,IBEX,15.29,271549,EUR
2021-10-07,JURA,3925.96,260783,CHF
2021-10-08,ALPN,94.64,25875,CHF
2021-10-08,BRGN,204.84,118677,CHF
2021-10-08,CRYS,19.78,95663,CHF
2021-10-08,DELT,62.46,147143,EUR
2021-10-08,EDLW,31.27,210165,CHF
2021-10-08,FJRD,29.6,313646,USD
2021-10-08,HELV,99.98,196064,CHF
2021-10-08,IBEX,15.61,377422,EUR
2021-10-08,JURA,3960.73,290448,CHF
2021-10-11,ALPN,96.08,274109,CHF
2021-10-11,BRGN,208.52,119266,CHF
2021-10-11,CRYS,19.58,145727,CHF
2021-10-11,DELT,64.06,59845,EUR
2021-10-11,EDLW,31.68,329207,CHF
2021-10-11,FJRD,29.51,158682,USD
2021-10-11,GLAC,35.92,269468,CHF
2021-10-11,HELV,100.67,305422,CHF
2021-10-11,IBEX,15.27,322856,EUR
2021-10-11,JURA,4013.8,25336,CHF
2021-10-12,ALPN,96.69,239412,CHF
2021-10-12,BRGN,210.87,309542,CHF
2021-10-12,CRYS,19.71,98093,CHF
2021-10-12,DELT,63.41,382611,EUR
2021-10-12,EDLW,31.53,22540,CHF
2021-10-12,FJRD,29.63,43428,USD
2021-10-12,GLAC,35.83,397578,CHF
2021-10-12,HELV,100.89,239265,CHF
2021-10-12,IBEX,15.2,239969,EUR
2021-10-12,JURA,3911.53,78008,CHF
2021-10-13,ALPN,94.55,254843,CHF
2021-10-13,BRGN,207.98,226933,CHF
2021-10-13,CRYS,19.24,262230,CHF
2021-10-13,DELT,63.5,244538,EUR
2021-10-13,EDLW,31.49,103994,CHF
2021-10-13,FJRD,28.82,200650,USD
2021-10-13,GLAC,34.51,50065,CHF
2021-10-13,HELV,98.46,212837,CHF
2021-10-13,IBEX,14.89,216781,EUR
2021-10-13,JURA,3859.83,158050,CHF
2021-10-14,ALPN,94.54,150138,CHF
2021-10-14,BRGN,208.75,360145,CHF
2021-10-14,CRYS,19.06,140746,CHF
2021-10-14,DELT,63.27,242470,EUR
2021-10-14,EDLW,31.77,159563,CHF
2021-10-14,FJRD,28.25,341444,USD
2021-10-14,GLAC,34.0,159606,CHF
2021-10-14,HELV,98.45,359826,CHF
2021-10-14,IBEX,14.6,322635,EUR
2021-10-14,JURA,3829.94,200918,CHF
2021-10-15,ALPN,94.19,287835,CHF
2021-10-15,BRGN,211.03,333055,CHF
2021-10-15,CRYS,19.01,21626,CHF
2021-10-15,DELT,62.26,249151,EUR
2021-10-15,EDLW,31.55,244999,CHF
2021-10-15,FJRD,28.17,80284,USD
2021-10-15,GLAC,33.55,254330,CHF
2021-10-15,HELV,97.02,211994,CHF
2021-10-15,IBEX,14.67,339883,EUR
2021-10-15,JURA,3815.31,171548,CHF
2021-10-18,ALPN,94.06,352576,CHF
2021-10-18,BRGN,209.87,33606,CHF
2021-10-18,CRYS,18.79,218629,CHF
2021-10-18,DELT,63.0,386562,EUR
2021-10-18,EDLW,31.37,313327,CHF
2021-10-18,FJRD,28.06,293354,USD
2021-10-18,GLAC,33.22,199748,CHF
2021-10-18,HELV,97.36,282183,CHF
2021-10-18,IBEX,14.55,250364,EUR
2021-10-18,JURA,3749.42,247899,CHF
2021-10-19,ALPN,95.19,116025,CHF
2021-10-19,BRGN,210.26,250879,CHF
2021-10-19,CRYS,18.97,208487,CHF
2021-10-19,DELT,64.71,314627,EUR
2021-10-19,EDLW,31.5,370077,CHF
2021-10-19,FJRD,28.19,394531,USD
2021-10-19,GLAC,33.88,308032,CHF
2021-10-19,HELV,97.55,332285,CHF
2021-10-19,IBEX,14.73,144558,EUR
2021-10-19,JURA,3739.54,53778,CHF
2021-10-20,ALPN,93.72,274773,CHF
2021-10-20,BRGN,211.86,36403,CHF
2021-10-20,CRYS,18.95,57812,CHF
2021-10-20,DELT,62.86,56666,EUR
2021-10-20,EDLW,31.42,160988,CHF
2021-10-20,FJRD,27.95,97930,USD
2021-10-20,GLAC,33.62,59245,CHF
2021-10-20,HELV,96.09,221647,CHF
2021-10-20,IBEX,14.41,35042,EUR
2021-10-20,JURA,3756.04,20356,CHF
2021-10-21,ALPN,93.24,394103,CHF
2021-10-21,BRGN,211.89,355556,CHF
2021-10-21,CRYS,18.36,204989,CHF
2021-10-21,DELT,61.67,193685,EUR
2021-10-21,EDLW,31.15,240346,CHF
2021-10-21,FJRD,27.84,164700,USD
2021-10-21,GLAC,33.07,236164,CHF
2021-10-21,HELV,94.11,168172,CHF
2021-10-21,IBEX,14.01,392740,EUR
2021-10-21,JURA,3676.82,288023,CHF
2021-10-22,ALPN,90.79,201241,CHF
2021-10-22,BRGN,206.12,142321,CHF
2021-10-22,CRYS,17.87,99441,CHF
2021-10-22,DELT,60.4,193282,EUR
2021-10-22,EDLW,30.7,391604,CHF
2021-10-22,FJRD,27.58,315390,USD
2021-10-22,GLAC,31.97,343247,CHF
2021-10-22,HELV,92.31,356014,CHF
2021-10-22,JURA,3'503.45,291555,CHF
2021-10-25,ALPN,89.65,58100,CHF
2021-10-25,BRGN,204.56,233897,CHF
2021-10-25,CRYS,17.93,208961,CHF
2021-10-25,DELT,60.64,286550,EUR
2021-10-25,EDLW,30.44,212187,CHF
2021-10-25,FJRD,27.75,86340,USD
2021-10-25,GLAC,31.63,172039,CHF
2021-10-25,HELV,93.67,80396,CHF
2021-10-25,IBEX,13.83,106013,EUR
2021-10-25,JURA,3515.92,207120,CHF
2021-10-26,ALPN,92.41,322454,CHF
2021-10-26,BRGN,201.13,330825,CHF
2021-10-26,CRYS,18.38,99703,CHF
2021-10-26,DELT,62.02,208472,EUR
2021-10-26,EDLW,30.74,136822,CHF
2021-10-26,FJRD,28.91,387267,USD
2021-10-26,GLAC,32.19,341812,CHF
2021-10-26,HELV,94.56,177854,CHF
2021-10-26,IBEX,14.21,323110,EUR
2021-10-26,JURA,3553.46,273833,CHF
2021-10-27,ALPN,92.49,369804,CHF
2021-10-27,BRGN,199.17,275003,CHF
2021-10-27,CRYS,18.61,353681,CHF
2021-10-27,DELT,61.43,296367,EUR
2021-10-27,EDLW,30.8,117901,CHF
2021-10-27,FJRD,29.16,308383,USD
2021-10-27,GLAC,31.72,221191,CHF
2021-10-27,HELV,94.31,239915,CHF
2021-10-27,IBEX,14.19,125945,EUR
2021-10-27,JURA,3553.33,118815,CHF
2021-10-28,ALPN,91.32,311334,CHF
2021-10-28,BRGN,200.83,254619,CHF
2021-10-28,CRYS,18.95,231344,CHF
2021-10-28,DELT,60.88,94416,EUR
2021-10-28,EDLW,30.5,208744,CHF
2021-10-28,FJRD,28.7,298299,USD
2021-10-28,GLAC,32.29,26696,CHF
2021-10-28,HELV,94.44,258484,CHF
2021-10-28,IBEX,13.99,282872,EUR
2021-10-28,JURA,3474.13,113983,CHF
2021-10-29,ALPN,91.23,326997,CHF
2021-10-29,BRGN,204.81,75019,CHF
2021-10-29,CRYS,19.02,33922,CHF
2021-10-29,DELT,61.88,197953,EUR
2021-10-29,EDLW,30.43,174812,CHF
2021-10-29,FJRD,28.59,159744,USD
2021-10-29,GLAC,33.1,179361,CHF
2021-10-29,HELV,96.69,346724,CHF
2021-10-29,IBEX,14.34,45597,EUR
2021-10-29,JURA,3529.48,338519,CHF
2021-11-01,ALPN,91.78,388700,CHF
2021-11-01,BRGN,204.26,328794,CHF
2021-11-01,CRYS,18.66,117134,CHF
2021-11-01,DELT,61.16,236074,EUR
2021-11-01,EDLW,30.43,155928,CHF
2021-11-01,FJRD,28.38,384137,USD
2021-11-01,GLAC,32.73,26418,CHF
2021-11-01,HELV,97.39,275397,CHF
2021-11-01,IBEX,14.16,108491,EUR
2021-11-01,JURA,3526.76,195560,CHF
2021-11-02,ALPN,92.97,317344,CHF
2021-11-02,BRGN,204.19,103061,CHF
2021-11-02,CRYS,18.67,148944,CHF
2021-11-02,DELT,60.95,382085,EUR
2021-11-02,EDLW,30.91,290210,CHF
2021-11-02,FJRD,28.24,38133,USD
2021-11-02,GLAC,33.77,328245,CHF
2021-11-02,HELV,98.62,88170,CHF
2021-11-02,IBEX,14.16,315829,EUR
2021-11-02,JURA,3490.92,374500,CHF
2021-11-03,ALPN,93.42,66866,CHF
2021-11-03,BRGN,202.53,291232,CHF
2021-11-03,CRYS,18.56,223790,CHF
2021-11-03,DELT,61.55,232918,EUR
2021-11-03,EDLW,30.93,158836,CHF
2021-11-03,FJRD,28.4,182178,USD
2021-11-03,GLAC,34.15,120694,CHF
2021-11-03,HELV,99.03,34623,CHF
2021-11-03,IBEX,14.26,90499,EUR
2021-11-03,JURA,3533.09,314301,CHF
2021-11-04,ALPN,95.0,201234,CHF
2021-11-04,BRGN,203.5,375882,CHF
2021-11-04,CRYS,19.12,390169,CHF
2021-11-04,DELT,62.74,64051,EUR
2021-11-04,EDLW,31.17,333226,CHF
2021-11-04,FJRD,28.75,167773,USD
2021-11-04,GLAC,34.68,262614,CHF
2021-11-04,HELV,100.06,280602,CHF
2021-11-04,IBEX,14.57,312057,EUR
2021-11-04,JURA,3550.11,278944,CHF
2021-11-05,ALPN,93.06,325536,CHF
2021-11-05,BRGN,203.49,212482,CHF
2021-11-05,CRYS,18.54,182437,CHF
2021-11-05,DELT,61.94,269683,EUR
2021-11-05,EDLW,30.79,360969,CHF
2021-11-05,FJRD,27.91,236774,USD
2021-11-05,GLAC,34.1,266400,CHF
2021-11-05,HELV,100.8,279797,CHF
2021-11-05,IBEX,14.59,306990,EUR
2021-11-05,JURA,3509.09,70896,CHF
2021-11-08,ALPN,92.68,348601,CHF
2021-11-08,BRGN,201.95,249024,CHF
2021-11-08,CRYS,18.53,101045,CHF
2021-11-08,DELT,62.35,260124,EUR
2021-11-08,EDLW,30.57,165258,CHF
2021-11-08,FJRD,27.32,260400,USD
2021-11-08,GLAC,34.0,237376,CHF
2021-11-08,HELV,102.69,301055,CHF
2021-11-08,IBEX,14.62,233076,EUR
2021-11-08,JURA,3535.0,379288,CHF
2021-11-09,ALPN,94.11,157001,CHF
2021-11-09,BRGN,200.64,318526,CHF
2021-11-09,CRYS,18.15,119654,CHF
2021-11-09,DELT,61.48,294715,EUR
2021-11-09,EDLW,30.33,240515,CHF
2021-11-09,FJRD,27.5,266470,USD
2021-11-09,GLAC,34.3,271898,CHF
2021-11-09,HELV,101.98,21489,CHF
2021-11-09,IBEX,14.53,103991,EUR
2021-11-09,JURA,3599.66,197509,CHF
2021-11-10,ALPN,93.37,72065,CHF
2021-11-10,BRGN,202.0,92354,CHF
2021-11-10,CRYS,18.81,275800,CHF
2021-11-10,DELT,63.26,226604,EUR
2021-11-10,EDLW,30.77,198247,CHF
2021-11-10,FJRD,28.65,356762,USD
2021-11-10,GLAC,34.99,224190,CHF
2021-11-10,HELV,103.53,366138,CHF
2021-11-10,IBEX,14.8,262670,EUR
2021-11-10,JURA,3704.43,297481,CHF
2021-11-11,ALPN,96.01,36530,CHF
2021-11-11,BRGN,199.75,268678,CHF
2021-11-11,CRYS,19.15,210755,CHF
2021-11-11,DELT,63.56,59265,EUR
2021-11-11,EDLW,31.34,150772,CHF
2021-11-11,FJRD,28.32,228336,USD
2021-11-11,GLAC,35.25,200538,CHF
2021-11-11,HELV,105.22,217446,CHF
2021-11-11,IBEX,14.59,382231,EUR
2021-11-11,JURA,3743.58,164336,CHF
2021-11-12,ALPN,95.83,378418,CHF
2021-11-12,BRGN,205.28,381054,CHF
2021-11-12,CRYS,19.21,70976,CHF
2021-11-12,DELT,62.76,36215,EUR
2021-11-12,EDLW,31.16,223211,CHF
2021-11-12,FJRD,28.68,287917,USD
2021-11-12,GLAC,35.38,181425,CHF
2021-11-12,HELV,105.06,399424,CHF
2021-11-12,IBEX,14.51,218707,EUR
2021-11-12,JURA,3728.28,357895,CHF
2021-11-15,ALPN,96.98,384959,CHF
2021-11-15,BRGN,209.81,150936,CHF
2021-11-15,CRYS,19.69,113930,CHF
2021-11-15,DELT,63.37,301212,EUR
2021-11-15,EDLW,31.55,241851,CHF
2021-11-15,FJRD,28.86,296696,USD
2021-11-15,GLAC,36.26,20450,CHF
2021-11-15,HELV,108.27,121091,CHF
2021-11-15,IBEX,14.6,322844,EUR
2021-11-15,JURA,3719.77,394321,CHF
2021-11-16,ALPN,96.62,287179,CHF
2021-11-16,BRGN,209.54,385753,CHF
2021-11-16,CRYS,19.34,85509,CHF
2021-11-16,DELT,61.93,58903,EUR
2021-11-16,EDLW,31.11,318282,CHF
2021-11-16,FJRD,27.59,218602,USD
2021-11-16,GLAC,35.57,303177,CHF
2021-11-16,HELV,110.33,352012,CHF
2021-11-16,IBEX,14.04,177300,EUR
2021-11-16,JURA,3640.97,217447,CHF
2021-11-17,ALPN,93.83,351465,CHF
2021-11-17,BRGN,206.71,221040,CHF
2021-11-17,CRYS,18.52,300056,CHF
2021-11-17,DELT,59.77,313476,EUR
2021-11-17,EDLW,30.26,192521,CHF
2021-11-17,FJRD,26.95,297269,USD
2021-11-17,GLAC,34.75,396487,CHF
2021-11-17,HELV,108.38,291767,CHF
2021-11-17,IBEX,13.3,44889,EUR
2021-11-17,JURA,3582.59,142937,CHF
2021-11-18,ALPN,93.09,72665,CHF
2021-11-18,BRGN,207.57,186476,CHF
2021-11-18,CRYS,18.46,52416,CHF
2021-11-18,DELT,59.26,33166,EUR
2021-11-18,EDLW,30.12,360126,CHF
2021-11-18,FJRD,26.95,389698,USD
2021-11-18,GLAC,34.58,345944,CHF
2021-11-18,HELV,108.57,370743,CHF
2021-11-18,IBEX,13.6,201709,EUR
2021-11-18,JURA,3590.46,69951,CHF
2021-11-19,ALPN,93.98,150348,CHF
2021-11-19,BRGN,211.57,44249,CHF
2021-11-19,CRYS,18.23,122635,CHF
2021-11-19,DELT,59.93,372176,EUR
2021-11-19,EDLW,30.45,307543,CHF
2021-11-19,FJRD,27.33,326245,USD
2021-11-19,GLAC,34.99,375322,CHF
2021-11-19,HELV,109.29,375316,CHF
2021-11-19,IBEX,14.09,236163,EUR
2021-11-19,JURA,3'572.20,266039,CHF
2021-11-22,ALPN,92.86,64191,CHF
2021-11-22,BRGN,211.42,175121,CHF
2021-11-22,CRYS,18.14,366248,CHF
2021-11-22,DELT,60.03,288558,EUR
2021-11-22,EDLW,29.96,37665,CHF
2021-11-22,FJRD,27.04,241199,USD
2021-11-22,GLAC,33.71,270583,CHF
2021-11-22,HELV,106.87,353424,CHF
2021-11-22,IBEX,13.9,391305,EUR
2021-11-22,JURA,3647.48,208549,CHF
2021-11-23,ALPN,92.97,269692,CHF
2021-11-23,BRGN,217.12,103705,CHF
2021-11-23,CRYS,18.57,261046,CHF
2021-11-23,DELT,60.75,388278,EUR
2021-11-23,EDLW,29.77,23240,CHF
2021-11-23,FJRD,27.63,301704,USD
2021-11-23,GLAC,34.32,396340,CHF
2021-11-23,HELV,110.01,75410,CHF
2021-11-23,IBEX,13.97,252270,EUR
2021-11-23,JURA,3687.17,282761,CHF
2021-11-24,ALPN,90.99,356108,CHF
2021-11-24,BRGN,215.72,347783,CHF
2021-11-24,CRYS,18.26,323990,CHF
2021-11-24,DELT,59.59,339471,EUR
2021-11-24,EDLW,29.89,98607,CHF
2021-11-24,FJRD,27.79,142959,USD
2021-11-24,GLAC,34.23,281735,CHF
2021-11-24,HELV,106.51,69114,CHF
2021-11-24,IBEX,13.82,236044,EUR
2021-11-24,JURA,3621.92,291662,CHF
2021-11-25,ALPN,91.49,315286,CHF
2021-11-25,BRGN,219.97,201205,CHF
2021-11-25,CRYS,17.78,58196,CHF
2021-11-25,DELT,59.16,290321,EUR
2021-11-25,EDLW,29.55,231982,CHF
2021-11-25,FJRD,27.86,137330,USD
2021-11-25,GLAC,33.99,329440,CHF
2021-11-25,HELV,106.93,88022,CHF
2021-11-25,IBEX,13.71,168272,EUR
2021-11-25,JURA,3611.09,204521,CHF
2021-11-26,ALPN,90.29,175961,CHF
2021-11-26,BRGN,218.81,176888,CHF
2021-11-26,CRYS,17.66,265418,CHF
2021-11-26,DELT,57.87,193080,EUR
2021-11-26,EDLW,29.26,118845,CHF
2021-11-26,FJRD,27.89,159532,USD
2021-11-26,GLAC,33.66,34546,CHF
2021-11-26,HELV,107.28,207888,CHF
2021-11-26,IBEX,13.3,285065,EUR
2021-11-26,JURA,3640.48,200962,CHF
2021-11-29,ALPN,91.84,108319,CHF
2021-11-29,BRGN,220.27,349107,CHF
2021-11-29,CRYS,18.07,278159,CHF
2021-11-29,DELT,58.61,260891,EUR
2021-11-29,EDLW,29.92,128413,CHF
2021-11-29,FJRD,27.89,343966,USD
2021-11-29,GLAC,34.06,169115,CHF
2021-11-29,HELV,110.62,357940,CHF
2021-11-29,IBEX,13.31,28612,EUR
2021-11-29,JURA,3628.74,178427,CHF
2021-11-30,ALPN,88.89,268067,CHF
2021-11-30,BRGN,215.99,68009,CHF
2021-11-30,CRYS,17.8,284034,CHF
2021-11-30,DELT,57.42,355620,EUR
2021-11-30,EDLW,28.72,221160,CHF
2021-11-30,FJRD,27.59,235215,USD
2021-11-30,GLAC,33.46,273813,CHF
2021-11-30,HELV,106.96,127767,CHF
2021-11-30,IBEX,12.92,385106,EUR
2021-11-30,JURA,3579.22,148922,CHF
2021-12-01,ALPN,92.48,355212,CHF
2021-12-01,BRGN,210.85,120702,CHF
2021-12-01,CRYS,18.4,351192,CHF
2021-12-01,DELT,60.19,82948,EUR
2021-12-01,EDLW,29.59,189149,CHF
2021-12-01,FJRD,28.76,380151,USD
2021-12-01,GLAC,34.48,45368,CHF
2021-12-01,HELV,109.7,126110,CHF
2021-12-01,IBEX,13.14,127064,EUR
2021-12-01,JURA,3641.71,330713,CHF
2021-12-02,ALPN,91.14,88836,CHF
2021-12-02,BRGN,208.96,240419,CHF
2021-12-02,CRYS,18.37,350695,CHF
2021-12-02,DELT,60.43,38054,EUR
2021-12-02,EDLW,29.37,169486,CHF
2021-12-02,FJRD,29.14,355247,USD
2021-12-02,GLAC,33.76,262908,CHF
2021-12-02,HELV,108.12,128283,CHF
2021-12-02,IBEX,12.97,304870,EUR
2021-12-02,JURA,3565.57,392219,CHF
2021-12-03,ALPN,90.8,324210,CHF
2021-12-03,BRGN,209.35,352210,CHF
2021-12-03,CRYS,18.4,174333,CHF
2021-12-03,DELT,61.51,21492,EUR
2021-12-03,EDLW,29.35,186018,CHF
2021-12-03,FJRD,29.03,322024,USD
2021-12-03,GLAC,34.15,58245,CHF
2021-12-03,HELV,109.19,263853,CHF
2021-12-03,IBEX,12.98,369315,EUR
2021-12-03,JURA,3639.82,327362,CHF
2021-12-06,ALPN,90.78,46621,CHF
2021-12-06,BRGN,207.74,345115,CHF
2021-12-06,CRYS,17.94,325220,CHF
2021-12-06,DELT,61.5,107731,EUR
2021-12-06,EDLW,28.87,142908,CHF
2021-12-06,FJRD,28.7,100512,USD
2021-12-06,GLAC,33.61,327256,CHF
2021-12-06,HELV,109.68,276910,CHF
2021-12-06,IBEX,13.03,361598,EUR
2021-12-06,JURA,3646.36,341770,CHF
2021-12-07,ALPN,91.52,96775,CHF
2021-12-07,CRYS,17.74,381992,CHF
2021-12-07,DELT,60.8,67084,EUR
2021-12-07,EDLW,29.28,165455,CHF
2021-12-07,FJRD,29.19,314446,USD
2021-12-07,GLAC,33.87,80904,CHF
2021-12-07,HELV,109.64,99532,CHF
2021-12-07,JURA,3707.87,219028,CHF
2021-12-08,ALPN,90.38,77238,CHF
2021-12-08,BRGN,211.69,22437,CHF
2021-12-08,CRYS,17.84,331701,CHF
2021-12-08,DELT,59.92,296661,EUR
2021-12-08,EDLW,29.57,103952,CHF
2021-12-08,FJRD,28.99,217737,USD
2021-12-08,GLAC,33.65,45131,CHF
2021-12-08,HELV,107.2,397759,CHF
2021-12-08,IBEX,13.23,252207,EUR
2021-12-08,JURA,3702.01,246247,CHF
2021-12-09,ALPN,90.34,280973,CHF
2021-12-09,BRGN,214.84,133678,CHF
2021-12-09,CRYS,18.01,324165,CHF
2021-12-09,DELT,62.02,363952,EUR
2021-12-09,EDLW,29.98,336711,CHF
2021-12-09,FJRD,29.62,285367,USD
2021-12-09,GLAC,33.75,165074,CHF
2021-12-09,HELV,109.98,145873,CHF
2021-12-09,IBEX,13.51,282499,EUR
2021-12-09,JURA,3782.7,371494,CHF
2021-12-10,ALPN,91.84,397373,CHF
2021-12-10,BRGN,218.87,34974,CHF
2021-12-10,CRYS,18.42,301154,CHF
2021-12-10,DELT,62.97,327552,EUR
2021-12-10,EDLW,30.32,187658,CHF
2021-12-10,FJRD,29.75,21236,USD
2021-12-10,GLAC,33.81,113156,CHF
2021-12-10,HELV,110.56,170064,CHF
2021-12-10,IBEX,13.59,85055,EUR
2021-12-10,JURA,3876.15,199548,CHF
2021-12-13,ALPN,94.71,111235,CHF
2021-12-13,BRGN,222.53,397781,CHF
2021-12-13,CRYS,18.67,325542,CHF
2021-12-13,DELT,63.63,244495,EUR
2021-12-13,EDLW,30.42,251459,CHF
2021-12-13,FJRD,30.12,33092,USD
2021-12-13,GLAC,33.35,209649,CHF
2021-12-13,HELV,113.67,259361,CHF
2021-12-13,IBEX,13.93,297481,EUR
2021-12-13,JURA,3911.17,29118,CHF
2021-12-14,ALPN,93.82,216100,CHF
2021-12-14,BRGN,224.55,169394,CHF
2021-12-14,CRYS,18.96,150092,CHF
2021-12-14,DELT,65.1,295983,EUR
2021-12-14,EDLW,30.01,301750,CHF
2021-12-14,FJRD,30.09,392502,USD
2021-12-14,GLAC,34.1,160459,CHF
2021-12-14,HELV,114.11,39662,CHF
2021-12-14,IBEX,14.23,153443,EUR
2021-12-14,JURA,3897.74,218387,CHF
2021-12-15,ALPN,93.92,221417,CHF
2021-12-15,BRGN,223.22,38025,CHF
2021-12-15,CRYS,18.78,365385,CHF
2021-12-15,DELT,63.91,280697,EUR
2021-12-15,EDLW,30.04,199044,CHF
2021-12-15,FJRD,30.14,38892,USD
2021-12-15,GLAC,33.78,196776,CHF
2021-12-15,HELV,113.96,156701,CHF
2021-12-15,IBEX,13.72,334959,EUR
2021-12-15,JURA,3895.01,292524,CHF
2021-12-16,ALPN,93.42,116930,CHF
2021-12-16,BRGN,226.0,349514,CHF
2021-12-16,CRYS,18.3,200349,CHF
2021-12-16,DELT,63.94,279860,EUR
2021-12-16,EDLW,30.11,200557,CHF
2021-12-16,FJRD,30.2,49768,USD
2021-12-16,GLAC,33.76,147924,CHF
2021-12-16,HELV,113.62,107284,CHF
2021-12-16,IBEX,13.83,130941,EUR
2021-12-16,JURA,3902.4,233099,CHF
2021-12-17,ALPN,94.19,261537,CHF
2021-12-17,BRGN,221.64,351615,CHF
2021-12-17,CRYS,18.31,359352,CHF
2021-12-17,DELT,64.75,107433,EUR
2021-12-17,EDLW,30.23,281194,CHF
2021-12-17,FJRD,30.26,351569,USD
2021-12-17,GLAC,34.4,274769,CHF
2021-12-17,HELV,114.92,31579,CHF
2021-12-17,IBEX,13.8,53805,EUR
2021-12-17,JURA,3'825.04,359094,CHF
2021-12-20,ALPN,93.71,380867,CHF
2021-12-20,BRGN,220.26,337789,CHF
2021-12-20,CRYS,18.34,105228,CHF
2021-12-20,DELT,64.15,383170,EUR
2021-12-20,EDLW,29.9,284276,CHF
2021-12-20,FJRD,30.2,216217,USD
2021-12-20,GLAC,33.85,185236,CHF
2021-12-20,HELV,114.56,243736,CHF
2021-12-20,IBEX,13.67,361184,EUR
2021-12-20,JURA,3776.5,99720,CHF
2021-12-21,ALPN,91.64,357409,CHF
2021-12-21,BRGN,221.79,170719,CHF
2021-12-21,CRYS,18.6,135591,CHF
2021-12-21,DELT,63.84,330304,EUR
2021-12-21,EDLW,29.99,281361,CHF
2021-12-21,FJRD,29.8,211015,USD
2021-12-21,GLAC,33.53,246101,CHF
2021-12-21,HELV,115.55,268137,CHF
2021-12-21,IBEX,13.35,89454,EUR
2021-12-21,JURA,3762.13,128179,CHF
2021-12-22,ALPN,91.23,183991,CHF
2021-12-22,BRGN,222.67,348277,CHF
2021-12-22,CRYS,18.47,107641,CHF
2021-12-22,DELT,63.35,292215,EUR
2021-12-22,EDLW,30.0,32275,CHF
2021-12-22,FJRD,29.1,277922,USD
2021-12-22,GLAC,32.91,297978,CHF
2021-12-22,HELV,113.65,135825,CHF
2021-12-22,IBEX,13.43,370313,EUR
2021-12-22,JURA,3728.52,63774,CHF
2021-12-23,ALPN,92.02,308398,CHF
2021-12-23,BRGN,228.86,247873,CHF
2021-12-23,CRYS,18.94,195133,CHF
2021-12-23,DELT,63.49,199438,EUR
2021-12-23,EDLW,30.28,125602,CHF
2021-12-23,FJRD,29.74,325742,USD
2021-12-23,GLAC,33.45,327406,CHF
2021-12-23,HELV,112.82,183925,CHF
2021-12-23,IBEX,13.41,288980,EUR
2021-12-23,JURA,3761.25,25815,CHF
2021-12-24,ALPN,93.11,366601,CHF
2021-12-24,BRGN,229.32,368159,CHF
2021-12-24,CRYS,18.52,317088,CHF
2021-12-24,DELT,64.57,382193,EUR
2021-12-24,EDLW,29.71,49978,CHF
2021-12-24,FJRD,29.99,76439,USD
2021-12-24,GLAC,33.65,386499,CHF
2021-12-24,HELV,113.13,172253,CHF
2021-12-24,IBEX,13.6,297845,EUR
2021-12-24,JURA,3788.68,89376,CHF
2021-12-27,ALPN,92.45,192639,CHF
2021-12-27,BRGN,232.23,298003,CHF
2021-12-27,CRYS,18.2,136942,CHF
2021-12-27,DELT,66.55,118818,EUR
2021-12-27,EDLW,29.98,22730,CHF
2021-12-27,FJRD,29.61,349720,USD
2021-12-27,GLAC,33.34,375926,CHF
2021-12-27,HELV,110.37,229253,CHF
2021-12-27,IBEX,13.64,168081,EUR
2021-12-27,JURA,3808.97,150049,CHF
2021-12-28,ALPN,91.79,146578,CHF
2021-12-28,BRGN,232.04,50330,CHF
2021-12-28,CRYS,18.18,95785,CHF
2021-12-28,DELT,68.06,301543,EUR
2021-12-28,EDLW,30.29,130039,CHF
2021-12-28,FJRD,29.68,76087,USD
2021-12-28,GLAC,33.67,182714,CHF
2021-12-28,HELV,111.65,336715,CHF
2021-12-28,IBEX,13.94,250700,EUR
2021-12-28,JURA,3847.78,200704,CHF
2021-12-29,ALPN,91.05,338191,CHF
2021-12-29,BRGN,230.46,186905,CHF
2021-12-29,CRYS,18.25,123552,CHF
2021-12-29,DELT,66.92,279775,EUR
2021-12-29,EDLW,29.99,283054,CHF
2021-12-29,FJRD,29.23,343605,USD
2021-12-29,GLAC,32.48,96342,CHF
2021-12-29,HELV,112.05,115404,CHF
2021-12-29,IBEX,14.18,183728,EUR
2021-12-29,JURA,3877.15,117733,CHF
2021-12-30,ALPN,91.95,333569,CHF
2021-12-30,BRGN,228.78,322370,CHF
2021-12-30,CRYS,18.08,116325,CHF
2021-12-30,DELT,67.78,108934,EUR
2021-12-30,EDLW,30.06,256147,CHF
2021-12-30,FJRD,29.07,73959,USD
2021-12-30,GLAC,33.14,163413,CHF
2021-12-30,HELV,112.22,220570,CHF
2021-12-30,IBEX,14.47,146466,EUR
2021-12-30,JURA,3868.4,45916,CHF
2021-12-31,ALPN,93.77,365204,CHF
2021-12-31,BRGN,232.7,95704,CHF
2021-12-31,CRYS,18.61,215488,CHF
2021-12-31,DELT,68.54,293652,EUR
2021-12-31,EDLW,30.23,301838,CHF
2021-12-31,FJRD,29.17,378220,USD
2021-12-31,GLAC,32.96,81621,CHF
2021-12-31,HELV,115.09,93774,CHF
2021-12-31,IBEX,14.42,92198,EUR
2021-12-31,JURA,3938.22,297923,CHF
2022-01-03,ALPN,93.47,318372,CHF
2022-01-03,BRGN,227.67,385521,CHF
2022-01-03,CRYS,18.46,187436,CHF
2022-01-03,DELT,68.12,169496,EUR
2022-01-03,EDLW,29.79,327224,CHF
2022-01-03,FJRD,29.75,74582,USD
2022-01-03,GLAC,32.86,242152,CHF
2022-01-03,HELV,114.18,215925,CHF
2022-01-03,IBEX,14.68,226236,EUR
2022-01-03,JURA,3984.62,291987,CHF
2022-01-04,ALPN,93.28,47204,CHF
2022-01-04,BRGN,233.38,52770,CHF
2022-01-04,CRYS,19.22,159832,CHF
2022-01-04,DELT,70.08,37840,EUR
2022-01-04,EDLW,30.51,384743,CHF
2022-01-04,FJRD,30.51,149485,USD
2022-01-04,GLAC,33.73,388839,CHF
2022-01-04,IBEX,14.93,300779,EUR
2022-01-04,JURA,4065.02,279403,CHF
2022-01-05,ALPN,93.8,259188,CHF
2022-01-05,BRGN,231.68,338057,CHF
2022-01-05,CRYS,18.95,159969,CHF
2022-01-05,DELT,70.35,320890,EUR
2022-01-05,EDLW,30.54,287083,CHF
2022-01-05,FJRD,29.96,171906,USD
2022-01-05,GLAC,33.38,86492,CHF
2022-01-05,HELV,117.7,392690,CHF
2022-01-05,IBEX,15.04,122429,EUR
2022-01-05,JURA,4039.76,44343,CHF
2022-01-06,ALPN,93.93,261565,CHF
2022-01-06,BRGN,223.54,155143,CHF
2022-01-06,CRYS,18.47,222552,CHF
2022-01-06,DELT,70.65,109333,EUR
2022-01-06,EDLW,30.28,361193,CHF
2022-01-06,FJRD,29.02,205762,USD
2022-01-06,GLAC,33.38,204428,CHF
2022-01-06,HELV,114.92,276658,CHF
2022-01-06,IBEX,14.84,294538,EUR
2022-01-06,JURA,4022.22,238782,CHF
2022-01-07,ALPN,93.25,151740,CHF
2022-01-07,BRGN,218.57,24126,CHF
2022-01-07,CRYS,18.26,269181,CHF
2022-01-07,DELT,68.66,325007,EUR
2022-01-07,EDLW,30.69,66852,CHF
2022-01-07,FJRD,28.8,190926,USD
2022-01-07,GLAC,33.17,41935,CHF
2022-01-07,HELV,115.84,138505,CHF
2022-01-07,IBEX,14.72,306637,EUR
2022-01-07,JURA,4013.79,376715,CHF
2022-01-10,ALPN,93.46,63705,CHF
2022-01-10,BRGN,214.43,33358,CHF
2022-01-10,CRYS,18.44,112573,CHF
2022-01-10,DELT,67.51,308703,EUR
2022-01-10,EDLW,30.47,277385,CHF
2022-01-10,FJRD,28.52,293107,USD
2022-01-10,GLAC,32.96,232083,CHF
2022-01-10,HELV,114.65,186209,CHF
2022-01-10,IBEX,14.56,263231,EUR
2022-01-10,JURA,4006.74,35468,CHF
2022-01-11,ALPN,92.65,96323,CHF
2022-01-11,BRGN,211.45,385223,CHF
2022-01-11,CRYS,18.57,169885,CHF
2022-01-11,DELT,67.23,262689,EUR
2022-01-11,EDLW,30.29,294300,CHF
2022-01-11,FJRD,28.48,139466,USD
2022-01-11,GLAC,32.38,325621,CHF
2022-01-11,HELV,111.81,360780,CHF
2022-01-11,IBEX,14.24,361744,EUR
2022-01-11,JURA,3975.63,163948,CHF
2022-01-12,ALPN,94.56,135513,CHF
2022-01-12,BRGN,212.09,229664,CHF
2022-01-12,CRYS,19.01,81562,CHF
2022-01-12,DELT,68.15,178760,EUR
2022-01-12,EDLW,30.63,153890,CHF
2022-01-12,FJRD,28.51,233869,USD
2022-01-12,GLAC,32.76,80305,CHF
2022-01-12,HELV,114.05,333754,CHF
2022-01-12,IBEX,14.5,192276,EUR
2022-01-12,JURA,3948.12,66242,CHF
2022-01-13,ALPN,97.4,286952,CHF
2022-01-13,BRGN,212.53,73890,CHF
2022-01-13,CRYS,19.34,110721,CHF
2022-01-13,DELT,68.34,174382,EUR
2022-01-13,EDLW,31.43,373254,CHF
2022-01-13,FJRD,29.05,83984,USD
2022-01-13,GLAC,33.63,380615,CHF
2022-01-13,HELV,116.23,198751,CHF
2022-01-13,IBEX,14.9,363244,EUR
2022-01-13,JURA,3931.04,62731,CHF
2022-01-14,ALPN,94.8,201172,CHF
2022-01-14,BRGN,209.79,347330,CHF
2022-01-14,CRYS,18.92,352244,CHF
2022-01-14,DELT,66.32,344293,EUR
2022-01-14,EDLW,31.01,291435,CHF
2022-01-14,FJRD,28.0,326446,USD
2022-01-14,HELV,113.82,257677,CHF
2022-01-14,IBEX,14.9,244507,EUR
2022-01-14,JURA,3'839.53,61195,CHF
2022-01-17,ALPN,94.65,133610,CHF
2022-01-17,BRGN,213.03,139300,CHF
2022-01-17,CRYS,18.78,183418,CHF
2022-01-17,DELT,65.79,329646,EUR
2022-01-17,EDLW,31.29,233420,CHF
2022-01-17,FJRD,27.51,190195,USD
2022-01-17,GLAC,32.68,257026,CHF
2022-01-17,HELV,110.76,307075,CHF
2022-01-17,IBEX,14.79,34990,EUR
2022-01-17,JURA,3851.65,321153,CHF
2022-01-18,ALPN,96.1,352987,CHF
2022-01-18,BRGN,214.28,375063,CHF
2022-01-18,CRYS,18.47,366320,CHF
2022-01-18,DELT,66.28,348977,EUR
2022-01-18,EDLW,31.43,314307,CHF
2022-01-18,FJRD,26.76,97119,USD
2022-01-18,GLAC,32.37,147434,CHF
2022-01-18,HELV,111.26,43896,CHF
2022-01-18,IBEX,14.66,312004,EUR
2022-01-18,JURA,3735.54,227313,CHF
2022-01-19,ALPN,94.14,149163,CHF
2022-01-19,BRGN,215.7,159969,CHF
2022-01-19,CRYS,18.15,189304,CHF
2022-01-19,DELT,66.4,181187,EUR
2022-01-19,EDLW,31.2,360817,CHF
2022-01-19,FJRD,26.3,342721,USD
2022-01-19,GLAC,31.96,235216,CHF
2022-01-19,HELV,110.59,161385,CHF
2022-01-19,IBEX,14.52,367759,EUR
2022-01-19,JURA,3694.75,395273,CHF
2022-01-20,ALPN,95.33,395419,CHF
2022-01-20,BRGN,217.16,98612,CHF
2022-01-20,CRYS,18.14,168183,CHF
2022-01-20,DELT,65.69,200611,EUR
2022-01-20,EDLW,31.03,75056,CHF
2022-01-20,FJRD,25.88,219706,USD
2022-01-20,GLAC,31.99,145430,CHF
2022-01-20,HELV,111.68,238681,CHF
2022-01-20,IBEX,14.47,154683,EUR
2022-01-20,JURA,3597.91,131055,CHF
2022-01-21,ALPN,97.14,161747,CHF
2022-01-21,BRGN,220.83,130384,CHF
2022-01-21,CRYS,18.24,300825,CHF
2022-01-21,DELT,67.5,243671,EUR
2022-01-21,EDLW,30.93,387794,CHF
2022-01-21,FJRD,26.1,260131,USD
2022-01-21,GLAC,32.7,250548,CHF
2022-01-21,HELV,111.72,312121,CHF
2022-01-21,IBEX,14.69,264152,EUR
2022-01-21,JURA,3727.94,29279,CHF
2022-01-24,ALPN,95.43,366351,CHF
2022-01-24,BRGN,217.58,235465,CHF
2022-01-24,CRYS,17.81,145224,CHF
2022-01-24,DELT,66.35,101341,EUR
2022-01-24,EDLW,30.82,137108,CHF
2022-01-24,FJRD,25.8,271467,USD
2022-01-24,GLAC,31.95,253983,CHF
2022-01-24,HELV,111.22,377234,CHF
2022-01-24,IBEX,14.64,204427,EUR
2022-01-24,JURA,3681.32,42398,CHF
2022-01-25,ALPN,95.76,135684,CHF
2022-01-25,BRGN,216.16,25948,CHF
2022-01-25,CRYS,18.07,80117,CHF
2022-01-25,DELT,66.97,37027,EUR
2022-01-25,EDLW,31.43,206347,CHF
2022-01-25,FJRD,25.67,105530,USD
2022-01-25,GLAC,31.94,97826,CHF
2022-01-25,HELV,113.94,261879,CHF
2022-01-25,IBEX,14.71,37586,EUR
2022-01-25,JURA,3636.87,77885,CHF
2022-01-26,ALPN,96.85,39495,CHF
2022-01-26,BRGN,218.61,370121,CHF
2022-01-26,CRYS,18.18,327484,CHF
2022-01-26,DELT,67.64,143938,EUR
2022-01-26,EDLW,31.21,34196,CHF
2022-01-26,FJRD,26.59,35642,USD
2022-01-26,GLAC,32.45,354158,CHF
2022-01-26,HELV,112.07,68656,CHF
2022-01-26,IBEX,14.63,370463,EUR
2022-01-26,JURA,3605.38,94874,CHF
2022-01-27,BRGN,218.97,42587,CHF
2022-01-27,CRYS,18.14,312397,CHF
2022-01-27,DELT,68.02,167444,EUR
2022-01-27,EDLW,30.59,372784,CHF
2022-01-27,FJRD,26.96,238717,USD
2022-01-27,GLAC,32.57,23227,CHF
2022-01-27,HELV,111.58,111439,CHF
2022-01-27,IBEX,15.03,84201,EUR
2022-01-27,JURA,3613.53,348858,CHF
2022-01-28,ALPN,92.04,52884,CHF
2022-01-28,BRGN,214.46,255082,CHF
2022-01-28,CRYS,17.84,298351,CHF
2022-01-28,DELT,66.29,34683,EUR
2022-01-28,EDLW,30.81,283422,CHF
2022-01-28,FJRD,25.92,29855,USD
2022-01-28,GLAC,31.49,284548,CHF
2022-01-28,HELV,111.85,278583,CHF
2022-01-28,IBEX,14.82,328205,EUR
2022-01-28,JURA,3520.03,309689,CHF
2022-01-31,ALPN,91.82,31700,CHF
2022-01-31,BRGN,214.49,272044,CHF
2022-01-31,CRYS,17.72,102311,CHF
2022-01-31,DELT,66.84,367763,EUR
2022-01-31,EDLW,30.23,104271,CHF
2022-01-31,FJRD,26.71,382092,USD
2022-01-31,GLAC,32.07,171912,CHF
2022-01-31,HELV,111.02,28799,CHF
2022-01-31,IBEX,15.06,320944,EUR
2022-01-31,JURA,3586.23,124630,CHF
2022-02-01,ALPN,89.9,201361,CHF
2022-02-01,BRGN,214.54,235343,CHF
2022-02-01,CRYS,17.78,67278,CHF
2022-02-01,DELT,67.88,399543,EUR
2022-02-01,EDLW,29.81,269511,CHF
2022-02-01,FJRD,27.21,333065,USD
2022-02-01,GLAC,31.81,321938,CHF
2022-02-01,HELV,111.41,98467,CHF
2022-02-01,IBEX,15.37,215170,EUR
2022-02-01,JURA,3593.41,75471,CHF
2022-02-02,ALPN,89.42,124979,CHF
2022-02-02,BRGN,213.88,349954,CHF
2022-02-02,CRYS,17.84,138436,CHF
2022-02-02,DELT,66.74,80319,EUR
2022-02-02,EDLW,29.34,131250,CHF
2022-02-02,FJRD,26.41,219142,USD
2022-02-02,GLAC,30.74,317007,CHF
2022-02-02,HELV,110.22,355295,CHF
2022-02-02,IBEX,15.21,60683,EUR
2022-02-02,JURA,3552.91,306935,CHF
2022-02-03,ALPN,90.07,49175,CHF
2022-02-03,BRGN,216.36,216176,CHF
2022-02-03,CRYS,18.25,292368,CHF
2022-02-03,DELT,66.77,167686,EUR
2022-02-03,EDLW,28.94,261222,CHF
2022-02-03,FJRD,26.84,118156,USD
2022-02-03,GLAC,31.21,363147,CHF
2022-02-03,HELV,110.36,113661,CHF
2022-02-03,IBEX,15.12,192881,EUR
2022-02-03,JURA,3574.69,59988,CHF
2022-02-04,ALPN,90.26,199403,CHF
2022-02-04,BRGN,215.9,161887,CHF
2022-02-04,CRYS,18.09,310948,CHF
2022-02-04,DELT,67.25,258015,EUR
2022-02-04,EDLW,29.22,356997,CHF
2022-02-04,FJRD,26.51,197023,USD
2022-02-04,GLAC,30.93,286629,CHF
2022-02-04,HELV,109.19,296834,CHF
2022-02-04,IBEX,14.91,77859,EUR
2022-02-04,JURA,3461.2,150384,CHF
2022-02-07,ALPN,88.52,93302,CHF
2022-02-07,BRGN,211.68,176598,CHF
2022-02-07,CRYS,17.99,76464,CHF
2022-02-07,DELT,66.96,352438,EUR
2022-02-07,EDLW,29.37,347003,CHF
2022-02-07,FJRD,25.99,295003,USD
2022-02-07,GLAC,30.82,282968,CHF
2022-02-07,HELV,109.86,110053,CHF
2022-02-07,IBEX,14.8,378281,EUR
2022-02-07,JURA,3397.76,383033,CHF
2022-02-08,ALPN,90.14,111733,CHF
2022-02-08,BRGN,215.42,350076,CHF
2022-02-08,CRYS,18.52,379514,CHF
2022-02-08,DELT,67.32,51066,EUR
2022-02-08,EDLW,29.13,381803,CHF
2022-02-08,FJRD,26.13,220609,USD
2022-02-08,GLAC,31.52,89760,CHF
2022-02-08,HELV,110.64,228901,CHF
2022-02-08,IBEX,15.21,197922,EUR
2022-02-08,JURA,3440.89,310039,CHF
2022-02-09,ALPN,89.68,99665,CHF
2022-02-09,BRGN,213.48,291480,CHF
2022-02-09,CRYS,18.77,62481,CHF
2022-02-09,DELT,67.62,147299,EUR
2022-02-09,EDLW,29.13,188056,CHF
2022-02-09,FJRD,26.35,21000,USD
2022-02-09,GLAC,32.43,363631,CHF
2022-02-09,HELV,112.51,146371,CHF
2022-02-09,IBEX,15.17,238706,EUR
2022-02-10,ALPN,89.17,264216,CHF
2022-02-10,BRGN,212.83,214813,CHF
2022-02-10,CRYS,18.45,305617,CHF
2022-02-10,DELT,66.72,315499,EUR
2022-02-10,EDLW,29.29,379730,CHF
2022-02-10,FJRD,26.11,38473,USD
2022-02-10,GLAC,31.78,210806,CHF
2022-02-10,HELV,112.73,391160,CHF
2022-02-10,IBEX,14.9,225922,EUR
2022-02-10,JURA,3469.8,151066,CHF
2022-02-11,ALPN,88.25,61695,CHF
2022-02-11,BRGN,215.25,281871,CHF
2022-02-11,CRYS,18.77,126298,CHF
2022-02-11,DELT,65.61,229791,EUR
2022-02-11,EDLW,29.52,368929,CHF
2022-02-11,FJRD,25.6,232655,USD
2022-02-11,GLAC,31.86,112836,CHF
2022-02-11,HELV,110.97,249052,CHF
2022-02-11,IBEX,14.83,393847,EUR
2022-02-11,JURA,3448.15,348529,CHF
2022-02-14,ALPN,86.8,33031,CHF
2022-02-14,BRGN,214.92,178113,CHF
2022-02-14,CRYS,18.9,378396,CHF
2022-02-14,DELT,65.3,356905,EUR
2022-02-14,EDLW,29.06,352438,CHF
2022-02-14,FJRD,25.57,111833,USD
2022-02-14,GLAC,31.65,380952,CHF
2022-02-14,HELV,110.32,87957,CHF
2022-02-14,IBEX,15.31,229774,EUR
2022-02-14,JURA,3'463.24,87802,CHF
2022-02-15,ALPN,87.3,242679,CHF
2022-02-15,BRGN,217.14,397931,CHF
2022-02-15,CRYS,18.59,286667,CHF
2022-02-15,DELT,64.71,53429,EUR
2022-02-15,EDLW,28.98,30408,CHF
2022-02-15,FJRD,25.57,40226,USD
2022-02-15,GLAC,31.61,131997,CHF
2022-02-15,HELV,110.33,175269,CHF
2022-02-15,IBEX,15.05,147958,EUR
2022-02-15,JURA,3474.25,326877,CHF
2022-02-16,ALPN,87.68,123281,CHF
2022-02-16,BRGN,217.76,45866,CHF
2022-02-16,CRYS,18.27,28379,CHF
2022-02-16,DELT,65.5,359608,EUR
2022-02-16,EDLW,28.99,214025,CHF
2022-02-16,FJRD,25.54,250934,USD
2022-02-16,GLAC,31.31,155777,CHF
2022-02-16,HELV,109.76,332381,CHF
2022-02-16,IBEX,14.99,320537,EUR
2022-02-16,JURA,3474.74,352399,CHF
2022-02-17,ALPN,88.02,283519,CHF
2022-02-17,BRGN,222.69,110942,CHF
2022-02-17,CRYS,18.55,297130,CHF
2022-02-17,DELT,65.93,187026,EUR
2022-02-17,EDLW,28.89,162896,CHF
2022-02-17,FJRD,25.38,143533,USD
2022-02-17,GLAC,32.07,365618,CHF
2022-02-17,HELV,109.84,143942,CHF
2022-02-17,IBEX,15.16,84771,EUR
2022-02-17,JURA,3544.28,385748,CHF
2022-02-18,ALPN,87.99,302793,CHF
2022-02-18,BRGN,224.47,39808,CHF
2022-02-18,CRYS,18.78,390362,CHF
2022-02-18,DELT,66.3,285855,EUR
2022-02-18,EDLW,29.3,160744,CHF
2022-02-18,FJRD,25.72,245354,USD
2022-02-18,HELV,109.06,328578,CHF
2022-02-18,IBEX,15.67,287359,EUR
2022-02-18,JURA,3557.16,156209,CHF
2022-02-21,ALPN,90.38,334347,CHF
2022-02-21,BRGN,228.59,116791,CHF
2022-02-21,CRYS,19.15,265369,CHF
2022-02-21,DELT,66.85,177588,EUR
2022-02-21,EDLW,29.31,210419,CHF
2022-02-21,FJRD,26.06,218411,USD
2022-02-21,GLAC,33.93,167928,CHF
2022-02-21,HELV,110.21,25384,CHF
2022-02-21,IBEX,15.98,398811,EUR
2022-02-21,JURA,3583.65,28279,CHF
2022-02-22,ALPN,91.02,149056,CHF
2022-02-22,BRGN,229.05,125129,CHF
2022-02-22,CRYS,18.96,200020,CHF
2022-02-22,DELT,65.57,304583,EUR
2022-02-22,EDLW,29.79,271488,CHF
2022-02-22,FJRD,26.17,182831,USD
2022-02-22,GLAC,34.8,53253,CHF
2022-02-22,HELV,106.68,153405,CHF
2022-02-22,IBEX,15.92,193403,EUR
2022-02-22,JURA,3533.99,73792,CHF
2022-02-23,ALPN,90.37,78164,CHF
2022-02-23,BRGN,235.96,275256,CHF
2022-02-23,CRYS,19.0,136204,CHF
2022-02-23,DELT,66.18,178138,EUR
2022-02-23,EDLW,29.75,183201,CHF
2022-02-23,FJRD,26.09,81049,USD
2022-02-23,GLAC,34.72,32426,CHF
2022-02-23,HELV,106.53,209774,CHF
2022-02-23,IBEX,15.97,243311,EUR
2022-02-23,JURA,3538.66,349907,CHF
2022-02-24,ALPN,91.37,312320,CHF
2022-02-24,BRGN,234.9,65135,CHF
2022-02-24,CRYS,19.44,273826,CHF
2022-02-24,DELT,65.24,287846,EUR
2022-02-24,EDLW,30.02,191230,CHF
2022-02-24,FJRD,25.92,226027,USD
2022-02-24,GLAC,35.26,314539,CHF
2022-02-24,HELV,108.15,275667,CHF
2022-02-24,IBEX,16.17,370087,EUR
2022-02-24,JURA,3564.97,57894,CHF
2022-02-25,ALPN,92.28,275770,CHF
2022-02-25,BRGN,229.6,287938,CHF
2022-02-25,CRYS,19.04,62406,CHF
2022-02-25,DELT,64.2,295853,EUR
2022-02-25,EDLW,29.96,102051,CHF
2022-02-25,FJRD,25.29,209725,USD
2022-02-25,GLAC,34.46,271115,CHF
2022-02-25,HELV,105.03,297983,CHF
2022-02-25,IBEX,16.08,233873,EUR
2022-02-25,JURA,3489.76,370660,CHF
2022-02-28,ALPN,91.77,316545,CHF
2022-02-28,BRGN,226.96,120391,CHF
2022-02-28,CRYS,18.78,287517,CHF
2022-02-28,DELT,62.76,133786,EUR
2022-02-28,EDLW,29.62,185554,CHF
2022-02-28,FJRD,25.1,338894,USD
2022-02-28,GLAC,34.15,225987,CHF
2022-02-28,HELV,103.19,399646,CHF
2022-02-28,IBEX,16.32,333808,EUR
2022-02-28,JURA,3527.81,54827,CHF
2022-03-01,ALPN,90.07,63001,CHF
2022-03-01,BRGN,226.1,133452,CHF
2022-03-01,CRYS,18.76,216702,CHF
2022-03-01,DELT,62.48,117088,EUR
2022-03-01,EDLW,29.55,258590,CHF
2022-03-01,FJRD,25.4,245344,USD
2022-03-01,GLAC,34.67,254623,CHF
2022-03-01,HELV,102.53,53250,CHF
2022-03-01,IBEX,16.12,94548,EUR
2022-03-01,JURA,3535.16,361991,CHF
2022-03-02,ALPN,91.31,221503,CHF
2022-03-02,BRGN,222.86,257514,CHF
2022-03-02,CRYS,18.86,285033,CHF
2022-03-02,DELT,63.75,213613,EUR
2022-03-02,EDLW,29.15,253337,CHF
2022-03-02,FJRD,25.75,52649,USD
2022-03-02,GLAC,34.49,158360,CHF
2022-03-02,HELV,103.73,313334,CHF
2022-03-02,IBEX,16.17,289190,EUR
2022-03-02,JURA,3552.36,20831,CHF
2022-03-03,ALPN,93.82,45228,CHF
2022-03-03,BRGN,217.66,65018,CHF
2022-03-03,CRYS,18.8,115504,CHF
2022-03-03,DELT,64.87,39514,EUR
2022-03-03,EDLW,29.5,367535,CHF
2022-03-03,FJRD,26.03,299032,USD
2022-03-03,GLAC,34.68,309180,CHF
2022-03-03,HELV,102.89,244390,CHF
2022-03-03,IBEX,16.31,61142,EUR
2022-03-03,JURA,3544.1,65674,CHF
2022-03-04,ALPN,93.22,172908,CHF
2022-03-04,BRGN,216.5,117422,CHF
2022-03-04,CRYS,18.45,72776,CHF
2022-03-04,EDLW,29.62,385959,CHF
2022-03-04,FJRD,26.36,238722,USD
2022-03-04,GLAC,34.69,137988,CHF
2022-03-04,HELV,100.91,344769,CHF
2022-03-04,IBEX,16.28,46678,EUR
2022-03-04,JURA,3565.18,327972,CHF
2022-03-07,ALPN,90.94,399078,CHF
2022-03-07,BRGN,218.47,346955,CHF
2022-03-07,CRYS,18.06,171435,CHF
2022-03-07,DELT,65.1,102531,EUR
2022-03-07,EDLW,29.61,110508,CHF
2022-03-07,FJRD,26.54,121571,USD
2022-03-07,GLAC,33.96,311193,CHF
2022-03-07,HELV,101.08,277310,CHF
2022-03-07,IBEX,15.66,160375,EUR
2022-03-07,JURA,3575.14,99017,CHF
2022-03-08,ALPN,91.51,230990,CHF
2022-03-08,BRGN,219.68,110985,CHF
2022-03-08,CRYS,18.34,51970,CHF
2022-03-08,DELT,66.06,311492,EUR
2022-03-08,EDLW,30.04,234919,CHF
2022-03-08,FJRD,26.82,207651,USD
2022-03-08,GLAC,34.13,281252,CHF
2022-03-08,HELV,103.02,200425,CHF
2022-03-08,IBEX,15.81,149117,EUR
2022-03-08,JURA,3688.53,226721,CHF
2022-03-09,ALPN,91.91,52011,CHF
2022-03-09,BRGN,221.12,52088,CHF
2022-03-09,CRYS,18.22,145195,CHF
2022-03-09,DELT,65.96,256538,EUR
2022-03-09,EDLW,30.13,141020,CHF
2022-03-09,FJRD,26.86,296476,USD
2022-03-09,GLAC,33.69,59441,CHF
2022-03-09,HELV,103.25,287340,CHF
2022-03-09,IBEX,15.63,146917,EUR
2022-03-09,JURA,3671.36,369990,CHF
2022-03-10,ALPN,88.89,318076,CHF
2022-03-10,BRGN,217.23,387136,CHF
2022-03-10,CRYS,17.61,268742,CHF
2022-03-10,DELT,62.6,158165,EUR
2022-03-10,EDLW,30.25,320304,CHF
2022-03-10,FJRD,26.1,288763,USD
2022-03-10,GLAC,32.55,318681,CHF
2022-03-10,HELV,101.95,35456,CHF
2022-03-10,IBEX,15.35,99912,EUR
2022-03-10,JURA,3691.11,59465,CHF
2022-03-11,ALPN,91.05,174027,CHF
2022-03-11,BRGN,213.55,255977,CHF
2022-03-11,CRYS,17.56,114850,CHF
2022-03-11,DELT,62.07,134022,EUR
2022-03-11,EDLW,30.37,58405,CHF
2022-03-11,FJRD,26.3,324035,USD
2022-03-11,GLAC,32.49,379031,CHF
2022-03-11,IBEX,15.51,307212,EUR
2022-03-11,JURA,3682.3,167728,CHF
2022-03-14,BRGN,208.98,113688,CHF
2022-03-14,CRYS,17.3,300855,CHF
2022-03-14,DELT,62.04,256386,EUR
2022-03-14,EDLW,30.2,395591,CHF
2022-03-14,FJRD,26.13,208398,USD
2022-03-14,GLAC,31.44,91580,CHF
2022-03-14,HELV,101.16,348317,CHF
2022-03-14,IBEX,15.26,288748,EUR
2022-03-14,JURA,3'627.74,192296,CHF
2022-03-15,ALPN,91.22,89221,CHF
2022-03-15,BRGN,207.26,73659,CHF
2022-03-15,CRYS,17.03,203042,CHF
2022-03-15,DELT,63.02,270877,EUR
2022-03-15,EDLW,30.52,130072,CHF
2022-03-15,FJRD,25.96,367163,USD
2022-03-15,GLAC,30.55,300559,CHF
2022-03-15,IBEX,15.23,21586,EUR
2022-03-15,JURA,3583.13,155701,CHF
2022-03-16,ALPN,88.32,376140,CHF
2022-03-16,BRGN,207.36,354171,CHF
2022-03-16,CRYS,16.93,338747,CHF
2022-03-16,DELT,61.51,64810,EUR
2022-03-16,EDLW,30.58,306177,CHF
2022-03-16,FJRD,25.59,250518,USD
2022-03-16,GLAC,29.48,380213,CHF
2022-03-16,HELV,100.19,275785,CHF
2022-03-16,IBEX,15.39,362368,EUR
2022-03-16,JURA,3507.64,139322,CHF
2022-03-17,ALPN,87.46,378399,CHF
2022-03-17,BRGN,210.47,389496,CHF
2022-03-17,CRYS,17.48,205566,CHF
2022-03-17,DELT,62.73,60747,EUR
2022-03-17,EDLW,30.72,121407,CHF
2022-03-17,FJRD,26.67,361012,USD
2022-03-17,GLAC,29.75,348051,CHF
2022-03-17,HELV,102.72,391589,CHF
2022-03-17,IBEX,15.54,237722,EUR
2022-03-17,JURA,3523.78,144796,CHF
2022-03-18,ALPN,87.0,144437,CHF
2022-03-18,BRGN,208.19,249861,CHF
2022-03-18,CRYS,17.17,124341,CHF
2022-03-18,DELT,60.82,231652,EUR
2022-03-18,EDLW,29.56,296393,CHF
2022-03-18,FJRD,25.94,30698,USD
2022-03-18,GLAC,29.15,372177,CHF
2022-03-18,HELV,101.41,78559,CHF
2022-03-18,IBEX,15.27,152604,EUR
2022-03-18,JURA,3520.33,285035,CHF
2022-03-21,ALPN,87.12,67906,CHF
2022-03-21,BRGN,207.79,233176,CHF
2022-03-21,CRYS,16.75,326353,CHF
2022-03-21,DELT,60.88,35922,EUR
2022-03-21,EDLW,29.97,53269,CHF
2022-03-21,FJRD,25.95,277442,USD
2022-03-21,GLAC,29.29,26530,CHF
2022-03-21,HELV,100.96,120323,CHF
2022-03-21,IBEX,15.12,191557,EUR
2022-03-21,JURA,3463.93,213952,CHF
2022-03-22,ALPN,86.44,238387,CHF
2022-03-22,BRGN,211.79,221030,CHF
2022-03-22,CRYS,16.65,186286,CHF
2022-03-22,DELT,62.17,90038,EUR
2022-03-22,EDLW,29.91,350783,CHF
2022-03-22,FJRD,26.36,313381,USD
2022-03-22,GLAC,29.4,301261,CHF
2022-03-22,HELV,102.4,176286,CHF
2022-03-22,IBEX,15.54,385255,EUR
2022-03-22,JURA,3468.82,276900,CHF
2022-03-23,ALPN,88.4,391850,CHF
2022-03-23,BRGN,213.7,225327,CHF
2022-03-23,CRYS,16.42,260447,CHF
2022-03-23,DELT,61.83,177399,EUR
2022-03-23,EDLW,29.8,49006,CHF
2022-03-23,FJRD,26.62,129804,USD
2022-03-23,GLAC,29.22,256954,CHF
2022-03-23,HELV,102.3,388137,CHF
2022-03-23,IBEX,15.52,349867,EUR
2022-03-23,JURA,3457.82,380125,CHF
2022-03-24,ALPN,85.89,256097,CHF
2022-03-24,BRGN,210.48,45735,CHF
2022-03-24,CRYS,15.98,73162,CHF
2022-03-24,DELT,59.07,286740,EUR
2022-03-24,EDLW,29.36,74484,CHF
2022-03-24,FJRD,25.94,50750,USD
2022-03-24,GLAC,28.77,149996,CHF
2022-03-24,HELV,101.86,341419,CHF
2022-03-24,IBEX,15.14,253538,EUR
2022-03-24,JURA,3399.5,124041,CHF
2022-03-25,ALPN,85.6,65315,CHF
2022-03-25,BRGN,207.06,179206,CHF
2022-03-25,CRYS,15.93,367522,CHF
2022-03-25,DELT,58.48,78358,EUR
2022-03-25,EDLW,29.88,196228,CHF
2022-03-25,FJRD,26.29,393063,USD
2022-03-25,GLAC,28.38,222035,CHF
2022-03-25,HELV,101.05,291219,CHF
2022-03-25,IBEX,15.02,86816,EUR
2022-03-25,JURA,3452.75,158423,CHF
2022-03-28,ALPN,87.16,197941,CHF
2022-03-28,BRGN,210.43,40134,CHF
2022-03-28,CRYS,16.28,71326,CHF
2022-03-28,DELT,60.33,109544,EUR
2022-03-28,EDLW,30.78,260022,CHF
2022-03-28,FJRD,26.58,187846,USD
2022-03-28,GLAC,29.08,275467,CHF
2022-03-28,HELV,103.66,386298,CHF
2022-03-28,IBEX,15.22,235956,EUR
2022-03-28,JURA,3555.73,192985,CHF
2022-03-29,ALPN,87.53,21052,CHF
2022-03-29,BRGN,209.85,48905,CHF
2022-03-29,CRYS,16.18,280503,CHF
2022-03-29,DELT,60.5,261350,EUR
2022-03-29,EDLW,30.53,180005,CHF
2022-03-29,FJRD,26.45,60223,USD
2022-03-29,GLAC,28.86,272241,CHF
2022-03-29,HELV,104.91,391326,CHF
2022-03-29,IBEX,15.02,110988,EUR
2022-03-29,JURA,3593.04,164898,CHF
2022-03-30,ALPN,87.08,217837,CHF
2022-03-30,BRGN,207.53,292866,CHF
2022-03-30,CRYS,16.57,289975,CHF
2022-03-30,DELT,59.89,380770,EUR
2022-03-30,EDLW,30.29,78687,CHF
2022-03-30,FJRD,26.75,371609,USD
2022-03-30,GLAC,28.41,211470,CHF
2022-03-30,HELV,103.92,379235,CHF
2022-03-30,IBEX,15.06,27642,EUR
2022-03-30,JURA,3606.24,133871,CHF
2022-03-31,ALPN,87.36,197750,CHF
2022-03-31,BRGN,207.2,252741,CHF
2022-03-31,CRYS,16.59,266731,CHF
2022-03-31,DELT,59.28,188223,EUR
2022-03-31,EDLW,30.47,361733,CHF
2022-03-31,FJRD,27.1,121467,USD
2022-03-31,GLAC,28.25,209806,CHF
2022-03-31,HELV,103.44,147356,CHF
2022-03-31,IBEX,15.29,116671,EUR
2022-03-31,JURA,3589.48,111730,CHF
2022-04-01,ALPN,87.84,251715,CHF
2022-04-01,BRGN,209.31,357411,CHF
2022-04-01,CRYS,16.96,101759,CHF
2022-04-01,DELT,59.12,143678,EUR
2022-04-01,EDLW,30.62,341495,CHF
2022-04-01,FJRD,27.31,325449,USD
2022-04-01,GLAC,28.15,92682,CHF
2022-04-01,HELV,103.65,271803,CHF
2022-04-01,IBEX,15.35,206456,EUR
2022-04-01,JURA,3554.03,370870,CHF
2022-04-04,ALPN,89.02,165117,CHF
2022-04-04,BRGN,211.09,116989,CHF
2022-04-04,CRYS,17.34,109712,CHF
2022-04-04,DELT,60.93,134939,EUR
2022-04-04,EDLW,30.61,395313,CHF
2022-04-04,FJRD,28.29,147282,USD
2022-04-04,GLAC,28.87,248984,CHF
2022-04-04,HELV,104.11,196875,CHF
2022-04-04,IBEX,15.85,64748,EUR
2022-04-04,JURA,3573.57,203691,CHF
2022-04-05,ALPN,87.49,199187,CHF
2022-04-05,BRGN,205.11,52059,CHF
2022-04-05,CRYS,17.04,330256,CHF
2022-04-05,DELT,60.84,101223,EUR
2022-04-05,EDLW,30.59,177732,CHF
2022-04-05,FJRD,27.73,296358,USD
2022-04-05,GLAC,28.63,253236,CHF
2022-04-05,HELV,102.98,356412,CHF
2022-04-05,IBEX,15.78,257510,EUR
2022-04-05,JURA,3539.36,162264,CHF
2022-04-06,ALPN,87.26,160144,CHF
2022-04-06,BRGN,206.41,393600,CHF
2022-04-06,CRYS,16.97,91096,CHF
2022-04-06,DELT,61.12,270593,EUR
2022-04-06,EDLW,30.98,51669,CHF
2022-04-06,FJRD,28.43,369649,USD
2022-04-06,GLAC,29.47,309668,CHF
2022-04-06,HELV,103.7,277644,CHF
2022-04-06,IBEX,15.89,164242,EUR
2022-04-06,JURA,3649.02,389556,CHF
2022-04-07,ALPN,85.78,154365,CHF
2022-04-07,BRGN,208.94,383232,CHF
2022-04-07,CRYS,17.12,300224,CHF
2022-04-07,DELT,59.66,129160,EUR
2022-04-07,EDLW,30.84,183787,CHF
2022-04-07,FJRD,27.95,115904,USD
2022-04-07,GLAC,28.77,41737,CHF
2022-04-07,HELV,103.36,70662,CHF
2022-04-07,IBEX,15.87,259942,EUR
2022-04-07,JURA,3608.71,43602,CHF
2022-04-08,ALPN,85.7,132112,CHF
2022-04-08,BRGN,208.35,211580,CHF
2022-04-08,CRYS,16.97,228265,CHF
2022-04-08,DELT,59.56,139753,EUR
2022-04-08,EDLW,31.0,302631,CHF
2022-04-08,FJRD,28.28,159787,USD
2022-04-08,GLAC,28.9,235343,CHF
2022-04-08,HELV,101.48,346425,CHF
2022-04-08,IBEX,15.77,133114,EUR
2022-04-08,JURA,3573.29,338931,CHF
2022-04-11,ALPN,85.79,25442,CHF
2022-04-11,BRGN,210.52,301843,CHF
2022-04-11,CRYS,16.87,75372,CHF
2022-04-11,DELT,58.6,45863,EUR
2022-04-11,EDLW,30.5,323840,CHF
2022-04-11,FJRD,28.42,348853,USD
2022-04-11,GLAC,28.9,275298,CHF
2022-04-11,HELV,100.33,37877,CHF
2022-04-11,JURA,3'511.99,372468,CHF
2022-04-12,ALPN,87.52,41662,CHF
2022-04-12,BRGN,214.87,302916,CHF
2022-04-12,CRYS,17.06,305076,CHF
2022-04-12,DELT,59.75,120383,EUR
2022-04-12,EDLW,30.92,269578,CHF
2022-04-12,FJRD,28.69,310490,USD
2022-04-12,GLAC,29.29,187278,CHF
2022-04-12,HELV,103.55,278955,CHF
2022-04-12,IBEX,15.66,45462,EUR
2022-04-12,JURA,3596.56,56367,CHF
2022-04-13,ALPN,89.25,389995,CHF
2022-04-13,BRGN,217.63,358481,CHF
2022-04-13,CRYS,16.83,85368,CHF
2022-04-13,DELT,60.51,301226,EUR
2022-04-13,EDLW,30.63,329817,CHF
2022-04-13,FJRD,28.68,155770,USD
2022-04-13,GLAC,28.9,77392,CHF
2022-04-13,HELV,104.41,307540,CHF
2022-04-13,IBEX,15.82,254873,EUR
2022-04-13,JURA,3583.02,152738,CHF
2022-04-14,ALPN,88.28,86499,CHF
2022-04-14,BRGN,217.59,57896,CHF
2022-04-14,CRYS,16.62,209849,CHF
2022-04-14,DELT,60.89,254047,EUR
2022-04-14,EDLW,31.0,207844,CHF
2022-04-14,FJRD,29.08,365036,USD
2022-04-14,GLAC,29.31,143428,CHF
2022-04-14,HELV,105.67,174856,CHF
2022-04-14,IBEX,15.95,341811,EUR
2022-04-14,JURA,3605.23,154343,CHF
2022-04-15,ALPN,87.68,52350,CHF
2022-04-15,BRGN,217.68,42423,CHF
2022-04-15,CRYS,16.67,214432,CHF
2022-04-15,DELT,60.56,136598,EUR
2022-04-15,EDLW,31.5,187697,CHF
2022-04-15,FJRD,29.49,191492,USD
2022-04-15,GLAC,29.24,296047,CHF
2022-04-15,HELV,106.42,33503,CHF
2022-04-15,IBEX,15.94,133785,EUR
2022-04-15,JURA,3618.66,321309,CHF
2022-04-18,ALPN,87.87,68408,CHF
2022-04-18,CRYS,16.58,368148,CHF
2022-04-18,DELT,61.89,145941,EUR
2022-04-18,EDLW,31.58,386339,CHF
2022-04-18,FJRD,29.53,99641,USD
2022-04-18,GLAC,29.49,252810,CHF
2022-04-18,HELV,106.78,70766,CHF
2022-04-18,IBEX,15.99,194942,EUR
2022-04-18,JURA,3659.6,75700,CHF
2022-04-19,ALPN,87.85,107090,CHF
2022-04-19,BRGN,215.5,271593,CHF
2022-04-19,CRYS,16.51,159073,CHF
2022-04-19,DELT,61.43,63856,EUR
2022-04-19,EDLW,32.39,211089,CHF
2022-04-19,GLAC,28.97,319239,CHF
2022-04-19,HELV,105.78,389937,CHF
2022-04-19,IBEX,15.96,239350,EUR
2022-04-19,JURA,3635.91,110226,CHF
2022-04-20,ALPN,92.09,53265,CHF
2022-04-20,BRGN,226.94,351119,CHF
2022-04-20,CRYS,16.85,83542,CHF
2022-04-20,DELT,62.96,36581,EUR
2022-04-20,EDLW,32.29,109560,CHF
2022-04-20,FJRD,29.77,354598,USD
2022-04-20,GLAC,29.83,323026,CHF
2022-04-20,HELV,106.6,46134,CHF
2022-04-20,IBEX,16.54,29142,EUR
2022-04-20,JURA,3642.26,343798,CHF
2022-04-21,ALPN,92.46,279850,CHF
2022-04-21,BRGN,232.44,265572,CHF
2022-04-21,CRYS,17.06,309275,CHF
2022-04-21,DELT,63.6,257665,EUR
2022-04-21,EDLW,32.53,280704,CHF
2022-04-21,FJRD,30.22,319009,USD
2022-04-21,GLAC,30.49,192905,CHF
2022-04-21,HELV,105.48,377165,CHF
2022-04-21,IBEX,16.87,297149,EUR
2022-04-21,JURA,3678.25,96912,CHF
2022-04-22,ALPN,93.08,267125,CHF
2022-04-22,BRGN,230.31,179559,CHF
2022-04-22,CRYS,17.16,79997,CHF
2022-04-22,DELT,64.25,152905,EUR
2022-04-22,EDLW,32.77,194436,CHF
2022-04-22,FJRD,30.63,100330,USD
2022-04-22,GLAC,30.41,328713,CHF
2022-04-22,HELV,105.75,202800,CHF
2022-04-22,IBEX,16.96,239258,EUR
2022-04-22,JURA,3704.59,100462,CHF
2022-04-25,ALPN,93.48,280823,CHF
2022-04-25,BRGN,228.17,336221,CHF
2022-04-25,CRYS,16.98,372585,CHF
2022-04-25,DELT,64.64,193971,EUR
2022-04-25,EDLW,32.66,188469,CHF
2022-04-25,FJRD,31.61,170428,USD
2022-04-25,GLAC,30.14,346256,CHF
2022-04-25,HELV,105.48,211442,CHF
2022-04-25,IBEX,17.1,308765,EUR
2022-04-25,JURA,3670.22,97331,CHF
2022-04-26,ALPN,95.39,180583,CHF
2022-04-26,BRGN,228.48,97957,CHF
2022-04-26,CRYS,17.52,218778,CHF
2022-04-26,DELT,64.23,171921,EUR
2022-04-26,EDLW,33.33,297059,CHF
2022-04-26,FJRD,31.74,92551,USD
2022-04-26,GLAC,30.2,66636,CHF
2022-04-26,HELV,104.74,103627,CHF
2022-04-26,IBEX,16.95,28751,EUR
2022-04-26,JURA,3645.58,22012,CHF
2022-04-27,ALPN,95.64,69771,CHF
2022-04-27,BRGN,230.04,41162,CHF
2022-04-27,CRYS,17.63,112453,CHF
2022-04-27,DELT,64.62,354409,EUR
2022-04-27,EDLW,33.18,314087,CHF
2022-04-27,FJRD,31.73,355632,USD
2022-04-27,GLAC,30.02,329961,CHF
2022-04-27,HELV,102.72,204118,CHF
2022-04-27,IBEX,16.43,56901,EUR
2022-04-27,JURA,3693.97,228305,CHF
2022-04-28,ALPN,93.35,81501,CHF
2022-04-28,BRGN,228.25,239734,CHF
2022-04-28,CRYS,17.4,341983,CHF
2022-04-28,DELT,65.02,230475,EUR
2022-04-28,EDLW,33.28,149262,CHF
2022-04-28,FJRD,31.6,210485,USD
2022-04-28,GLAC,29.79,297934,CHF
2022-04-28,HELV,100.83,263382,CHF
2022-04-28,IBEX,16.4,301568,EUR
2022-04-28,JURA,3780.13,109130,CHF
2022-04-29,ALPN,93.55,213802,CHF
2022-04-29,BRGN,228.85,179354,CHF
2022-04-29,CRYS,18.08,298017,CHF
2022-04-29,DELT,66.14,24498,EUR
2022-04-29,EDLW,33.45,125401,CHF
2022-04-29,FJRD,31.98,381006,USD
2022-04-29,GLAC,30.85,155921,CHF
2022-04-29,HELV,100.68,67388,CHF
2022-04-29,IBEX,16.22,105129,EUR
2022-04-29,JURA,3865.46,23164,CHF
2022-05-02,ALPN,92.3,276505,CHF
2022-05-02,BRGN,221.94,254531,CHF
2022-05-02,CRYS,17.7,135827,CHF
2022-05-02,DELT,64.29,49776,EUR
2022-05-02,EDLW,32.23,357146,CHF
2022-05-02,FJRD,31.89,201993,USD
2022-05-02,GLAC,31.1,121180,CHF
2022-05-02,HELV,99.05,280269,CHF
2022-05-02,IBEX,16.34,67020,EUR
2022-05-02,JURA,3851.18,274670,CHF
2022-05-03,ALPN,94.86,31216,CHF
2022-05-03,BRGN,220.34,161382,CHF
2022-05-03,CRYS,18.32,206925,CHF
2022-05-03,EDLW,32.31,297990,CHF
2022-05-03,FJRD,32.23,293035,USD
2022-05-03,GLAC,31.06,140124,CHF
2022-05-03,HELV,99.52,389830,CHF
2022-05-03,IBEX,16.55,282530,EUR
2022-05-03,JURA,3805.54,286618,CHF
2022-05-04,ALPN,93.02,26851,CHF
2022-05-04,BRGN,218.49,166099,CHF
2022-05-04,CRYS,18.5,223775,CHF
2022-05-04,DELT,64.36,245153,EUR
2022-05-04,EDLW,31.96,292021,CHF
2022-05-04,GLAC,31.46,394354,CHF
2022-05-04,HELV,100.86,66402,CHF
2022-05-04,IBEX,16.67,135432,EUR
2022-05-04,JURA,3868.3,146731,CHF
2022-05-05,ALPN,88.91,252463,CHF
2022-05-05,BRGN,219.87,174335,CHF
2022-05-05,CRYS,18.05,162021,CHF
2022-05-05,DELT,63.07,92714,EUR
2022-05-05,EDLW,32.07,192162,CHF
2022-05-05,FJRD,31.2,215757,USD
2022-05-05,GLAC,29.83,264771,CHF
2022-05-05,HELV,100.72,214115,CHF
2022-05-05,IBEX,16.5,252134,EUR
2022-05-05,JURA,3778.03,201660,CHF
2022-05-06,ALPN,90.35,239415,CHF
2022-05-06,BRGN,216.27,152076,CHF
2022-05-06,CRYS,18.52,328615,CHF
2022-05-06,DELT,63.97,392568,EUR
2022-05-06,EDLW,31.82,186747,CHF
2022-05-06,FJRD,31.94,254191,USD
2022-05-06,HELV,103.07,110563,CHF
2022-05-06,IBEX,16.79,30151,EUR
2022-05-06,JURA,3915.16,190625,CHF
2022-05-09,ALPN,91.2,144352,CHF
2022-05-09,BRGN,213.46,120125,CHF
2022-05-09,CRYS,18.24,380660,CHF
2022-05-09,DELT,62.93,139605,EUR
2022-05-09,EDLW,32.18,154364,CHF
2022-05-09,FJRD,31.35,146926,USD
2022-05-09,GLAC,30.69,232808,CHF
2022-05-09,HELV,99.94,353034,CHF
2022-05-09,IBEX,16.52,185630,EUR
2022-05-09,JURA,3'900.94,70323,CHF
2022-05-10,ALPN,90.87,341224,CHF
2022-05-10,BRGN,216.52,257161,CHF
2022-05-10,CRYS,18.33,342127,CHF
2022-05-10,DELT,63.01,69151,EUR
2022-05-10,EDLW,32.73,287961,CHF
2022-05-10,FJRD,31.15,137356,USD
2022-05-10,GLAC,30.66,156214,CHF
2022-05-10,HELV,99.24,183503,CHF
2022-05-10,IBEX,16.57,210757,EUR
2022-05-10,JURA,3980.54,260521,CHF
2022-05-11,ALPN,88.7,303276,CHF
2022-05-11,BRGN,212.64,372913,CHF
2022-05-11,CRYS,18.1,87461,CHF
2022-05-11,DELT,61.4,37881,EUR
2022-05-11,EDLW,31.57,56255,CHF
2022-05-11,FJRD,30.44,191332,USD
2022-05-11,GLAC,29.5,356385,CHF
2022-05-11,HELV,97.6,159886,CHF
2022-05-11,IBEX,15.72,27855,EUR
2022-05-11,JURA,3992.94,48381,CHF
2022-05-12,ALPN,89.18,93485,CHF
2022-05-12,BRGN,212.38,75085,CHF
2022-05-12,CRYS,18.22,370598,CHF
2022-05-12,DELT,61.68,169357,EUR
2022-05-12,EDLW,31.59,303845,CHF
2022-05-12,FJRD,31.05,315937,USD
2022-05-12,GLAC,29.68,236191,CHF
2022-05-12,HELV,99.95,25092,CHF
2022-05-12,IBEX,15.93,56486,EUR
2022-05-12,JURA,3994.47,269919,CHF
2022-05-13,ALPN,88.41,226742,CHF
2022-05-13,BRGN,213.21,25235,CHF
2022-05-13,CRYS,17.78,384376,CHF
2022-05-13,DELT,59.98,96670,EUR
2022-05-13,EDLW,31.96,268731,CHF
2022-05-13,FJRD,30.8,279560,USD
2022-05-13,GLAC,28.98,233336,CHF
2022-05-13,HELV,99.08,120778,CHF
2022-05-13,IBEX,15.44,358297,EUR
2022-05-13,JURA,3909.44,29320,CHF
2022-05-16,ALPN,89.2,318896,CHF
2022-05-16,BRGN,213.47,244448,CHF
2022-05-16,CRYS,17.8,341547,CHF
2022-05-16,DELT,59.95,317183,EUR
2022-05-16,EDLW,31.36,261990,CHF
2022-05-16,FJRD,31.14,144203,USD
2022-05-16,GLAC,28.48,284593,CHF
2022-05-16,HELV,99.01,157372,CHF
2022-05-16,IBEX,15.69,355405,EUR
2022-05-16,JURA,3885.76,183033,CHF
2022-05-17,ALPN,90.76,254775,CHF
2022-05-17,BRGN,222.46,163786,CHF
2022-05-17,CRYS,18.28,170549,CHF
2022-05-17,DELT,61.21,50082,EUR
2022-05-17,EDLW,31.96,81295,CHF
2022-05-17,FJRD,32.69,136466,USD
2022-05-17,GLAC,29.18,192783,CHF
2022-05-17,HELV,100.49,350856,CHF
2022-05-17,IBEX,16.09,295080,EUR
2022-05-17,JURA,3963.62,294078,CHF
2022-05-18,ALPN,90.48,96604,CHF
2022-05-18,BRGN,216.73,24841,CHF
2022-05-18,CRYS,18.05,146773,CHF
2022-05-18,DELT,61.11,226413,EUR
2022-05-18,EDLW,31.72,95334,CHF
2022-05-18,FJRD,32.43,165701,USD
2022-05-18,GLAC,29.27,302036,CHF
2022-05-18,HELV,99.51,165628,CHF
2022-05-18,IBEX,15.99,85597,EUR
2022-05-18,JURA,3917.2,336065,CHF
2022-05-19,ALPN,91.46,128291,CHF
2022-05-19,BRGN,219.8,192953,CHF
2022-05-19,CRYS,18.55,398634,CHF
2022-05-19,DELT,61.93,144624,EUR
2022-05-19,EDLW,31.81,77044,CHF
2022-05-19,FJRD,32.58,204692,USD
2022-05-19,GLAC,30.07,364088,CHF
2022-05-19,HELV,100.25,308318,CHF
2022-05-19,IBEX,16.37,301837,EUR
2022-05-19,JURA,3949.09,330623,CHF
2022-05-20,ALPN,92.89,224787,CHF
2022-05-20,BRGN,221.77,40143,CHF
2022-05-20,CRYS,18.52,339855,CHF
2022-05-20,DELT,62.1,129806,EUR
2022-05-20,EDLW,31.45,372249,CHF
2022-05-20,FJRD,31.81,239259,USD
2022-05-20,GLAC,29.63,270820,CHF
2022-05-20,HELV,102.15,193110,CHF
2022-05-20,IBEX,16.0,364353,EUR
2022-05-20,JURA,3997.01,376457,CHF
2022-05-23,ALPN,95.21,307643,CHF
2022-05-23,BRGN,222.87,198718,CHF
2022-05-23,CRYS,18.79,352562,CHF
2022-05-23,DELT,63.72,384029,EUR
2022-05-23,EDLW,31.94,215843,CHF
2022-05-23,FJRD,32.52,185276,USD
2022-05-23,GLAC,29.96,92451,CHF
2022-05-23,HELV,104.83,370572,CHF
2022-05-23,IBEX,16.25,382152,EUR
2022-05-23,JURA,3978.75,284947,CHF
2022-05-24,ALPN,97.06,381275,CHF
2022-05-24,BRGN,216.21,367933,CHF
2022-05-24,CRYS,18.62,119060,CHF
2022-05-24,DELT,62.87,264880,EUR
2022-05-24,EDLW,31.47,168772,CHF
2022-05-24,FJRD,32.11,145997,USD
2022-05-24,GLAC,29.27,138257,CHF
2022-05-24,HELV,103.19,192595,CHF
2022-05-24,IBEX,16.12,229781,EUR
2022-05-24,JURA,4003.67,178418,CHF
2022-05-25,ALPN,94.6,48524,CHF
2022-05-25,BRGN,207.54,384900,CHF
2022-05-25,CRYS,17.92,156113,CHF
2022-05-25,DELT,61.27,266804,EUR
2022-05-25,EDLW,30.87,85622,CHF
2022-05-25,FJRD,30.51,221229,USD
2022-05-25,GLAC,29.09,181846,CHF
2022-05-25,HELV,100.11,27737,CHF
2022-05-25,IBEX,16.1,356753,EUR
2022-05-25,JURA,3866.81,307141,CHF
2022-05-26,ALPN,93.52,302705,CHF
2022-05-26,BRGN,207.75,297338,CHF
2022-05-26,CRYS,18.15,134539,CHF
2022-05-26,DELT,59.85,177161,EUR
2022-05-26,EDLW,30.78,323969,CHF
2022-05-26,FJRD,30.83,379432,USD
2022-05-26,GLAC,28.6,389055,CHF
2022-05-26,HELV,99.44,169320,CHF
2022-05-26,IBEX,16.17,88624,EUR
2022-05-26,JURA,3916.32,302904,CHF
2022-05-27,ALPN,95.98,319449,CHF
2022-05-27,BRGN,209.8,87147,CHF
2022-05-27,CRYS,18.33,297247,CHF
2022-05-27,DELT,58.8,302457,EUR
2022-05-27,EDLW,30.77,260287,CHF
2022-05-27,FJRD,31.48,25540,USD
2022-05-27,GLAC,29.23,85531,CHF
2022-05-27,HELV,97.61,319828,CHF
2022-05-27,IBEX,16.15,157064,EUR
2022-05-27,JURA,4068.43,155443,CHF
2022-05-30,ALPN,96.5,191212,CHF
2022-05-30,BRGN,210.49,248086,CHF
2022-05-30,CRYS,18.44,63553,CHF
2022-05-30,DELT,58.48,27380,EUR
2022-05-30,EDLW,30.87,169051,CHF
2022-05-30,FJRD,30.75,44567,USD
2022-05-30,GLAC,28.45,315765,CHF
2022-05-30,HELV,99.14,40441,CHF
2022-05-30,IBEX,15.99,318874,EUR
2022-05-31,ALPN,97.39,50382,CHF
2022-05-31,BRGN,215.05,85534,CHF
2022-05-31,CRYS,18.69,41454,CHF
2022-05-31,DELT,58.37,386728,EUR
2022-05-31,EDLW,30.56,84984,CHF
2022-05-31,FJRD,30.91,228265,USD
2022-05-31,GLAC,28.79,122866,CHF
2022-05-31,HELV,101.9,36864,CHF
2022-05-31,IBEX,16.2,169132,EUR
2022-05-31,JURA,4033.46,235211,CHF
2022-06-01,ALPN,99.91,368914,CHF
2022-06-01,BRGN,219.68,346950,CHF
2022-06-01,CRYS,19.37,372976,CHF
2022-06-01,DELT,59.72,121095,EUR
2022-06-01,EDLW,31.43,35557,CHF
2022-06-01,FJRD,31.48,122261,USD
2022-06-01,GLAC,29.95,397843,CHF
2022-06-01,HELV,103.97,362236,CHF
2022-06-01,IBEX,16.24,213042,EUR
2022-06-01,JURA,4102.47,203836,CHF
2022-06-02,ALPN,98.49,329934,CHF
2022-06-02,BRGN,218.3,82173,CHF
2022-06-02,CRYS,19.04,206780,CHF
2022-06-02,DELT,59.01,213383,EUR
2022-06-02,EDLW,30.97,313861,CHF
2022-06-02,FJRD,31.13,314933,USD
2022-06-02,GLAC,30.22,79060,CHF
2022-06-02,HELV,104.25,159087,CHF
2022-06-02,IBEX,16.46,115754,EUR
2022-06-02,JURA,4138.44,391965,CHF
2022-06-03,ALPN,97.33,387821,CHF
2022-06-03,BRGN,223.62,273317,CHF
2022-06-03,CRYS,19.19,350044,CHF
2022-06-03,DELT,59.52,321893,EUR
2022-06-03,EDLW,31.36,316243,CHF
2022-06-03,FJRD,31.37,235734,USD
2022-06-03,GLAC,30.85,374487,CHF
2022-06-03,HELV,106.73,86368,CHF
2022-06-03,IBEX,16.98,59982,EUR
2022-06-03,JURA,4097.62,383909,CHF
2022-06-06,ALPN,96.42,99697,CHF
2022-06-06,BRGN,225.84,285250,CHF
2022-06-06,CRYS,18.97,230514,CHF
2022-06-06,DELT,59.08,138441,EUR
2022-06-06,EDLW,31.9,38471,CHF
2022-06-06,FJRD,30.73,103398,USD
2022-06-06,GLAC,31.56,236364,CHF
2022-06-06,HELV,108.71,117876,CHF
2022-06-06,IBEX,16.5,333726,EUR
2022-06-06,JURA,4013.8,71096,CHF
2022-06-07,ALPN,94.82,83057,CHF
2022-06-07,BRGN,226.29,40552,CHF
2022-06-07,CRYS,19.12,314878,CHF
2022-06-07,DELT,59.92,394492,EUR
2022-06-07,EDLW,32.25,297616,CHF
2022-06-07,FJRD,30.85,175464,USD
2022-06-07,GLAC,31.84,151194,CHF
2022-06-07,HELV,109.45,27113,CHF
2022-06-07,IBEX,16.64,275825,EUR
2022-06-07,JURA,4'120.06,164747,CHF
2022-06-08,ALPN,93.95,95623,CHF
2022-06-08,BRGN,226.21,285986,CHF
2022-06-08,CRYS,18.99,40342,CHF
2022-06-08,DELT,60.45,325134,EUR
2022-06-08,EDLW,32.53,387108,CHF
2022-06-08,FJRD,31.08,76078,USD
2022-06-08,GLAC,31.61,311131,CHF
2022-06-08,HELV,109.6,255206,CHF
2022-06-08,IBEX,16.86,119525,EUR
2022-06-08,JURA,4053.63,360933,CHF
2022-06-09,ALPN,92.84,212062,CHF
2022-06-09,BRGN,226.37,88151,CHF
2022-06-09,CRYS,18.61,392035,CHF
2022-06-09,DELT,61.08,210316,EUR
2022-06-09,EDLW,32.56,217778,CHF
2022-06-09,FJRD,31.43,48651,USD
2022-06-09,GLAC,32.32,267623,CHF
2022-06-09,HELV,110.56,207584,CHF
2022-06-09,IBEX,16.68,357710,EUR
2022-06-09,JURA,4091.4,384141,CHF
2022-06-10,ALPN,93.72,371123,CHF
2022-06-10,BRGN,228.19,46445,CHF
2022-06-10,CRYS,18.59,253400,CHF
2022-06-10,DELT,61.92,59380,EUR
2022-06-10,EDLW,32.76,281329,CHF
2022-06-10,FJRD,31.82,324474,USD
2022-06-10,GLAC,32.88,226482,CHF
2022-06-10,HELV,111.06,394068,CHF
2022-06-10,IBEX,16.55,41518,EUR
2022-06-10,JURA,4194.79,218291,CHF
2022-06-13,ALPN,95.61,274685,CHF
2022-06-13,BRGN,231.93,59444,CHF
2022-06-13,CRYS,18.78,187877,CHF
2022-06-13,DELT,61.06,380689,EUR
2022-06-13,EDLW,33.02,373191,CHF
2022-06-13,FJRD,32.28,152758,USD
2022-06-13,GLAC,33.25,124737,CHF
2022-06-13,HELV,109.5,376051,CHF
2022-06-13,IBEX,16.43,79515,EUR
2022-06-13,JURA,4227.64,232379,CHF
2022-06-14,ALPN,97.75,60809,CHF
2022-06-14,BRGN,238.92,384352,CHF
2022-06-14,CRYS,19.33,218143,CHF
2022-06-14,DELT,61.67,279280,EUR
2022-06-14,EDLW,33.1,328674,CHF
2022-06-14,FJRD,33.12,183880,USD
2022-06-14,HELV,112.12,269096,CHF
2022-06-14,IBEX,16.82,373670,EUR
2022-06-14,JURA,4328.05,245634,CHF
2022-06-15,ALPN,98.7,52560,CHF
2022-06-15,BRGN,242.27,275607,CHF
2022-06-15,CRYS,19.62,196507,CHF
2022-06-15,DELT,62.65,304249,EUR
2022-06-15,EDLW,33.08,308406,CHF
2022-06-15,FJRD,32.71,121069,USD
2022-06-15,GLAC,34.68,180039,CHF
2022-06-15,HELV,109.74,30538,CHF
2022-06-15,IBEX,16.94,130250,EUR
2022-06-15,JURA,4285.44,280572,CHF
2022-06-16,ALPN,98.08,292593,CHF
2022-06-16,BRGN,244.9,388786,CHF
2022-06-16,CRYS,19.65,180788,CHF
2022-06-16,DELT,61.56,32329,EUR
2022-06-16,EDLW,32.78,273484,CHF
2022-06-16,FJRD,32.09,264011,USD
2022-06-16,GLAC,33.78,37701,CHF
2022-06-16,HELV,110.0,277538,CHF
2022-06-16,IBEX,16.73,271475,EUR
2022-06-16,JURA,4283.77,192649,CHF
2022-06-17,ALPN,97.74,27179,CHF
2022-06-17,BRGN,249.0,62286,CHF
2022-06-17,CRYS,19.17,224635,CHF
2022-06-17,DELT,60.86,277079,EUR
2022-06-17,EDLW,32.93,80281,CHF
2022-06-17,FJRD,31.78,347234,USD
2022-06-17,GLAC,33.02,197564,CHF
2022-06-17,HELV,110.98,318056,CHF
2022-06-17,IBEX,16.74,233265,EUR
2022-06-17,JURA,4246.18,140425,CHF
2022-06-20,ALPN,98.05,42183,CHF
2022-06-20,BRGN,245.21,385741,CHF
2022-06-20,CRYS,19.22,373035,CHF
2022-06-20,DELT,61.25,347279,EUR
2022-06-20,EDLW,32.61,121251,CHF
2022-06-20,FJRD,32.23,89086,USD
2022-06-20,GLAC,32.71,313172,CHF
2022-06-20,HELV,112.11,236883,CHF
2022-06-20,JURA,4157.03,317861,CHF
2022-06-21,ALPN,97.82,88107,CHF
2022-06-21,BRGN,245.19,52788,CHF
2022-06-21,CRYS,19.3,346694,CHF
2022-06-21,DELT,61.3,337142,EUR
2022-06-21,EDLW,32.46,281210,CHF
2022-06-21,FJRD,32.61,116299,USD
2022-06-21,GLAC,33.0,384660,CHF
2022-06-21,HELV,113.1,277149,CHF
2022-06-21,IBEX,16.91,260510,EUR
2022-06-21,JURA,4260.27,104506,CHF
2022-06-22,ALPN,98.02,141561,CHF
2022-06-22,BRGN,245.87,28765,CHF
2022-06-22,CRYS,18.96,56663,CHF
2022-06-22,DELT,61.31,117532,EUR
2022-06-22,EDLW,32.21,52125,CHF
2022-06-22,FJRD,32.67,73539,USD
2022-06-22,GLAC,32.48,156429,CHF
2022-06-22,HELV,113.29,123199,CHF
2022-06-22,IBEX,16.98,63219,EUR
2022-06-22,JURA,4304.74,294354,CHF
2022-06-23,ALPN,100.61,397233,CHF
2022-06-23,BRGN,247.47,171910,CHF
2022-06-23,CRYS,19.26,274964,CHF
2022-06-23,DELT,61.54,391022,EUR
2022-06-23,EDLW,32.62,227152,CHF
2022-06-23,FJRD,32.95,363668,USD
2022-06-23,GLAC,32.39,21341,CHF
2022-06-23,HELV,113.62,189253,CHF
2022-06-23,IBEX,17.25,132043,EUR
2022-06-23,JURA,4308.45,206437,CHF
2022-06-24,ALPN,100.94,154406,CHF
2022-06-24,BRGN,250.92,332701,CHF
2022-06-24,CRYS,19.4,53750,CHF
2022-06-24,DELT,61.72,337919,EUR
2022-06-24,EDLW,32.47,267752,CHF
2022-06-24,FJRD,33.18,26465,USD
2022-06-24,GLAC,32.69,276520,CHF
2022-06-24,HELV,115.02,62432,CHF
2022-06-24,IBEX,17.31,242850,EUR
2022-06-24,JURA,4365.23,131867,CHF
2022-06-27,ALPN,101.76,291493,CHF
2022-06-27,BRGN,250.31,182609,CHF
2022-06-27,CRYS,19.41,33517,CHF
2022-06-27,DELT,61.06,271112,EUR
2022-06-27,EDLW,32.76,339832,CHF
2022-06-27,FJRD,33.23,104191,USD
2022-06-27,GLAC,32.65,180590,CHF
2022-06-27,HELV,113.4,354953,CHF
2022-06-27,IBEX,17.94,107409,EUR
2022-06-27,JURA,4301.66,235105,CHF
2022-06-28,ALPN,102.85,111521,CHF
2022-06-28,BRGN,247.07,200229,CHF
2022-06-28,CRYS,19.57,191548,CHF
2022-06-28,DELT,60.25,184993,EUR
2022-06-28,EDLW,33.08,174414,CHF
2022-06-28,FJRD,33.31,253958,USD
2022-06-28,GLAC,32.74,116391,CHF
2022-06-28,HELV,113.36,142422,CHF
2022-06-28,IBEX,18.03,316485,EUR
2022-06-28,JURA,4381.54,108173,CHF
2022-06-29,ALPN,102.89,104211,CHF
2022-06-29,BRGN,244.87,99183,CHF
2022-06-29,CRYS,19.25,325615,CHF
2022-06-29,DELT,60.14,89941,EUR
2022-06-29,EDLW,33.09,53149,CHF
2022-06-29,FJRD,33.23,263253,USD
2022-06-29,GLAC,33.17,152997,CHF
2022-06-29,HELV,114.91,339261,CHF
2022-06-29,IBEX,18.17,390975,EUR
2022-06-29,JURA,4310.22,138678,CHF
2022-06-30,ALPN,101.77,238943,CHF
2022-06-30,BRGN,245.05,244544,CHF
2022-06-30,CRYS,19.21,180615,CHF
2022-06-30,DELT,59.4,68165,EUR
2022-06-30,EDLW,32.99,70802,CHF
2022-06-30,FJRD,33.58,233282,USD
2022-06-30,GLAC,33.05,229814,CHF
2022-06-30,HELV,114.29,28447,CHF
2022-06-30,IBEX,18.08,202812,EUR
2022-06-30,JURA,4317.34,393551,CHF
2022-07-01,ALPN,103.77,68617,CHF
2022-07-01,BRGN,244.86,79712,CHF
2022-07-01,CRYS,19.63,51890,CHF
2022-07-01,DELT,60.51,139894,EUR
2022-07-01,EDLW,33.04,190272,CHF
2022-07-01,FJRD,34.58,268741,USD
2022-07-01,GLAC,32.53,173482,CHF
2022-07-01,HELV,117.69,167695,CHF
2022-07-01,IBEX,18.47,371530,EUR
2022-07-01,JURA,4375.86,52004,CHF
2022-07-04,ALPN,100.58,143897,CHF
2022-07-04,BRGN,241.43,93157,CHF
2022-07-04,CRYS,19.15,39598,CHF
2022-07-04,DELT,60.92,370136,EUR
2022-07-04,EDLW,33.27,190094,CHF
2022-07-04,FJRD,33.61,397147,USD
2022-07-04,GLAC,32.11,35106,CHF
2022-07-04,HELV,117.45,273952,CHF
2022-07-04,IBEX,18.1,120075,EUR
2022-07-04,JURA,4209.21,373540,CHF
2022-07-05,ALPN,99.81,225275,CHF
2022-07-05,BRGN,240.5,155362,CHF
2022-07-05,CRYS,19.51,39941,CHF
2022-07-05,DELT,61.94,120856,EUR
2022-07-05,EDLW,33.01,42080,CHF
2022-07-05,FJRD,34.34,122662,USD
2022-07-05,GLAC,32.63,229410,CHF
2022-07-05,HELV,120.3,327461,CHF
2022-07-05,IBEX,18.09,84743,EUR
2022-07-05,JURA,4'232.84,200556,CHF
2022-07-06,ALPN,98.87,352047,CHF
2022-07-06,BRGN,240.53,102206,CHF
2022-07-06,CRYS,19.47,253995,CHF
2022-07-06,DELT,61.13,341803,EUR
2022-07-06,EDLW,33.15,192581,CHF
2022-07-06,FJRD,34.11,284367,USD
2022-07-06,GLAC,32.99,201793,CHF
2022-07-06,HELV,122.75,203600,CHF
2022-07-06,IBEX,17.97,149014,EUR
2022-07-06,JURA,4205.08,143643,CHF
2022-07-07,ALPN,100.39,371768,CHF
2022-07-07,BRGN,247.8,211423,CHF
2022-07-07,CRYS,20.12,175068,CHF
2022-07-07,DELT,63.12,160223,EUR
2022-07-07,EDLW,34.01,28599,CHF
2022-07-07,FJRD,36.05,200210,USD
2022-07-07,HELV,125.87,382307,CHF
2022-07-07,IBEX,18.6,91320,EUR
2022-07-07,JURA,4321.46,108679,CHF
2022-07-08,ALPN,99.61,328951,CHF
2022-07-08,BRGN,245.52,215674,CHF
2022-07-08,CRYS,19.49,168855,CHF
2022-07-08,DELT,61.37,40860,EUR
2022-07-08,EDLW,33.81,240608,CHF
2022-07-08,FJRD,35.43,123779,USD
2022-07-08,GLAC,33.18,58163,CHF
2022-07-08,HELV,124.43,37908,CHF
2022-07-08,IBEX,17.88,179432,EUR
2022-07-08,JURA,4372.05,39271,CHF
2022-07-11,ALPN,100.94,136061,CHF
2022-07-11,BRGN,245.93,241166,CHF
2022-07-11,CRYS,20.19,181658,CHF
2022-07-11,DELT,62.17,309453,EUR
2022-07-11,EDLW,34.39,101049,CHF
2022-07-11,FJRD,36.02,30159,USD
2022-07-11,GLAC,34.49,47024,CHF
2022-07-11,HELV,124.96,27048,CHF
2022-07-11,IBEX,18.48,283466,EUR
2022-07-11,JURA,4480.55,74747,CHF
2022-07-12,ALPN,101.31,359470,CHF
2022-07-12,BRGN,247.46,121412,CHF
2022-07-12,CRYS,20.4,110188,CHF
2022-07-12,DELT,63.96,243605,EUR
2022-07-12,EDLW,34.26,64719,CHF
2022-07-12,FJRD,36.9,21940,USD
2022-07-12,GLAC,34.39,301882,CHF
2022-07-12,HELV,126.09,38470,CHF
2022-07-12,IBEX,18.37,56117,EUR
2022-07-12,JURA,4570.42,102580,CHF
2022-07-13,ALPN,99.98,56130,CHF
2022-07-13,BRGN,247.22,76111,CHF
2022-07-13,CRYS,19.89,64647,CHF
2022-07-13,DELT,64.39,307963,EUR
2022-07-13,EDLW,34.4,350442,CHF
2022-07-13,FJRD,37.2,385193,USD
2022-07-13,GLAC,34.57,23413,CHF
2022-07-13,HELV,127.35,346465,CHF
2022-07-13,IBEX,18.32,299241,EUR
2022-07-13,JURA,4563.53,209723,CHF
2022-07-14,ALPN,98.88,348370,CHF
2022-07-14,BRGN,247.9,28158,CHF
2022-07-14,CRYS,19.79,38503,CHF
2022-07-14,DELT,63.28,231726,EUR
2022-07-14,EDLW,34.8,35138,CHF
2022-07-14,FJRD,36.82,56627,USD
2022-07-14,GLAC,34.5,99213,CHF
2022-07-14,HELV,125.94,118171,CHF
2022-07-14,IBEX,17.85,136055,EUR
2022-07-14,JURA,4499.06,285306,CHF
2022-07-15,ALPN,97.8,65851,CHF
2022-07-15,BRGN,245.07,59755,CHF
2022-07-15,CRYS,19.33,399680,CHF
2022-07-15,DELT,62.7,162129,EUR
2022-07-15,EDLW,34.46,228819,CHF
2022-07-15,EDLW,34.46,228819,CHF
2022-07-15,FJRD,36.09,279214,USD
2022-07-15,GLAC,34.43,314347,CHF
2022-07-15,HELV,126.42,95380,CHF
2022-07-15,IBEX,17.36,294919,EUR
2022-07-15,JURA,4433.29,220266,CHF
2022-07-18,ALPN,100.25,244585,CHF
2022-07-18,BRGN,243.17,236922,CHF
2022-07-18,CRYS,19.31,326285,CHF
2022-07-18,DELT,62.31,63829,EUR
2022-07-18,EDLW,34.74,246936,CHF
2022-07-18,FJRD,36.51,254501,USD
2022-07-18,GLAC,34.34,267159,CHF
2022-07-18,HELV,124.71,393971,CHF
2022-07-18,IBEX,17.87,290457,EUR
2022-07-18,JURA,4411.0,327370,CHF
2022-07-19,ALPN,98.14,126919,CHF
2022-07-19,BRGN,242.99,124706,CHF
2022-07-19,DELT,62.02,333948,EUR
2022-07-19,EDLW,34.75,308966,CHF
2022-07-19,FJRD,36.43,241329,USD
2022-07-19,GLAC,34.77,110884,CHF
2022-07-19,HELV,121.89,172576,CHF
2022-07-19,IBEX,17.79,251297,EUR
2022-07-19,JURA,4292.65,278401,CHF
2022-07-20,ALPN,97.93,143662,CHF
2022-07-20,BRGN,243.07,286430,CHF
2022-07-20,CRYS,18.74,332269,CHF
2022-07-20,DELT,60.66,145021,EUR
2022-07-20,EDLW,34.22,250251,CHF
2022-07-20,FJRD,36.41,124359,USD
2022-07-20,GLAC,33.89,101483,CHF
2022-07-20,HELV,121.18,290165,CHF
2022-07-20,IBEX,17.4,274326,EUR
2022-07-20,JURA,4412.01,362345,CHF
2022-07-21,ALPN,99.3,61802,CHF
2022-07-21,BRGN,246.64,58011,CHF
2022-07-21,CRYS,19.0,383206,CHF
2022-07-21,DELT,60.98,175498,EUR
2022-07-21,EDLW,34.17,295692,CHF
2022-07-21,FJRD,36.44,264423,USD
2022-07-21,GLAC,33.98,296792,CHF
2022-07-21,HELV,123.5,302142,CHF
2022-07-21,IBEX,17.61,381779,EUR
2022-07-21,JURA,4448.46,127479,CHF
2022-07-22,ALPN,100.11,168019,CHF
2022-07-22,BRGN,246.12,366480,CHF
2022-07-22,CRYS,18.64,130352,CHF
2022-07-22,DELT,59.36,331329,EUR
2022-07-22,EDLW,34.52,115850,CHF
2022-07-22,FJRD,36.43,51744,USD
2022-07-22,GLAC,33.43,147403,CHF
2022-07-22,HELV,124.2,168127,CHF
2022-07-22,IBEX,17.49,85456,EUR
2022-07-22,JURA,4527.38,166272,CHF
2022-07-25,ALPN,98.84,179531,CHF
2022-07-25,BRGN,245.29,171070,CHF
2022-07-25,CRYS,18.21,71608,CHF
2022-07-25,DELT,59.45,201208,EUR
2022-07-25,EDLW,34.78,316212,CHF
2022-07-25,FJRD,35.08,320240,USD
2022-07-25,GLAC,33.01,261216,CHF
2022-07-25,HELV,122.05,347089,CHF
2022-07-25,IBEX,17.17,317542,EUR
2022-07-25,JURA,4523.03,131532,CHF
2022-07-26,ALPN,98.73,25599,CHF
2022-07-26,BRGN,239.95,100869,CHF
2022-07-26,CRYS,18.05,383512,CHF
2022-07-26,DELT,60.71,243629,EUR
2022-07-26,EDLW,33.78,195428,CHF
2022-07-26,FJRD,34.16,135757,USD
2022-07-26,GLAC,32.18,288077,CHF
2022-07-26,HELV,122.4,55692,CHF
2022-07-26,IBEX,17.16,238857,EUR
2022-07-26,JURA,4402.9,209686,CHF
2022-07-27,ALPN,99.8,175227,CHF
2022-07-27,BRGN,241.26,36511,CHF
2022-07-27,CRYS,18.2,383022,CHF
2022-07-27,DELT,60.84,288537,EUR
2022-07-27,EDLW,33.22,383403,CHF
2022-07-27,FJRD,34.68,280039,USD
2022-07-27,GLAC,32.65,393598,CHF
2022-07-27,HELV,124.71,246644,CHF
2022-07-27,IBEX,17.44,172507,EUR
2022-07-27,JURA,4429.36,169514,CHF
2022-07-28,ALPN,99.14,237951,CHF
2022-07-28,BRGN,233.96,82133,CHF
2022-07-28,CRYS,17.47,259878,CHF
2022-07-28,DELT,59.93,137708,EUR
2022-07-28,EDLW,32.83,110031,CHF
2022-07-28,FJRD,33.51,152767,USD
2022-07-28,GLAC,31.31,221176,CHF
2022-07-28,HELV,121.54,341915,CHF
2022-07-28,IBEX,16.97,339488,EUR
2022-07-28,JURA,4374.05,59110,CHF
2022-07-29,ALPN,98.77,231525,CHF
2022-07-29,BRGN,233.44,206902,CHF
2022-07-29,CRYS,17.37,22475,CHF
2022-07-29,DELT,60.01,80270,EUR
2022-07-29,EDLW,33.1,114553,CHF
2022-07-29,FJRD,33.66,116183,USD
2022-07-29,GLAC,31.64,213303,CHF
2022-07-29,HELV,122.49,210672,CHF
2022-07-29,IBEX,16.86,265494,EUR
2022-07-29,JURA,4401.63,211461,CHF
2022-08-01,ALPN,99.63,89967,CHF
2022-08-01,BRGN,231.36,260163,CHF
2022-08-01,CRYS,17.4,116241,CHF
2022-08-01,DELT,59.34,43024,EUR
2022-08-01,EDLW,32.66,229566,CHF
2022-08-01,FJRD,33.97,361684,USD
2022-08-01,GLAC,31.96,339460,CHF
2022-08-01,HELV,124.62,27972,CHF
2022-08-01,IBEX,17.0,212646,EUR
2022-08-01,JURA,4463.77,264776,CHF
2022-08-02,ALPN,98.86,90101,CHF
2022-08-02,BRGN,229.4,111716,CHF
2022-08-02,CRYS,17.11,257007,CHF
2022-08-02,DELT,59.16,289902,EUR
2022-08-02,EDLW,32.91,271874,CHF
2022-08-02,FJRD,33.91,120509,USD
2022-08-02,GLAC,31.47,151616,CHF
2022-08-02,HELV,122.51,241713,CHF
2022-08-02,IBEX,16.79,395411,EUR
2022-08-02,JURA,4'483.28,95730,CHF
2022-08-03,ALPN,98.35,188197,CHF
2022-08-03,BRGN,230.78,176445,CHF
2022-08-03,CRYS,17.13,399046,CHF
2022-08-03,DELT,59.12,87768,EUR
2022-08-03,EDLW,33.37,375343,CHF
2022-08-03,FJRD,34.18,337482,USD
2022-08-03,GLAC,31.46,230547,CHF
2022-08-03,HELV,121.9,176537,CHF
2022-08-03,IBEX,16.48,118524,EUR
2022-08-03,JURA,4542.88,240027,CHF
2022-08-04,BRGN,232.71,143130,CHF
2022-08-04,CRYS,16.64,218069,CHF
2022-08-04,DELT,57.57,347354,EUR
2022-08-04,EDLW,33.75,83361,CHF
2022-08-04,FJRD,33.74,52924,USD
2022-08-04,GLAC,31.43,98707,CHF
2022-08-04,HELV,119.88,85048,CHF
2022-08-04,IBEX,16.26,195575,EUR
2022-08-04,JURA,4444.7,257161,CHF
2022-08-05,ALPN,95.29,121963,CHF
2022-08-05,BRGN,231.28,34626,CHF
2022-08-05,CRYS,16.57,374309,CHF
2022-08-05,DELT,57.44,118171,EUR
2022-08-05,EDLW,34.64,70161,CHF
2022-08-05,FJRD,33.07,136163,USD
2022-08-05,GLAC,32.11,72582,CHF
2022-08-05,HELV,118.57,194960,CHF
2022-08-05,IBEX,16.36,118865,EUR
2022-08-05,JURA,4470.59,236945,CHF
2022-08-08,ALPN,93.31,342717,CHF
2022-08-08,BRGN,229.07,247960,CHF
2022-08-08,CRYS,16.2,23363,CHF
2022-08-08,DELT,57.31,39546,EUR
2022-08-08,EDLW,33.55,348303,CHF
2022-08-08,FJRD,32.5,103691,USD
2022-08-08,GLAC,32.07,129032,CHF
2022-08-08,HELV,117.94,182626,CHF
2022-08-08,IBEX,16.31,281323,EUR
2022-08-08,JURA,4434.17,236703,CHF
2022-08-09,ALPN,92.92,54415,CHF
2022-08-09,BRGN,231.99,64896,CHF
2022-08-09,CRYS,16.23,182979,CHF
2022-08-09,DELT,57.75,349351,EUR
2022-08-09,EDLW,33.68,390095,CHF
2022-08-09,FJRD,32.78,230078,USD
2022-08-09,GLAC,32.24,354715,CHF
2022-08-09,HELV,116.45,297274,CHF
2022-08-09,IBEX,16.22,395114,EUR
2022-08-09,JURA,4514.98,342888,CHF
2022-08-10,ALPN,93.69,276136,CHF
2022-08-10,BRGN,231.11,33510,CHF
2022-08-10,CRYS,15.8,331682,CHF
2022-08-10,DELT,56.72,366658,EUR
2022-08-10,EDLW,33.56,82272,CHF
2022-08-10,FJRD,32.05,256359,USD
2022-08-10,GLAC,31.74,280574,CHF
2022-08-10,HELV,115.25,208386,CHF
2022-08-10,IBEX,16.35,304025,EUR
2022-08-10,JURA,4493.76,49239,CHF
2022-08-11,ALPN,92.69,170873,CHF
2022-08-11,BRGN,234.54,347490,CHF
2022-08-11,CRYS,15.68,368419,CHF
2022-08-11,DELT,56.36,300823,EUR
2022-08-11,EDLW,33.07,123305,CHF
2022-08-11,FJRD,31.98,69098,USD
2022-08-11,GLAC,31.33,177711,CHF
2022-08-11,HELV,117.26,303057,CHF
2022-08-11,IBEX,16.47,119331,EUR
2022-08-11,JURA,4489.17,391161,CHF
2022-08-12,ALPN,92.34,252274,CHF
2022-08-12,BRGN,234.16,167305,CHF
2022-08-12,CRYS,15.95,387580,CHF
2022-08-12,DELT,56.63,151526,EUR
2022-08-12,EDLW,33.36,274302,CHF
2022-08-12,FJRD,32.3,126754,USD
2022-08-12,GLAC,31.69,39794,CHF
2022-08-12,HELV,117.4,182847,CHF
2022-08-12,IBEX,16.08,329630,EUR
2022-08-12,JURA,4427.24,284557,CHF
2022-08-15,ALPN,90.69,41297,CHF
2022-08-15,BRGN,234.82,273031,CHF
2022-08-15,CRYS,15.74,212360,CHF
2022-08-15,DELT,56.43,59183,EUR
2022-08-15,EDLW,33.84,327304,CHF
2022-08-15,FJRD,32.05,224241,USD
2022-08-15,GLAC,31.51,118110,CHF
2022-08-15,HELV,115.12,388429,CHF
2022-08-15,IBEX,16.14,111036,EUR
2022-08-15,JURA,4387.22,71248,CHF
2022-08-16,ALPN,90.53,299388,CHF
2022-08-16,BRGN,232.71,390067,CHF
2022-08-16,CRYS,15.58,59400,CHF
2022-08-16,DELT,56.2,347198,EUR
2022-08-16,EDLW,34.64,160356,CHF
2022-08-16,FJRD,32.27,163631,USD
2022-08-16,GLAC,31.73,158559,CHF
2022-08-16,HELV,114.55,341190,CHF
2022-08-16,IBEX,16.24,383175,EUR
2022-08-16,JURA,4397.27,29561,CHF
2022-08-17,ALPN,88.27,331154,CHF
2022-08-17,BRGN,229.15,25516,CHF
2022-08-17,CRYS,15.16,85198,CHF
2022-08-17,DELT,56.35,82123,EUR
2022-08-17,EDLW,3502.0,53586,CHF
2022-08-17,FJRD,31.67,264907,USD
2022-08-17,GLAC,30.66,107699,CHF
2022-08-17,HELV,112.74,98087,CHF
2022-08-17,IBEX,15.7,138084,EUR
2022-08-17,JURA,4299.88,65477,CHF
2022-08-18,ALPN,87.81,132575,CHF
2022-08-18,BRGN,223.41,90998,CHF
2022-08-18,CRYS,15.18,274659,CHF
2022-08-18,DELT,56.69,237386,EUR
2022-08-18,EDLW,34.79,313970,CHF
2022-08-18,FJRD,31.49,286596,USD
2022-08-18,GLAC,29.67,48466,CHF
2022-08-18,HELV,109.53,154391,CHF
2022-08-18,IBEX,15.61,292041,EUR
2022-08-18,JURA,4252.21,226926,CHF
2022-08-19,ALPN,87.47,75236,CHF
2022-08-19,BRGN,222.14,42329,CHF
2022-08-19,CRYS,14.86,277236,CHF
2022-08-19,DELT,55.24,259566,EUR
2022-08-19,EDLW,34.51,59499,CHF
2022-08-19,FJRD,30.56,225872,USD
2022-08-19,GLAC,29.04,312367,CHF
2022-08-19,HELV,107.23,289449,CHF
2022-08-19,IBEX,15.63,299612,EUR
2022-08-19,JURA,4353.9,186745,CHF
2022-08-22,ALPN,88.06,133865,CHF
2022-08-22,BRGN,230.27,44976,CHF
2022-08-22,CRYS,14.79,176651,CHF
2022-08-22,DELT,56.19,382833,EUR
2022-08-22,FJRD,30.8,350102,USD
2022-08-22,GLAC,29.18,390565,CHF
2022-08-22,HELV,107.67,295935,CHF
2022-08-22,IBEX,15.74,96683,EUR
2022-08-22,JURA,4372.68,244605,CHF
2022-08-23,ALPN,88.11,254143,CHF
2022-08-23,BRGN,232.79,158072,CHF
2022-08-23,CRYS,15.1,306797,CHF
2022-08-23,DELT,55.94,80415,EUR
2022-08-23,EDLW,34.13,75522,CHF
2022-08-23,FJRD,30.86,358617,USD
2022-08-23,GLAC,29.19,275059,CHF
2022-08-23,HELV,107.5,271897,CHF
2022-08-23,IBEX,15.71,136844,EUR
2022-08-23,JURA,4332.77,192351,CHF
2022-08-24,ALPN,85.56,217100,CHF
2022-08-24,BRGN,234.84,38648,CHF
2022-08-24,CRYS,14.98,60792,CHF
2022-08-24,DELT,56.85,234416,EUR
2022-08-24,EDLW,33.8,93757,CHF
2022-08-24,FJRD,30.93,184585,USD
2022-08-24,GLAC,29.1,22474,CHF
2022-08-24,HELV,104.01,311829,CHF
2022-08-24,IBEX,15.69,95893,EUR
2022-08-24,JURA,4375.84,355873,CHF
2022-08-25,ALPN,86.07,219122,CHF
2022-08-25,BRGN,233.49,344923,CHF
2022-08-25,CRYS,15.15,224525,CHF
2022-08-25,DELT,56.74,356480,EUR
2022-08-25,EDLW,33.66,266633,CHF
2022-08-25,FJRD,31.61,31529,USD
2022-08-25,GLAC,28.67,172869,CHF
2022-08-25,HELV,102.51,384294,CHF
2022-08-25,IBEX,15.81,304533,EUR
2022-08-25,JURA,4383.64,375383,CHF
2022-08-26,ALPN,85.17,104379,CHF
2022-08-26,BRGN,230.69,66886,CHF
2022-08-26,CRYS,14.79,55413,CHF
2022-08-26,DELT,56.38,39569,EUR
2022-08-26,EDLW,33.44,100145,CHF
2022-08-26,FJRD,32.27,99821,USD
2022-08-26,GLAC,28.71,184079,CHF
2022-08-26,HELV,102.97,61103,CHF
2022-08-26,IBEX,15.57,277625,EUR
2022-08-26,JURA,4355.02,237438,CHF
2022-08-29,ALPN,83.37,160561,CHF
2022-08-29,BRGN,222.55,257471,CHF
2022-08-29,CRYS,14.53,84138,CHF
2022-08-29,DELT,56.41,206826,EUR
2022-08-29,EDLW,33.05,95604,CHF
2022-08-29,FJRD,31.91,166503,USD
2022-08-29,GLAC,29.83,224083,CHF
2022-08-29,HELV,103.13,187436,CHF
2022-08-29,IBEX,15.72,354978,EUR
2022-08-29,JURA,4241.37,39648,CHF
2022-08-30,ALPN,85.09,336265,CHF
2022-08-30,BRGN,226.59,28104,CHF
2022-08-30,CRYS,14.75,277822,CHF
2022-08-30,DELT,57.41,111712,EUR
2022-08-30,EDLW,33.61,77209,CHF
2022-08-30,FJRD,32.11,251881,USD
2022-08-30,GLAC,30.37,177934,CHF
2022-08-30,HELV,102.78,397431,CHF
2022-08-30,IBEX,15.9,240736,EUR
2022-08-30,JURA,4'351.88,225163,CHF
2022-08-31,ALPN,87.8,213048,CHF
2022-08-31,BRGN,224.08,75020,CHF
2022-08-31,CRYS,14.78,236079,CHF
2022-08-31,DELT,57.02,378503,EUR
2022-08-31,EDLW,33.62,150281,CHF
2022-08-31,FJRD,32.44,350040,USD
2022-08-31,GLAC,30.13,138223,CHF
2022-08-31,HELV,101.55,130684,CHF
2022-08-31,IBEX,15.56,237551,EUR
2022-08-31,JURA,4346.53,58662,CHF
2022-09-01,ALPN,86.13,153063,CHF
2022-09-01,BRGN,220.71,293719,CHF
2022-09-01,CRYS,14.74,119693,CHF
2022-09-01,DELT,55.54,47332,EUR
2022-09-01,EDLW,33.4,333070,CHF
2022-09-01,FJRD,32.12,90048,USD
2022-09-01,GLAC,30.0,380827,CHF
2022-09-01,HELV,101.17,327643,CHF
2022-09-01,IBEX,15.23,344844,EUR
2022-09-01,JURA,4298.89,255096,CHF
2022-09-02,ALPN,86.17,179734,CHF
2022-09-02,BRGN,224.73,376386,CHF
2022-09-02,CRYS,14.81,161408,CHF
2022-09-02,DELT,55.74,213100,EUR
2022-09-02,EDLW,34.1,25942,CHF
2022-09-02,FJRD,32.49,156629,USD
2022-09-02,GLAC,30.46,110123,CHF
2022-09-02,HELV,101.73,62612,CHF
2022-09-02,IBEX,15.1,31347,EUR
2022-09-02,JURA,4342.61,80547,CHF
2022-09-05,ALPN,85.61,383015,CHF
2022-09-05,BRGN,223.58,318244,CHF
2022-09-05,CRYS,14.78,133456,CHF
2022-09-05,DELT,55.73,374550,EUR
2022-09-05,EDLW,34.76,85562,CHF
2022-09-05,FJRD,32.12,330413,USD
2022-09-05,GLAC,30.23,126153,CHF
2022-09-05,HELV,101.69,126706,CHF
2022-09-05,IBEX,15.37,186135,EUR
2022-09-05,JURA,4390.88,133292,CHF
2022-09-06,ALPN,83.68,149081,CHF
2022-09-06,BRGN,223.12,93122,CHF
2022-09-06,CRYS,14.55,280070,CHF
2022-09-06,DELT,56.08,33816,EUR
2022-09-06,EDLW,34.41,332696,CHF
2022-09-06,FJRD,32.36,256138,USD
2022-09-06,GLAC,30.0,396318,CHF
2022-09-06,HELV,100.1,41292,CHF
2022-09-06,IBEX,14.84,173639,EUR
2022-09-06,JURA,4419.69,346667,CHF
2022-09-07,ALPN,84.03,349648,CHF
2022-09-07,BRGN,225.25,136908,CHF
2022-09-07,CRYS,14.48,268532,CHF
2022-09-07,DELT,56.71,239700,EUR
2022-09-07,EDLW,34.95,22657,CHF
2022-09-07,FJRD,32.23,25059,USD
2022-09-07,GLAC,30.36,196956,CHF
2022-09-07,HELV,99.86,136017,CHF
2022-09-07,IBEX,14.97,331746,EUR
2022-09-07,JURA,4340.39,342875,CHF
2022-09-08,ALPN,84.5,286877,CHF
2022-09-08,BRGN,226.25,119427,CHF
2022-09-08,CRYS,14.64,302630,CHF
2022-09-08,DELT,57.06,207486,EUR
2022-09-08,EDLW,35.25,247851,CHF
2022-09-08,FJRD,32.7,32174,USD
2022-09-08,GLAC,30.73,35150,CHF
2022-09-08,HELV,99.49,287253,CHF
2022-09-08,IBEX,15.29,157315,EUR
2022-09-08,JURA,4342.45,345321,CHF
2022-09-09,ALPN,85.38,95910,CHF
2022-09-09,BRGN,228.03,70048,CHF
2022-09-09,CRYS,14.96,108144,CHF
2022-09-09,DELT,57.77,323847,EUR
2022-09-09,EDLW,35.65,39563,CHF
2022-09-09,FJRD,33.22,39127,USD
2022-09-09,GLAC,30.91,22429,CHF
2022-09-09,HELV,100.28,212031,CHF
2022-09-09,IBEX,15.12,143201,EUR
2022-09-09,JURA,4455.61,196863,CHF
2022-09-12,ALPN,83.43,25266,CHF
2022-09-12,BRGN,222.64,262222,CHF
2022-09-12,CRYS,14.69,85998,CHF
2022-09-12,DELT,56.99,348357,EUR
2022-09-12,EDLW,35.28,155247,CHF
2022-09-12,FJRD,32.54,365827,USD
2022-09-12,GLAC,30.74,150099,CHF
2022-09-12,HELV,100.46,376955,CHF
2022-09-12,IBEX,15.12,60426,EUR
2022-09-12,JURA,4491.7,301934,CHF
2022-09-13,ALPN,83.04,336294,CHF
2022-09-13,BRGN,224.29,330886,CHF
2022-09-13,CRYS,14.9,295341,CHF
2022-09-13,DELT,56.46,144136,EUR
2022-09-13,EDLW,35.17,73701,CHF
2022-09-13,FJRD,32.74,350857,USD
2022-09-13,GLAC,30.77,273466,CHF
2022-09-13,HELV,101.27,360559,CHF
2022-09-13,IBEX,15.1,206276,EUR
2022-09-13,JURA,4536.24,42891,CHF
2022-09-14,ALPN,81.83,254355,CHF
2022-09-14,BRGN,224.75,236426,CHF
2022-09-14,CRYS,14.85,114371,CHF
2022-09-14,DELT,56.16,63735,EUR
2022-09-14,EDLW,34.78,313910,CHF
2022-09-14,FJRD,32.39,73855,USD
2022-09-14,GLAC,31.05,193501,CHF
2022-09-14,HELV,98.69,373746,CHF
2022-09-14,IBEX,15.34,222185,EUR
2022-09-14,JURA,4537.86,28239,CHF
2022-09-15,ALPN,81.61,279924,CHF
2022-09-15,BRGN,223.1,371826,CHF
2022-09-15,CRYS,14.59,311872,CHF
2022-09-15,DELT,56.09,149674,EUR
2022-09-15,EDLW,33.84,221543,CHF
2022-09-15,FJRD,32.15,131758,USD
2022-09-15,GLAC,31.32,92076,CHF
2022-09-15,HELV,99.32,336537,CHF
2022-09-15,IBEX,15.45,245889,EUR
2022-09-15,JURA,4526.72,352814,CHF
2022-09-16,ALPN,83.73,301634,CHF
2022-09-16,BRGN,227.69,222660,CHF
2022-09-16,CRYS,14.81,231654,CHF
2022-09-16,DELT,57.75,276587,EUR
2022-09-16,EDLW,33.72,61527,CHF
2022-09-16,FJRD,32.79,315979,USD
2022-09-16,GLAC,32.54,301329,CHF
2022-09-16,HELV,101.49,97149,CHF
2022-09-16,IBEX,15.91,122174,EUR
2022-09-16,JURA,4492.67,38885,CHF
2022-09-19,ALPN,84.46,204239,CHF
2022-09-19,BRGN,234.27,36771,CHF
2022-09-19,CRYS,14.98,187094,CHF
2022-09-19,DELT,59.33,101880,EUR
2022-09-19,EDLW,34.26,377801,CHF
2022-09-19,FJRD,32.68,210612,USD
2022-09-19,GLAC,32.31,164853,CHF
2022-09-19,HELV,102.07,234641,CHF
2022-09-19,IBEX,15.83,156143,EUR
2022-09-19,JURA,4513.27,141890,CHF
2022-09-20,ALPN,84.28,190875,CHF
2022-09-20,BRGN,237.66,131071,CHF
2022-09-20,CRYS,15.0,247174,CHF
2022-09-20,DELT,59.45,230739,EUR
2022-09-20,EDLW,34.09,158575,CHF
2022-09-20,FJRD,32.73,375863,USD
2022-09-20,GLAC,32.69,129584,CHF
2022-09-20,HELV,103.19,114416,CHF
2022-09-20,IBEX,15.51,106325,EUR
2022-09-20,JURA,4516.36,328403,CHF
2022-09-21,ALPN,84.46,398993,CHF
2022-09-21,BRGN,238.3,319115,CHF
2022-09-21,CRYS,14.85,265418,CHF
2022-09-21,DELT,59.03,26208,EUR
2022-09-21,EDLW,34.88,212041,CHF
2022-09-21,FJRD,32.32,372266,USD
2022-09-21,GLAC,32.19,109129,CHF
2022-09-21,HELV,106.57,292767,CHF
2022-09-21,IBEX,15.4,257196,EUR
2022-09-21,JURA,4473.13,212077,CHF
2022-09-22,ALPN,83.53,397440,CHF
2022-09-22,BRGN,234.95,129542,CHF
2022-09-22,CRYS,14.65,130128,CHF
2022-09-22,DELT,58.49,52828,EUR
2022-09-22,EDLW,34.35,239204,CHF
2022-09-22,FJRD,32.06,84295,USD
2022-09-22,GLAC,32.07,201537,CHF
2022-09-22,HELV,105.25,188060,CHF
2022-09-22,IBEX,15.17,287267,EUR
2022-09-22,JURA,4537.53,133403,CHF
2022-09-23,ALPN,82.59,399322,CHF
2022-09-23,BRGN,233.33,89585,CHF
2022-09-23,CRYS,14.76,126280,CHF
2022-09-23,DELT,59.13,51122,EUR
2022-09-23,EDLW,34.15,355076,CHF
2022-09-23,FJRD,31.14,119638,USD
2022-09-23,GLAC,32.01,28405,CHF
2022-09-23,HELV,107.59,198165,CHF
2022-09-23,IBEX,15.08,324349,EUR
2022-09-23,JURA,4395.54,83146,CHF
2022-09-26,ALPN,83.58,352976,CHF
2022-09-26,BRGN,235.37,318239,CHF
2022-09-26,CRYS,14.77,91711,CHF
2022-09-26,DELT,58.34,296838,EUR
2022-09-26,EDLW,34.36,241040,CHF
2022-09-26,FJRD,31.13,41374,USD
2022-09-26,GLAC,31.84,282700,CHF
2022-09-26,HELV,106.34,360032,CHF
2022-09-26,IBEX,15.09,210730,EUR
2022-09-26,JURA,4301.28,195269,CHF
2022-09-27,ALPN,85.04,44432,CHF
2022-09-27,BRGN,228.67,379479,CHF
2022-09-27,CRYS,14.65,82615,CHF
2022-09-27,DELT,57.78,289146,EUR
2022-09-27,FJRD,30.24,25822,USD
2022-09-27,GLAC,31.65,299154,CHF
2022-09-27,HELV,103.91,91946,CHF
2022-09-27,IBEX,14.77,219467,EUR
2022-09-27,JURA,4'173.60,85676,CHF
2022-09-28,ALPN,86.39,192538,CHF
2022-09-28,BRGN,231.35,138898,CHF
2022-09-28,CRYS,14.71,214956,CHF
2022-09-28,DELT,59.24,218819,EUR
2022-09-28,EDLW,33.52,263953,CHF
2022-09-28,FJRD,30.82,237114,USD
2022-09-28,GLAC,31.32,67540,CHF
2022-09-28,HELV,106.07,245565,CHF
2022-09-28,IBEX,14.97,88594,EUR
2022-09-28,JURA,4175.8,180969,CHF
2022-09-29,ALPN,88.3,64964,CHF
2022-09-29,BRGN,233.43,162127,CHF
2022-09-29,CRYS,15.25,185719,CHF
2022-09-29,DELT,59.51,137779,EUR
2022-09-29,EDLW,33.87,350426,CHF
2022-09-29,FJRD,31.06,129114,USD
2022-09-29,GLAC,31.95,332877,CHF
2022-09-29,HELV,105.18,148723,CHF
2022-09-29,IBEX,14.93,248729,EUR
2022-09-29,JURA,4174.27,359280,CHF
2022-09-30,ALPN,90.33,373229,CHF
2022-09-30,BRGN,234.47,129617,CHF
2022-09-30,CRYS,15.84,124759,CHF
2022-09-30,DELT,61.4,58370,EUR
2022-09-30,EDLW,34.74,48932,CHF
2022-09-30,FJRD,31.78,378390,USD
2022-09-30,GLAC,32.61,385578,CHF
2022-09-30,HELV,107.11,29129,CHF
2022-09-30,IBEX,15.08,122490,EUR
2022-09-30,JURA,4328.31,320906,CHF
2022-10-03,ALPN,88.36,140353,CHF
2022-10-03,BRGN,231.88,321014,CHF
2022-10-03,CRYS,15.26,286810,CHF
2022-10-03,DELT,59.99,131263,EUR
2022-10-03,EDLW,34.44,219220,CHF
2022-10-03,FJRD,31.36,282491,USD
2022-10-03,GLAC,31.76,139646,CHF
2022-10-03,HELV,104.16,372724,CHF
2022-10-03,IBEX,14.78,310786,EUR
2022-10-03,JURA,4294.21,154811,CHF
2022-10-04,ALPN,87.58,227949,CHF
2022-10-04,BRGN,229.73,395283,CHF
2022-10-04,CRYS,15.06,189532,CHF
2022-10-04,DELT,58.98,373126,EUR
2022-10-04,EDLW,34.14,320206,CHF
2022-10-04,FJRD,30.85,90702,USD
2022-10-04,GLAC,31.21,296644,CHF
2022-10-04,HELV,102.07,366624,CHF
2022-10-04,IBEX,14.58,138223,EUR
2022-10-04,JURA,4153.16,313301,CHF
2022-10-05,ALPN,83.39,155730,CHF
2022-10-05,BRGN,228.69,201685,CHF
2022-10-05,CRYS,14.51,35333,CHF
2022-10-05,DELT,57.26,140517,EUR
2022-10-05,EDLW,34.14,177819,CHF
2022-10-05,FJRD,31.43,117308,USD
2022-10-05,GLAC,30.63,226333,CHF
2022-10-05,HELV,100.78,211684,CHF
2022-10-05,IBEX,14.27,53615,EUR
2022-10-05,JURA,4129.11,184943,CHF
2022-10-06,ALPN,85.06,395352,CHF
2022-10-06,BRGN,232.43,238354,CHF
2022-10-06,CRYS,14.53,166023,CHF
2022-10-06,DELT,57.76,364068,EUR
2022-10-06,EDLW,34.83,54194,CHF
2022-10-06,FJRD,31.24,158768,USD
2022-10-06,GLAC,30.21,279190,CHF
2022-10-06,HELV,99.3,104945,CHF
2022-10-06,IBEX,14.17,335260,EUR
2022-10-06,JURA,4161.57,223364,CHF
2022-10-07,ALPN,86.0,20195,CHF
2022-10-07,BRGN,237.28,371544,CHF
2022-10-07,CRYS,14.57,110491,CHF
2022-10-07,DELT,56.43,45284,EUR
2022-10-07,EDLW,34.69,295190,CHF
2022-10-07,FJRD,31.65,358467,USD
2022-10-07,GLAC,30.69,273841,CHF
2022-10-07,HELV,100.74,330084,CHF
2022-10-07,IBEX,14.29,21787,EUR
2022-10-07,JURA,4153.54,235750,CHF
2022-10-10,ALPN,86.66,220846,CHF
2022-10-10,BRGN,235.38,261698,CHF
2022-10-10,CRYS,14.57,98285,CHF
2022-10-10,DELT,56.44,387190,EUR
2022-10-10,EDLW,35.03,290495,CHF
2022-10-10,FJRD,31.92,20761,USD
2022-10-10,GLAC,31.34,198025,CHF
2022-10-10,HELV,98.84,295585,CHF
2022-10-10,IBEX,14.46,287714,EUR
2022-10-10,JURA,4161.7,351531,CHF
2022-10-11,ALPN,87.1,344972,CHF
2022-10-11,BRGN,229.92,348052,CHF
2022-10-11,CRYS,14.47,219531,CHF
2022-10-11,DELT,56.93,26607,EUR
2022-10-11,EDLW,34.79,145342,CHF
2022-10-11,FJRD,31.7,202945,USD
2022-10-11,GLAC,31.41,167803,CHF
2022-10-11,HELV,99.46,140955,CHF
2022-10-11,IBEX,14.48,140995,EUR
2022-10-11,JURA,4149.12,216095,CHF
2022-10-12,ALPN,86.38,387156,CHF
2022-10-12,BRGN,231.02,242605,CHF
2022-10-12,CRYS,14.75,79000,CHF
2022-10-12,DELT,56.01,358175,EUR
2022-10-12,EDLW,35.07,196742,CHF
2022-10-12,FJRD,31.34,248435,USD
2022-10-12,GLAC,31.24,265671,CHF
2022-10-12,HELV,100.37,333892,CHF
2022-10-12,IBEX,14.66,181702,EUR
2022-10-12,JURA,4152.33,202583,CHF
2022-10-13,ALPN,86.24,155259,CHF
2022-10-13,BRGN,230.47,169670,CHF
2022-10-13,CRYS,14.56,159474,CHF
2022-10-13,DELT,55.81,326016,EUR
2022-10-13,EDLW,35.68,244970,CHF
2022-10-13,FJRD,31.67,33564,USD
2022-10-13,GLAC,30.79,307932,CHF
2022-10-13,HELV,100.32,62351,CHF
2022-10-13,IBEX,14.61,295794,EUR
2022-10-13,JURA,4116.23,85679,CHF
2022-10-14,ALPN,85.74,194359,CHF
2022-10-14,BRGN,228.32,359838,CHF
2022-10-14,CRYS,14.18,146976,CHF
2022-10-14,DELT,56.39,208933,EUR
2022-10-14,EDLW,35.5,356187,CHF
2022-10-14,FJRD,30.44,255275,USD
2022-10-14,GLAC,30.08,344142,CHF
2022-10-14,HELV,100.39,293038,CHF
2022-10-14,HELV,100.39,293038,CHF
2022-10-14,IBEX,14.54,266062,EUR
2022-10-14,JURA,4048.74,276064,CHF
2022-10-17,ALPN,84.26,241346,CHF
2022-10-17,BRGN,231.05,110363,CHF
2022-10-17,CRYS,14.3,383127,CHF
2022-10-17,DELT,55.85,33556,EUR
2022-10-17,EDLW,36.65,330243,CHF
2022-10-17,FJRD,30.01,160950,USD
2022-10-17,GLAC,31.01,114061,CHF
2022-10-17,HELV,99.51,92760,CHF
2022-10-17,IBEX,14.73,40317,EUR
2022-10-17,JURA,4046.36,135240,CHF
2022-10-18,ALPN,82.81,76121,CHF
2022-10-18,BRGN,230.74,98383,CHF
2022-10-18,CRYS,14.31,314316,CHF
2022-10-18,DELT,55.26,242818,EUR
2022-10-18,EDLW,36.49,321571,CHF
2022-10-18,FJRD,29.42,75391,USD
2022-10-18,GLAC,31.08,205153,CHF
2022-10-18,HELV,99.42,47029,CHF
2022-10-18,IBEX,14.77,399714,EUR
2022-10-18,JURA,4029.37,171453,CHF
2022-10-19,BRGN,233.81,187328,CHF
2022-10-19,CRYS,14.18,363168,CHF
2022-10-19,DELT,55.01,175153,EUR
2022-10-19,EDLW,35.83,45820,CHF
2022-10-19,FJRD,28.79,177023,USD
2022-10-19,GLAC,30.77,351572,CHF
2022-10-19,HELV,99.39,239445,CHF
2022-10-19,IBEX,14.84,57225,EUR
2022-10-19,JURA,3990.64,341236,CHF
2022-10-20,ALPN,82.09,62390,CHF
2022-10-20,BRGN,231.59,269721,CHF
2022-10-20,CRYS,14.22,317161,CHF
2022-10-20,DELT,52.9,104484,EUR
2022-10-20,EDLW,35.76,104920,CHF
2022-10-20,FJRD,28.35,123783,USD
2022-10-20,GLAC,29.94,392746,CHF
2022-10-20,HELV,96.24,124455,CHF
2022-10-20,IBEX,14.63,369354,EUR
2022-10-20,JURA,3916.85,180333,CHF
2022-10-21,ALPN,78.0,141472,CHF
2022-10-21,BRGN,230.72,100162,CHF
2022-10-21,CRYS,13.95,281429,CHF
2022-10-21,DELT,51.8,50350,EUR
2022-10-21,EDLW,35.37,208732,CHF
2022-10-21,FJRD,28.12,51549,USD
2022-10-21,GLAC,29.48,56615,CHF
2022-10-21,HELV,96.08,298153,CHF
2022-10-21,IBEX,14.6,282620,EUR
2022-10-21,JURA,3855.86,208623,CHF
2022-10-24,ALPN,77.09,184987,CHF
2022-10-24,BRGN,229.42,105631,CHF
2022-10-24,CRYS,13.71,179835,CHF
2022-10-24,DELT,50.45,32720,EUR
2022-10-24,EDLW,35.63,163537,CHF
2022-10-24,FJRD,27.3,231998,USD
2022-10-24,GLAC,29.11,350496,CHF
2022-10-24,HELV,96.46,186434,CHF
2022-10-24,IBEX,14.16,54222,EUR
2022-10-24,JURA,3916.64,237321,CHF
2022-10-25,ALPN,73.76,310813,CHF
2022-10-25,BRGN,224.22,193031,CHF
2022-10-25,CRYS,13.47,189861,CHF
2022-10-25,CRYS,13.47,189861,CHF
2022-10-25,DELT,48.58,193880,EUR
2022-10-25,EDLW,35.71,91154,CHF
2022-10-25,FJRD,26.89,77434,USD
2022-10-25,GLAC,28.1,156671,CHF
2022-10-25,HELV,94.69,274010,CHF
2022-10-25,IBEX,14.25,120594,EUR
2022-10-25,JURA,3'888.25,246277,CHF
2022-10-26,ALPN,74.09,98086,CHF
2022-10-26,BRGN,224.97,87334,CHF
2022-10-26,CRYS,13.74,331092,CHF
2022-10-26,DELT,49.34,60700,EUR
2022-10-26,EDLW,35.65,98411,CHF
2022-10-26,FJRD,27.14,202383,USD
2022-10-26,GLAC,27.92,145478,CHF
2022-10-26,HELV,96.31,47908,CHF
2022-10-26,IBEX,14.19,255800,EUR
2022-10-26,JURA,3893.3,87495,CHF
2022-10-27,ALPN,76.1,323072,CHF
2022-10-27,BRGN,226.04,343317,CHF
2022-10-27,DELT,49.78,160160,EUR
2022-10-27,EDLW,35.8,36839,CHF
2022-10-27,FJRD,28.2,303633,USD
2022-10-27,GLAC,28.7,97447,CHF
2022-10-27,HELV,97.3,123833,CHF
2022-10-27,IBEX,14.44,233118,EUR
2022-10-27,JURA,3956.35,250673,CHF
2022-10-28,ALPN,77.99,155741,CHF
2022-10-28,BRGN,226.94,168612,CHF
2022-10-28,CRYS,14.34,33378,CHF
2022-10-28,DELT,50.68,57786,EUR
2022-10-28,EDLW,36.01,130562,CHF
2022-10-28,FJRD,28.26,56342,USD
2022-10-28,GLAC,28.49,43209,CHF
2022-10-28,HELV,96.85,375043,CHF
2022-10-28,IBEX,14.36,128114,EUR
2022-10-28,JURA,4019.72,230038,CHF
2022-10-31,ALPN,77.13,353761,CHF
2022-10-31,BRGN,228.13,283237,CHF
2022-10-31,CRYS,14.19,86184,CHF
2022-10-31,DELT,50.6,61934,EUR
2022-10-31,EDLW,36.66,298654,CHF
2022-10-31,FJRD,28.31,304274,USD
2022-10-31,GLAC,27.94,210026,CHF
2022-10-31,HELV,97.24,304091,CHF
2022-10-31,IBEX,14.27,146717,EUR
2022-10-31,JURA,4004.1,120743,CHF
2022-11-01,ALPN,76.32,219903,CHF
2022-11-01,BRGN,229.8,74365,CHF
2022-11-01,CRYS,13.59,143919,CHF
2022-11-01,DELT,50.27,86194,EUR
2022-11-01,EDLW,36.47,342390,CHF
2022-11-01,FJRD,27.95,235473,USD
2022-11-01,GLAC,28.11,51608,CHF
2022-11-01,HELV,96.9,165599,CHF
2022-11-01,IBEX,14.18,214063,EUR
2022-11-01,JURA,3954.24,262189,CHF
2022-11-02,ALPN,75.39,352299,CHF
2022-11-02,BRGN,224.22,289128,CHF
2022-11-02,CRYS,13.27,372985,CHF
2022-11-02,DELT,49.12,142423,EUR
2022-11-02,EDLW,35.69,207772,CHF
2022-11-02,FJRD,27.09,162517,USD
2022-11-02,GLAC,27.82,209774,CHF
2022-11-02,HELV,96.55,34118,CHF
2022-11-02,IBEX,14.01,35929,EUR
2022-11-02,JURA,3944.42,242076,CHF
2022-11-03,ALPN,76.79,237093,CHF
2022-11-03,BRGN,228.06,213482,CHF
2022-11-03,CRYS,13.71,336024,CHF
2022-11-03,DELT,50.5,178043,EUR
2022-11-03,EDLW,35.96,175617,CHF
2022-11-03,FJRD,27.55,106643,USD
2022-11-03,GLAC,27.8,109607,CHF
2022-11-03,HELV,96.58,215182,CHF
2022-11-03,IBEX,14.32,278953,EUR
2022-11-03,JURA,3973.01,284488,CHF
2022-11-04,ALPN,77.42,139944,CHF
2022-11-04,BRGN,232.4,67080,CHF
2022-11-04,CRYS,14.0,376181,CHF
2022-11-04,DELT,51.25,374223,EUR
2022-11-04,EDLW,36.22,296909,CHF
2022-11-04,FJRD,28.15,384834,USD
2022-11-04,GLAC,28.03,218359,CHF
2022-11-04,HELV,99.47,63837,CHF
2022-11-04,IBEX,14.38,172302,EUR
2022-11-04,JURA,3972.34,66656,CHF
2022-11-07,ALPN,78.19,318874,CHF
2022-11-07,BRGN,235.61,74175,CHF
2022-11-07,CRYS,14.33,257221,CHF
2022-11-07,DELT,52.56,151806,EUR
2022-11-07,EDLW,36.83,221714,CHF
2022-11-07,FJRD,28.43,96268,USD
2022-11-07,GLAC,28.39,82639,CHF
2022-11-07,HELV,99.19,364974,CHF
2022-11-07,IBEX,14.43,251464,EUR
2022-11-07,JURA,4062.32,49892,CHF
2022-11-08,ALPN,78.11,295989,CHF
2022-11-08,BRGN,231.84,112882,CHF
2022-11-08,CRYS,13.84,350026,CHF
2022-11-08,DELT,52.54,372865,EUR
2022-11-08,EDLW,36.03,386315,CHF
2022-11-08,FJRD,27.77,326881,USD
2022-11-08,GLAC,28.04,113906,CHF
2022-11-08,HELV,100.45,30957,CHF
2022-11-08,IBEX,14.37,39190,EUR
2022-11-08,JURA,4044.4,332067,CHF
2022-11-09,ALPN,76.57,221383,CHF
2022-11-09,BRGN,224.34,62390,CHF
2022-11-09,CRYS,13.64,314346,CHF
2022-11-09,DELT,52.23,78860,EUR
2022-11-09,EDLW,36.45,31334,CHF
2022-11-09,FJRD,27.9,393702,USD
2022-11-09,GLAC,28.13,322470,CHF
2022-11-09,HELV,99.37,299428,CHF
2022-11-09,IBEX,14.43,107069,EUR
2022-11-09,JURA,4094.86,47669,CHF
2022-11-10,ALPN,78.0,315547,CHF
2022-11-10,BRGN,229.55,107714,CHF
2022-11-10,CRYS,13.65,98727,CHF
2022-11-10,DELT,53.14,159053,EUR
2022-11-10,EDLW,36.35,232309,CHF
2022-11-10,FJRD,28.57,250325,USD
2022-11-10,GLAC,29.01,132801,CHF
2022-11-10,HELV,100.2,230915,CHF
2022-11-10,IBEX,14.62,78939,EUR
2022-11-11,ALPN,78.35,234214,CHF
2022-11-11,BRGN,235.48,259805,CHF
2022-11-11,CRYS,13.86,47380,CHF
2022-11-11,DELT,53.75,85083,EUR
2022-11-11,EDLW,36.34,157727,CHF
2022-11-11,FJRD,29.12,157014,USD
2022-11-11,GLAC,28.71,147421,CHF
2022-11-11,HELV,100.0,256756,CHF
2022-11-11,IBEX,14.41,393521,EUR
2022-11-11,JURA,4032.51,288706,CHF
2022-11-14,ALPN,80.14,319934,CHF
2022-11-14,BRGN,236.1,176914,CHF
2022-11-14,CRYS,13.74,289232,CHF
2022-11-14,DELT,54.14,369315,EUR
2022-11-14,EDLW,36.22,264668,CHF
2022-11-14,FJRD,29.7,361011,USD
2022-11-14,GLAC,29.47,206818,CHF
2022-11-14,HELV,100.97,85879,CHF
2022-11-14,IBEX,14.53,399701,EUR
2022-11-14,JURA,4040.04,138199,CHF
2022-11-15,ALPN,77.51,195604,CHF
2022-11-15,BRGN,233.77,285273,CHF
2022-11-15,CRYS,13.52,283157,CHF
2022-11-15,DELT,52.35,323019,EUR
2022-11-15,EDLW,36.2,343222,CHF
2022-11-15,FJRD,28.78,365605,USD
2022-11-15,GLAC,28.23,162163,CHF
2022-11-15,HELV,99.12,61686,CHF
2022-11-15,IBEX,14.36,26323,EUR
2022-11-15,JURA,3967.09,358411,CHF
2022-11-16,ALPN,76.18,293854,CHF
2022-11-16,BRGN,235.72,236448,CHF
2022-11-16,CRYS,13.28,339688,CHF
2022-11-16,DELT,51.12,41555,EUR
2022-11-16,EDLW,36.07,145884,CHF
2022-11-16,FJRD,28.38,301157,USD
2022-11-16,GLAC,27.82,359529,CHF
2022-11-16,HELV,98.91,301090,CHF
2022-11-16,IBEX,14.34,339520,EUR
2022-11-16,JURA,3941.19,251569,CHF
2022-11-17,ALPN,76.45,214895,CHF
2022-11-17,BRGN,236.66,188381,CHF
2022-11-17,CRYS,13.51,131700,CHF
2022-11-17,DELT,51.94,157600,EUR
2022-11-17,EDLW,35.73,108600,CHF
2022-11-17,FJRD,28.88,127127,USD
2022-11-17,GLAC,28.36,344315,CHF
2022-11-17,HELV,98.46,386202,CHF
2022-11-17,IBEX,14.55,177944,EUR
2022-11-17,JURA,3952.29,376047,CHF
2022-11-18,ALPN,76.4,122939,CHF
2022-11-18,BRGN,236.01,128597,CHF
2022-11-18,CRYS,13.5,132543,CHF
2022-11-18,DELT,53.34,206515,EUR
2022-11-18,EDLW,35.31,122655,CHF
2022-11-18,FJRD,29.37,253636,USD
2022-11-18,GLAC,28.36,119097,CHF
2022-11-18,HELV,100.19,398023,CHF
2022-11-18,IBEX,14.53,345603,EUR
2022-11-18,JURA,3967.16,226131,CHF
2022-11-21,ALPN,78.25,212908,CHF
2022-11-21,BRGN,235.63,29810,CHF
2022-11-21,CRYS,13.68,33785,CHF
2022-11-21,DELT,54.35,361285,EUR
2022-11-21,EDLW,34.82,278736,CHF
2022-11-21,FJRD,29.65,392672,USD
2022-11-21,GLAC,28.91,310059,CHF
2022-11-21,HELV,101.6,289355,CHF
2022-11-21,IBEX,14.49,332489,EUR
2022-11-21,JURA,3991.95,105307,CHF
2022-11-22,ALPN,78.14,192808,CHF
2022-11-22,BRGN,235.54,135847,CHF
2022-11-22,CRYS,13.6,83187,CHF
2022-11-22,DELT,53.72,345260,EUR
2022-11-22,EDLW,34.67,153990,CHF
2022-11-22,FJRD,29.58,124449,USD
2022-11-22,GLAC,28.33,54839,CHF
2022-11-22,HELV,102.46,108570,CHF
2022-11-22,IBEX,14.66,46350,EUR
2022-11-22,JURA,4028.93,197041,CHF
2022-11-23,ALPN,77.5,94864,CHF
2022-11-23,BRGN,232.87,244703,CHF
2022-11-23,CRYS,13.64,117194,CHF
2022-11-23,DELT,55.11,387939,EUR
2022-11-23,EDLW,34.83,233329,CHF
2022-11-23,FJRD,29.57,260865,USD
2022-11-23,GLAC,28.7,137664,CHF
2022-11-23,HELV,101.54,167613,CHF
2022-11-23,IBEX,14.96,243801,EUR
2022-11-23,JURA,3'960.84,266638,CHF
2022-11-24,ALPN,76.65,43125,CHF
2022-11-24,BRGN,229.86,180164,CHF
2022-11-24,CRYS,13.81,166941,CHF
2022-11-24,DELT,55.19,229499,EUR
2022-11-24,EDLW,34.56,63448,CHF
2022-11-24,FJRD,29.3,358159,USD
2022-11-24,GLAC,28.33,143361,CHF
2022-11-24,HELV,101.02,140628,CHF
2022-11-24,IBEX,15.16,278447,EUR
2022-11-24,JURA,3935.17,188014,CHF
2022-11-25,ALPN,77.46,154985,CHF
2022-11-25,BRGN,235.24,362406,CHF
2022-11-25,CRYS,14.48,190898,CHF
2022-11-25,DELT,57.03,239576,EUR
2022-11-25,EDLW,34.69,162200,CHF
2022-11-25,FJRD,30.81,302855,USD
2022-11-25,GLAC,28.88,388310,CHF
2022-11-25,HELV,102.19,173664,CHF
2022-11-25,IBEX,15.44,335436,EUR
2022-11-25,JURA,4003.02,253094,CHF
2022-11-28,ALPN,75.95,133321,CHF
2022-11-28,BRGN,225.71,142121,CHF
2022-11-28,CRYS,14.14,161523,CHF
2022-11-28,DELT,55.58,272963,EUR
2022-11-28,EDLW,34.02,118046,CHF
2022-11-28,FJRD,30.06,114777,USD
2022-11-28,GLAC,27.67,285965,CHF
2022-11-28,HELV,101.64,364013,CHF
2022-11-28,IBEX,14.92,216349,EUR
2022-11-28,JURA,3907.66,237046,CHF
2022-11-29,ALPN,75.79,80509,CHF
2022-11-29,BRGN,228.28,264371,CHF
2022-11-29,CRYS,14.02,36481,CHF
2022-11-29,DELT,56.34,307636,EUR
2022-11-29,EDLW,34.32,154942,CHF
2022-11-29,FJRD,30.5,256590,USD
2022-11-29,GLAC,27.96,124094,CHF
2022-11-29,HELV,102.85,29267,CHF
2022-11-29,IBEX,15.36,190683,EUR
2022-11-29,JURA,3983.91,266851,CHF
2022-11-30,ALPN,76.4,387231,CHF
2022-11-30,BRGN,233.89,127516,CHF
2022-11-30,CRYS,13.93,284534,CHF
2022-11-30,CRYS,13.93,284534,CHF
2022-11-30,DELT,54.47,216151,EUR
2022-11-30,EDLW,33.26,40864,CHF
2022-11-30,FJRD,29.67,286889,USD
2022-11-30,HELV,101.19,55183,CHF
2022-11-30,IBEX,15.24,169219,EUR
2022-11-30,JURA,3972.32,331587,CHF
2022-12-01,ALPN,76.64,47423,CHF
2022-12-01,BRGN,226.51,395306,CHF
2022-12-01,CRYS,13.41,320133,CHF
2022-12-01,DELT,53.41,80816,EUR
2022-12-01,EDLW,33.41,112662,CHF
2022-12-01,FJRD,28.97,217813,USD
2022-12-01,GLAC,26.34,300175,CHF
2022-12-01,HELV,100.29,307783,CHF
2022-12-01,IBEX,15.16,179815,EUR
2022-12-01,JURA,3890.38,200453,CHF
2022-12-02,ALPN,77.35,213134,CHF
2022-12-02,BRGN,229.45,243334,CHF
2022-12-02,CRYS,13.6,277042,CHF
2022-12-02,DELT,53.76,337995,EUR
2022-12-02,EDLW,33.96,23294,CHF
2022-12-02,FJRD,29.54,370816,USD
2022-12-02,GLAC,26.18,272078,CHF
2022-12-02,HELV,101.76,156929,CHF
2022-12-02,IBEX,15.22,314526,EUR
2022-12-02,JURA,3956.65,399634,CHF
2022-12-05,ALPN,78.01,42382,CHF
2022-12-05,BRGN,230.1,201554,CHF
2022-12-05,CRYS,13.7,135064,CHF
2022-12-05,DELT,53.38,127010,EUR
2022-12-05,EDLW,34.28,181353,CHF
2022-12-05,FJRD,30.11,147798,USD
2022-12-05,GLAC,26.12,199301,CHF
2022-12-05,HELV,101.5,128720,CHF
2022-12-05,IBEX,15.44,76635,EUR
2022-12-05,JURA,3985.68,104806,CHF
2022-12-06,ALPN,78.74,30773,CHF
2022-12-06,BRGN,231.14,138016,CHF
2022-12-06,CRYS,13.59,386825,CHF
2022-12-06,DELT,54.1,60824,EUR
2022-12-06,EDLW,34.58,287686,CHF
2022-12-06,FJRD,29.97,201648,USD
2022-12-06,GLAC,26.33,376271,CHF
2022-12-06,HELV,100.72,244343,CHF
2022-12-06,IBEX,15.91,99422,EUR
2022-12-06,JURA,3960.48,364557,CHF
2022-12-07,ALPN,78.63,368491,CHF
2022-12-07,BRGN,233.83,396180,CHF
2022-12-07,CRYS,13.44,93073,CHF
2022-12-07,DELT,54.16,342198,EUR
2022-12-07,EDLW,34.37,259089,CHF
2022-12-07,FJRD,29.71,210754,USD
2022-12-07,GLAC,26.26,209535,CHF
2022-12-07,HELV,100.72,295118,CHF
2022-12-07,IBEX,15.84,385125,EUR
2022-12-07,JURA,3936.75,115965,CHF
2022-12-08,ALPN,79.24,133984,CHF
2022-12-08,BRGN,235.21,296315,CHF
2022-12-08,CRYS,13.75,208638,CHF
2022-12-08,DELT,54.77,355767,EUR
2022-12-08,EDLW,34.52,301585,CHF
2022-12-08,FJRD,29.28,278113,USD
2022-12-08,GLAC,26.01,36496,CHF
2022-12-08,HELV,101.37,209896,CHF
2022-12-08,IBEX,15.91,282702,EUR
2022-12-08,JURA,3962.1,399722,CHF
2022-12-09,ALPN,78.56,102438,CHF
2022-12-09,BRGN,239.27,196146,CHF
2022-12-09,CRYS,14.08,39598,CHF
2022-12-09,EDLW,35.25,59510,CHF
2022-12-09,FJRD,29.62,144226,USD
2022-12-09,GLAC,26.31,123936,CHF
2022-12-09,HELV,102.79,307446,CHF
2022-12-09,IBEX,15.91,40797,EUR
2022-12-09,JURA,4060.27,296084,CHF
2022-12-12,ALPN,78.75,112272,CHF
2022-12-12,BRGN,233.03,246005,CHF
2022-12-12,CRYS,14.29,271866,CHF
2022-12-12,CRYS,14.29,271866,CHF
2022-12-12,DELT,55.23,147332,EUR
2022-12-12,EDLW,35.33,323356,CHF
2022-12-12,FJRD,29.33,179912,USD
2022-12-12,GLAC,26.45,88811,CHF
2022-12-12,HELV,103.0,84867,CHF
2022-12-12,IBEX,15.72,200189,EUR
2022-12-12,JURA,4069.94,289647,CHF
2022-12-13,ALPN,79.32,199208,CHF
2022-12-13,BRGN,235.0,118847,CHF
2022-12-13,CRYS,14.3,44028,CHF
2022-12-13,DELT,55.44,159797,EUR
2022-12-13,EDLW,35.64,280562,CHF
2022-12-13,FJRD,28.61,149274,USD
2022-12-13,GLAC,26.23,38397,CHF
2022-12-13,HELV,101.43,303874,CHF
2022-12-13,IBEX,15.72,118238,EUR
2022-12-13,JURA,4144.5,365380,CHF
2022-12-14,ALPN,77.97,155934,CHF
2022-12-14,BRGN,233.97,230874,CHF
2022-12-14,CRYS,14.04,107051,CHF
2022-12-14,DELT,55.25,328702,EUR
2022-12-14,EDLW,35.61,151897,CHF
2022-12-14,FJRD,27.92,294152,USD
2022-12-14,GLAC,26.16,199592,CHF
2022-12-14,HELV,101.61,393043,CHF
2022-12-14,IBEX,15.72,223798,EUR
2022-12-14,JURA,4171.7,294095,CHF
2022-12-15,ALPN,78.64,43152,CHF
2022-12-15,BRGN,231.65,241910,CHF
2022-12-15,CRYS,14.3,194052,CHF
2022-12-15,DELT,56.52,251905,EUR
2022-12-15,EDLW,36.68,265756,CHF
2022-12-15,FJRD,27.98,64186,USD
2022-12-15,GLAC,26.67,327617,CHF
2022-12-15,HELV,100.17,132113,CHF
2022-12-15,IBEX,15.85,377723,EUR
2022-12-15,JURA,4140.52,286300,CHF
2022-12-16,ALPN,76.42,272178,CHF
2022-12-16,BRGN,228.83,366328,CHF
2022-12-16,CRYS,13.75,170953,CHF
2022-12-16,DELT,54.48,311741,EUR
2022-12-16,EDLW,36.08,62596,CHF
2022-12-16,FJRD,28.06,303133,USD
2022-12-16,GLAC,25.87,271853,CHF
2022-12-16,HELV,99.23,204487,CHF
2022-12-16,IBEX,15.71,306715,EUR
2022-12-16,JURA,4042.49,312588,CHF
2022-12-19,ALPN,74.17,217594,CHF
2022-12-19,BRGN,224.24,52134,CHF
2022-12-19,CRYS,13.45,34823,CHF
2022-12-19,DELT,53.35,236223,EUR
2022-12-19,EDLW,35.85,309194,CHF
2022-12-19,FJRD,27.68,340245,USD
2022-12-19,HELV,98.28,77397,CHF
2022-12-19,IBEX,15.39,369762,EUR
2022-12-19,JURA,4012.48,195019,CHF
2022-12-20,ALPN,73.15,54769,CHF
2022-12-20,BRGN,229.64,294267,CHF
2022-12-20,CRYS,13.34,189131,CHF
2022-12-20,DELT,53.33,310019,EUR
2022-12-20,EDLW,36.31,340633,CHF
2022-12-20,FJRD,28.09,84857,USD
2022-12-20,GLAC,25.22,331835,CHF
2022-12-20,HELV,100.58,22620,CHF
2022-12-20,IBEX,15.7,72631,EUR
2022-12-20,JURA,3951.05,48187,CHF
2022-12-21,ALPN,73.43,43987,CHF
2022-12-21,BRGN,229.37,353849,CHF
2022-12-21,CRYS,13.19,152058,CHF
2022-12-21,EDLW,35.74,139673,CHF
2022-12-21,FJRD,28.11,195730,USD
2022-12-21,GLAC,25.46,347247,CHF
2022-12-21,HELV,,68389,CHF
2022-12-21,IBEX,15.38,194288,EUR
2022-12-21,JURA,3'973.64,263987,CHF
2022-12-22,ALPN,71.63,145183,CHF
2022-12-22,BRGN,226.64,255324,CHF
2022-12-22,CRYS,13.0,229462,CHF
2022-12-22,DELT,51.33,110697,EUR
2022-12-22,EDLW,35.25,227053,CHF
2022-12-22,FJRD,27.6,274340,USD
2022-12-22,GLAC,24.44,115769,CHF
2022-12-22,HELV,98.8,38439,CHF
2022-12-22,IBEX,15.07,206583,EUR
2022-12-22,JURA,3918.84,273542,CHF
2022-12-23,ALPN,73.62,158096,CHF
2022-12-23,BRGN,227.31,367687,CHF
2022-12-23,CRYS,13.09,24200,CHF
2022-12-23,DELT,51.93,144264,EUR
2022-12-23,EDLW,36.43,205900,CHF
2022-12-23,FJRD,28.33,149767,USD
2022-12-23,GLAC,24.73,374966,CHF
2022-12-23,HELV,99.45,267368,CHF
2022-12-23,IBEX,15.27,251249,EUR
2022-12-23,JURA,4026.34,159934,CHF
2022-12-26,ALPN,74.47,372865,CHF
2022-12-26,BRGN,229.69,63053,CHF
2022-12-26,CRYS,13.09,32608,CHF
2022-12-26,DELT,52.49,325851,EUR
2022-12-26,EDLW,36.13,116029,CHF
2022-12-26,FJRD,28.25,188986,USD
2022-12-26,GLAC,24.54,84260,CHF
2022-12-26,HELV,100.33,311373,CHF
2022-12-26,IBEX,15.17,86750,EUR
2022-12-26,JURA,4121.16,231084,CHF
2022-12-27,ALPN,73.68,278580,CHF
2022-12-27,BRGN,233.2,295371,CHF
2022-12-27,CRYS,13.02,45359,CHF
2022-12-27,DELT,52.93,75626,EUR
2022-12-27,EDLW,36.52,242808,CHF
2022-12-27,FJRD,28.19,307180,USD
2022-12-27,GLAC,24.7,124983,CHF
2022-12-27,HELV,100.01,28352,CHF
2022-12-27,IBEX,15.31,333677,EUR
2022-12-27,JURA,4183.56,131762,CHF
2022-12-28,ALPN,73.79,133416,CHF
2022-12-28,BRGN,234.58,274099,CHF
2022-12-28,CRYS,12.95,144362,CHF
2022-12-28,DELT,52.59,48503,EUR
2022-12-28,EDLW,37.2,364368,CHF
2022-12-28,FJRD,28.26,190612,USD
2022-12-28,GLAC,24.32,341940,CHF
2022-12-28,HELV,102.21,374857,CHF
2022-12-28,IBEX,15.2,156735,EUR
2022-12-28,JURA,4151.14,182161,CHF
2022-12-29,ALPN,72.75,195847,CHF
2022-12-29,BRGN,231.87,385324,CHF
2022-12-29,CRYS,12.65,328291,CHF
2022-12-29,DELT,52.04,61122,EUR
2022-12-29,EDLW,37.07,193261,CHF
2022-12-29,FJRD,28.67,100207,USD
2022-12-29,GLAC,24.12,263513,CHF
2022-12-29,HELV,101.42,76286,CHF
2022-12-29,IBEX,15.23,136157,EUR
2022-12-29,JURA,4174.53,151899,CHF
2022-12-30,ALPN,72.85,290912,CHF
2022-12-30,BRGN,237.02,372249,CHF
2022-12-30,CRYS,12.63,131943,CHF
2022-12-30,DELT,52.99,291340,EUR
2022-12-30,EDLW,37.12,199876,CHF
2022-12-30,FJRD,28.97,388712,USD
2022-12-30,GLAC,24.3,105671,CHF
2022-12-30,HELV,102.61,178159,CHF
2022-12-30,IBEX,15.25,25594,EUR
2022-12-30,JURA,4207.18,112941,CHF
2023-01-02,ALPN,74.44,76521,CHF
2023-01-02,BRGN,241.03,261589,CHF
2023-01-02,CRYS,12.42,48646,CHF
2023-01-02,DELT,52.31,365729,EUR
2023-01-02,EDLW,37.52,216936,CHF
2023-01-02,FJRD,29.02,212059,USD
2023-01-02,GLAC,24.03,135366,CHF
2023-01-02,HELV,103.27,206639,CHF
2023-01-02,IBEX,15.23,398420,EUR
2023-01-02,JURA,4130.75,27252,CHF
2023-01-03,ALPN,73.94,72814,CHF
2023-01-03,BRGN,239.67,287718,CHF
2023-01-03,CRYS,12.13,206436,CHF
2023-01-03,EDLW,37.99,188882,CHF
2023-01-03,FJRD,29.17,329620,USD
2023-01-03,GLAC,24.16,125882,CHF
2023-01-03,HELV,103.51,187888,CHF
2023-01-03,IBEX,15.47,58048,EUR
2023-01-03,JURA,4218.1,279164,CHF
2023-01-04,ALPN,73.95,387879,CHF
2023-01-04,BRGN,244.6,93251,CHF
2023-01-04,CRYS,12.55,399655,CHF
2023-01-04,DELT,53.27,172083,EUR
2023-01-04,EDLW,37.88,80588,CHF
2023-01-04,FJRD,29.24,335006,USD
2023-01-04,GLAC,24.74,225446,CHF
2023-01-04,HELV,103.95,202031,CHF
2023-01-04,IBEX,15.73,154808,EUR
2023-01-04,JURA,4285.5,20989,CHF
2023-01-05,ALPN,72.53,90692,CHF
2023-01-05,BRGN,235.72,91586,CHF
2023-01-05,CRYS,12.09,55040,CHF
2023-01-05,DELT,51.36,101267,EUR
2023-01-05,EDLW,38.07,145478,CHF
2023-01-05,FJRD,28.82,281058,USD
2023-01-05,GLAC,24.22,199007,CHF
2023-01-05,HELV,102.93,194835,CHF
2023-01-05,IBEX,15.45,225751,EUR
2023-01-05,JURA,4285.59,30486,CHF
2023-01-06,ALPN,72.94,88737,CHF
2023-01-06,BRGN,236.03,336425,CHF
2023-01-06,CRYS,11.92,89325,CHF
2023-01-06,DELT,50.39,165872,EUR
2023-01-06,EDLW,38.49,261536,CHF
2023-01-06,FJRD,28.86,281505,USD
2023-01-06,GLAC,23.97,117336,CHF
2023-01-06,HELV,101.79,183166,CHF
2023-01-06,IBEX,15.64,223680,EUR
2023-01-06,JURA,4224.2,281089,CHF
2023-01-09,ALPN,71.7,328825,CHF
2023-01-09,BRGN,237.89,156087,CHF
2023-01-09,CRYS,11.87,316190,CHF
2023-01-09,DELT,50.37,60905,EUR
2023-01-09,EDLW,38.93,223619,CHF
2023-01-09,FJRD,29.03,304255,USD
2023-01-09,GLAC,23.85,39903,CHF
2023-01-09,HELV,102.11,85374,CHF
2023-01-09,IBEX,15.74,223900,EUR
2023-01-09,JURA,4204.84,88297,CHF
2023-01-10,BRGN,232.54,242383,CHF
2023-01-10,CRYS,11.42,311389,CHF
2023-01-10,DELT,51.06,272757,EUR
2023-01-10,EDLW,38.86,135722,CHF
2023-01-10,FJRD,28.06,120722,USD
2023-01-10,GLAC,22.93,361407,CHF
2023-01-10,HELV,100.1,121798,CHF
2023-01-10,IBEX,15.69,142076,EUR
2023-01-10,JURA,4168.34,395306,CHF
2023-01-11,ALPN,71.41,374314,CHF
2023-01-11,BRGN,233.73,383812,CHF
2023-01-11,CRYS,11.51,221143,CHF
2023-01-11,DELT,51.05,233582,EUR
2023-01-11,EDLW,38.69,304546,CHF
2023-01-11,FJRD,28.78,213584,USD
2023-01-11,GLAC,23.1,265583,CHF
2023-01-11,HELV,100.58,117180,CHF
2023-01-11,IBEX,16.05,314254,EUR
2023-01-11,JURA,4291.87,26732,CHF
2023-01-12,ALPN,72.0,248741,CHF
2023-01-12,BRGN,233.67,352786,CHF
2023-01-12,CRYS,11.68,42230,CHF
2023-01-12,DELT,51.52,254152,EUR
2023-01-12,EDLW,38.44,110031,CHF
2023-01-12,FJRD,28.42,239399,USD
2023-01-12,GLAC,23.99,363628,CHF
2023-01-12,HELV,102.88,386774,CHF
2023-01-12,IBEX,15.94,204163,EUR
2023-01-12,JURA,4371.95,96325,CHF
2023-01-13,ALPN,72.12,122548,CHF
2023-01-13,BRGN,228.97,138866,CHF
2023-01-13,CRYS,11.76,163531,CHF
2023-01-13,DELT,52.45,343028,EUR
2023-01-13,EDLW,38.77,322051,CHF
2023-01-13,FJRD,27.92,282096,USD
2023-01-13,GLAC,23.89,86124,CHF
2023-01-13,HELV,104.8,196106,CHF
2023-01-13,IBEX,15.65,271413,EUR
2023-01-13,JURA,4367.13,39160,CHF
2023-01-16,ALPN,72.03,279759,CHF
2023-01-16,BRGN,228.58,172168,CHF
2023-01-16,CRYS,11.84,352118,CHF
2023-01-16,DELT,51.7,108382,EUR
2023-01-16,EDLW,38.42,116561,CHF
2023-01-16,FJRD,27.36,204737,USD
2023-01-16,GLAC,23.86,31173,CHF
2023-01-16,IBEX,15.28,143596,EUR
2023-01-16,JURA,4302.37,243799,CHF
2023-01-17,ALPN,72.62,53800,CHF
2023-01-17,BRGN,230.66,53225,CHF
2023-01-17,CRYS,12.14,380121,CHF
2023-01-17,DELT,51.96,107965,EUR
2023-01-17,EDLW,38.64,74922,CHF
2023-01-17,FJRD,27.51,354506,USD
2023-01-17,GLAC,23.97,96756,CHF
2023-01-17,HELV,105.38,172348,CHF
2023-01-17,IBEX,15.75,259757,EUR
2023-01-17,JURA,4306.79,154650,CHF
2023-01-18,ALPN,72.39,241550,CHF
2023-01-18,BRGN,230.88,211305,CHF
2023-01-18,CRYS,12.16,63544,CHF
2023-01-18,DELT,53.91,398180,EUR
2023-01-18,EDLW,39.02,74924,CHF
2023-01-18,FJRD,27.61,43224,USD
2023-01-18,GLAC,23.66,36585,CHF
2023-01-18,HELV,105.5,267611,CHF
2023-01-18,IBEX,16.01,32339,EUR
2023-01-18,JURA,4'322.87,229484,CHF
2023-01-19,ALPN,73.64,338139,CHF
2023-01-19,BRGN,232.04,224065,CHF
2023-01-19,CRYS,12.48,236275,CHF
2023-01-19,DELT,53.76,308501,EUR
2023-01-19,EDLW,38.76,117006,CHF
2023-01-19,FJRD,28.11,54989,USD
2023-01-19,GLAC,24.31,189211,CHF
2023-01-19,HELV,105.23,324803,CHF
2023-01-19,IBEX,16.26,365924,EUR
2023-01-19,JURA,4265.71,331448,CHF
2023-01-20,ALPN,72.46,189710,CHF
2023-01-20,BRGN,227.7,123913,CHF
2023-01-20,CRYS,12.25,43115,CHF
2023-01-20,DELT,52.71,218083,EUR
2023-01-20,EDLW,39.41,397325,CHF
2023-01-20,FJRD,27.74,23682,USD
2023-01-20,GLAC,24.05,118251,CHF
2023-01-20,HELV,105.75,309399,CHF
2023-01-20,IBEX,15.72,196342,EUR
2023-01-20,JURA,4328.0,23595,CHF
2023-01-23,ALPN,73.62,174473,CHF
2023-01-23,BRGN,228.22,271877,CHF
2023-01-23,CRYS,12.25,188338,CHF
2023-01-23,DELT,53.52,249489,EUR
2023-01-23,EDLW,39.47,144065,CHF
2023-01-23,FJRD,27.25,147531,USD
2023-01-23,GLAC,24.24,307356,CHF
2023-01-23,HELV,106.04,276390,CHF
2023-01-23,IBEX,15.4,228571,EUR
2023-01-23,JURA,4353.25,222978,CHF
2023-01-24,ALPN,73.02,175678,CHF
2023-01-24,BRGN,226.66,388333,CHF
2023-01-24,CRYS,11.83,101438,CHF
2023-01-24,DELT,53.02,238685,EUR
2023-01-24,EDLW,39.66,207985,CHF
2023-01-24,FJRD,26.84,396347,USD
2023-01-24,GLAC,23.5,229972,CHF
2023-01-24,HELV,104.72,94645,CHF
2023-01-24,IBEX,14.93,232621,EUR
2023-01-24,JURA,4251.51,96048,CHF
2023-01-25,ALPN,71.56,393420,CHF
2023-01-25,BRGN,226.5,142869,CHF
2023-01-25,CRYS,11.76,242468,CHF
2023-01-25,DELT,53.65,52203,EUR
2023-01-25,EDLW,40.36,306571,CHF
2023-01-25,FJRD,27.27,101931,USD
2023-01-25,GLAC,23.83,182438,CHF
2023-01-25,HELV,104.7,316442,CHF
2023-01-25,IBEX,15.0,328983,EUR
2023-01-25,JURA,4285.86,297410,CHF
2023-01-26,ALPN,72.98,180457,CHF
2023-01-26,BRGN,228.98,201584,CHF
2023-01-26,CRYS,11.67,153677,CHF
2023-01-26,DELT,53.34,52774,EUR
2023-01-26,EDLW,40.41,110501,CHF
2023-01-26,FJRD,26.74,144554,USD
2023-01-26,GLAC,23.89,243605,CHF
2023-01-26,HELV,104.15,190907,CHF
2023-01-26,IBEX,15.2,128810,EUR
2023-01-27,ALPN,72.5,288200,CHF
2023-01-27,BRGN,226.77,304362,CHF
2023-01-27,CRYS,11.66,66983,CHF
2023-01-27,DELT,54.5,331974,EUR
2023-01-27,EDLW,40.94,86385,CHF
2023-01-27,FJRD,27.16,389771,USD
2023-01-27,GLAC,23.84,109447,CHF
2023-01-27,HELV,104.92,149766,CHF
2023-01-27,IBEX,15.1,261781,EUR
2023-01-27,JURA,4165.46,262154,CHF
2023-01-30,ALPN,71.52,104961,CHF
2023-01-30,BRGN,226.42,144836,CHF
2023-01-30,CRYS,11.37,137054,CHF
2023-01-30,DELT,54.54,249384,EUR
2023-01-30,EDLW,40.51,259681,CHF
2023-01-30,FJRD,26.46,273530,USD
2023-01-30,GLAC,24.13,212514,CHF
2023-01-30,HELV,104.46,41939,CHF
2023-01-30,IBEX,15.07,128424,EUR
2023-01-30,JURA,4118.75,271704,CHF
2023-01-31,ALPN,72.46,347637,CHF
2023-01-31,BRGN,227.15,334510,CHF
2023-01-31,CRYS,11.04,351402,CHF
2023-01-31,DELT,53.85,107980,EUR
2023-01-31,EDLW,41.13,242856,CHF
2023-01-31,FJRD,26.4,235293,USD
2023-01-31,GLAC,23.69,140028,CHF
2023-01-31,HELV,101.79,55751,CHF
2023-01-31,IBEX,15.22,95024,EUR
2023-01-31,JURA,4075.47,118875,CHF
2023-02-01,ALPN,72.07,93777,CHF
2023-02-01,BRGN,232.81,42632,CHF
2023-02-01,CRYS,10.99,209018,CHF
2023-02-01,DELT,54.65,321307,EUR
2023-02-01,EDLW,40.32,58981,CHF
2023-02-01,FJRD,26.7,131768,USD
2023-02-01,GLAC,23.87,188635,CHF
2023-02-01,HELV,104.3,188404,CHF
2023-02-01,IBEX,15.25,67387,EUR
2023-02-01,JURA,4055.53,61648,CHF
2023-02-02,ALPN,73.23,250833,CHF
2023-02-02,BRGN,239.26,330337,CHF
2023-02-02,CRYS,11.08,292856,CHF
2023-02-02,DELT,55.27,235623,EUR
2023-02-02,EDLW,40.45,257603,CHF
2023-02-02,FJRD,27.4,259839,USD
2023-02-02,GLAC,24.52,86409,CHF
2023-02-02,HELV,105.47,297353,CHF
2023-02-02,IBEX,15.69,302119,EUR
2023-02-02,JURA,4054.12,261257,CHF
2023-02-03,ALPN,73.62,153152,CHF
2023-02-03,BRGN,242.16,254446,CHF
2023-02-03,CRYS,11.35,233843,CHF
2023-02-03,DELT,56.8,335409,EUR
2023-02-03,EDLW,40.43,382552,CHF
2023-02-03,FJRD,28.1,91140,USD
2023-02-03,GLAC,24.98,390316,CHF
2023-02-03,HELV,105.93,100691,CHF
2023-02-03,IBEX,15.93,255252,EUR
2023-02-03,JURA,3968.01,22869,CHF
2023-02-06,ALPN,73.58,238404,CHF
2023-02-06,BRGN,242.61,42628,CHF
2023-02-06,CRYS,11.22,182380,CHF
2023-02-06,DELT,57.39,94500,EUR
2023-02-06,EDLW,41.32,208856,CHF
2023-02-06,FJRD,27.48,158636,USD
2023-02-06,GLAC,24.6,72176,CHF
2023-02-06,HELV,104.95,300933,CHF
2023-02-06,IBEX,15.41,143078,EUR
2023-02-06,JURA,3938.35,245014,CHF
2023-02-07,ALPN,71.89,67951,CHF
2023-02-07,BRGN,245.84,137989,CHF
2023-02-07,CRYS,10.99,332609,CHF
2023-02-07,EDLW,41.33,339278,CHF
2023-02-07,FJRD,27.29,151424,USD
2023-02-07,GLAC,23.75,165571,CHF
2023-02-07,HELV,104.65,71040,CHF
2023-02-07,IBEX,15.44,224881,EUR
2023-02-07,JURA,3919.54,216538,CHF
2023-02-08,ALPN,73.48,127762,CHF
2023-02-08,BRGN,245.06,220173,CHF
2023-02-08,CRYS,11.38,185558,CHF
2023-02-08,DELT,58.46,183460,EUR
2023-02-08,EDLW,41.94,44567,CHF
2023-02-08,FJRD,27.77,298837,USD
2023-02-08,GLAC,24.48,286148,CHF
2023-02-08,HELV,107.41,57998,CHF
2023-02-08,IBEX,15.53,359435,EUR
2023-02-08,JURA,3987.81,337153,CHF
2023-02-09,ALPN,74.42,73641,CHF
2023-02-09,BRGN,242.73,353430,CHF
2023-02-09,CRYS,11.56,137726,CHF
2023-02-09,DELT,58.45,23593,EUR
2023-02-09,EDLW,41.99,292465,CHF
2023-02-09,FJRD,27.28,239606,USD
2023-02-09,GLAC,24.33,305537,CHF
2023-02-09,HELV,107.53,250278,CHF
2023-02-09,IBEX,15.37,127632,EUR
2023-02-09,JURA,4041.19,82127,CHF
2023-02-10,ALPN,74.93,237423,CHF
2023-02-10,BRGN,241.89,96654,CHF
2023-02-10,CRYS,11.72,319629,CHF
2023-02-10,DELT,57.77,374392,EUR
2023-02-10,EDLW,42.44,374050,CHF
2023-02-10,FJRD,27.54,220673,USD
2023-02-10,GLAC,24.18,145131,CHF
2023-02-10,HELV,107.66,25218,CHF
2023-02-10,IBEX,15.96,329578,EUR
2023-02-10,JURA,4090.18,71478,CHF
2023-02-13,ALPN,75.16,256064,CHF
2023-02-13,BRGN,240.06,93522,CHF
2023-02-13,CRYS,11.35,334101,CHF
2023-02-13,DELT,55.67,323784,EUR
2023-02-13,EDLW,41.91,152380,CHF
2023-02-13,FJRD,27.71,66747,USD
2023-02-13,GLAC,23.68,249832,CHF
2023-02-13,HELV,106.34,364252,CHF
2023-02-13,IBEX,15.91,363256,EUR
2023-02-13,JURA,4154.26,97784,CHF
2023-02-14,ALPN,74.95,30664,CHF
2023-02-14,BRGN,237.86,388079,CHF
2023-02-14,CRYS,11.57,302952,CHF
2023-02-14,DELT,55.87,127725,EUR
2023-02-14,EDLW,41.99,197607,CHF
2023-02-14,FJRD,27.97,92303,USD
2023-02-14,GLAC,23.84,114860,CHF
2023-02-14,HELV,107.32,246636,CHF
2023-02-14,IBEX,15.67,138190,EUR
2023-02-14,JURA,4167.73,240090,CHF
2023-02-15,ALPN,74.47,121234,CHF
2023-02-15,BRGN,234.66,188656,CHF
2023-02-15,CRYS,11.49,354881,CHF
2023-02-15,DELT,55.71,22498,EUR
2023-02-15,EDLW,41.24,188778,CHF
2023-02-15,FJRD,27.03,22543,USD
2023-02-15,GLAC,24.1,244457,CHF
2023-02-15,HELV,109.22,126117,CHF
2023-02-15,IBEX,15.46,255720,EUR
2023-02-15,JURA,4268.73,132926,CHF
2023-02-16,ALPN,74.82,202506,CHF
2023-02-16,BRGN,235.34,198537,CHF
2023-02-16,CRYS,11.46,268186,CHF
2023-02-16,DELT,55.84,326261,EUR
2023-02-16,EDLW,41.16,385474,CHF
2023-02-16,FJRD,26.59,196039,USD
2023-02-16,HELV,109.9,117934,CHF
2023-02-16,IBEX,15.53,346194,EUR
2023-02-16,JURA,4'290.03,175781,CHF
2023-02-17,ALPN,73.74,229097,CHF
2023-02-17,BRGN,233.28,182730,CHF
2023-02-17,CRYS,11.27,365525,CHF
2023-02-17,EDLW,41.22,179194,CHF
2023-02-17,FJRD,26.62,352530,USD
2023-02-17,GLAC,24.58,300617,CHF
2023-02-17,HELV,110.46,260983,CHF
2023-02-17,IBEX,15.4,189760,EUR
2023-02-17,JURA,4338.85,302538,CHF
2023-02-20,ALPN,75.7,341245,CHF
2023-02-20,BRGN,234.32,305940,CHF
2023-02-20,DELT,55.87,332975,EUR
2023-02-20,EDLW,42.71,296414,CHF
2023-02-20,FJRD,27.44,60251,USD
2023-02-20,GLAC,25.01,150254,CHF
2023-02-20,HELV,113.56,121835,CHF
2023-02-20,IBEX,15.64,277331,EUR
2023-02-20,JURA,4450.62,219271,CHF
2023-02-21,ALPN,75.84,186518,CHF
2023-02-21,BRGN,237.77,220324,CHF
2023-02-21,CRYS,11.7,60486,CHF
2023-02-21,DELT,57.39,163393,EUR
2023-02-21,EDLW,43.83,349500,CHF
2023-02-21,FJRD,27.82,237503,USD
2023-02-21,HELV,115.44,266823,CHF
2023-02-21,IBEX,15.73,242832,EUR
2023-02-21,JURA,4544.73,360201,CHF
2023-02-22,ALPN,74.83,311675,CHF
2023-02-22,BRGN,235.17,134464,CHF
2023-02-22,CRYS,11.43,237258,CHF
2023-02-22,DELT,56.09,181284,EUR
2023-02-22,EDLW,43.85,248726,CHF
2023-02-22,FJRD,27.03,202933,USD
2023-02-22,GLAC,24.65,261550,CHF
2023-02-22,HELV,111.62,113665,CHF
2023-02-22,IBEX,15.17,391474,EUR
2023-02-22,JURA,4588.92,141736,CHF
2023-02-23,ALPN,76.24,198529,CHF
2023-02-23,BRGN,238.78,104034,CHF
2023-02-23,CRYS,11.45,196334,CHF
2023-02-23,DELT,57.83,284644,EUR
2023-02-23,EDLW,44.84,144764,CHF
2023-02-23,FJRD,27.22,78635,USD
2023-02-23,GLAC,25.49,139415,CHF
2023-02-23,HELV,113.63,369161,CHF
2023-02-23,JURA,4580.81,163098,CHF
2023-02-24,ALPN,75.68,122386,CHF
2023-02-24,BRGN,234.26,121883,CHF
2023-02-24,CRYS,11.14,326883,CHF
2023-02-24,DELT,58.07,227261,EUR
2023-02-24,EDLW,44.02,43852,CHF
2023-02-24,FJRD,26.67,388841,USD
2023-02-24,GLAC,24.85,382831,CHF
2023-02-24,HELV,108.28,314422,CHF
2023-02-24,JURA,4599.22,165711,CHF
2023-02-27,ALPN,75.43,370305,CHF
2023-02-27,BRGN,236.58,59356,CHF
2023-02-27,CRYS,11.11,177798,CHF
2023-02-27,DELT,58.04,191898,EUR
2023-02-27,EDLW,43.54,348945,CHF
2023-02-27,FJRD,26.9,254446,USD
2023-02-27,GLAC,24.65,318272,CHF
2023-02-27,HELV,107.79,134706,CHF
2023-02-27,IBEX,14.86,270765,EUR
2023-02-27,JURA,4633.08,275253,CHF
2023-02-28,ALPN,75.58,255511,CHF
2023-02-28,BRGN,236.36,74384,CHF
2023-02-28,CRYS,10.92,61012,CHF
2023-02-28,DELT,58.06,252937,EUR
2023-02-28,EDLW,43.75,54076,CHF
2023-02-28,FJRD,26.62,232562,USD
2023-02-28,GLAC,24.62,256963,CHF
2023-02-28,HELV,105.21,254714,CHF
2023-02-28,IBEX,14.81,142181,EUR
2023-02-28,JURA,4605.9,344179,CHF
2023-03-01,ALPN,75.78,86953,CHF
2023-03-01,BRGN,241.29,53040,CHF
2023-03-01,CRYS,10.86,305982,CHF
2023-03-01,DELT,57.54,372525,EUR
2023-03-01,EDLW,45.23,48078,CHF
2023-03-01,FJRD,26.55,324007,USD
2023-03-01,GLAC,24.94,276463,CHF
2023-03-01,HELV,107.7,67641,CHF
2023-03-01,IBEX,14.7,207134,EUR
2023-03-01,JURA,4570.61,41525,CHF
2023-03-02,ALPN,77.19,62377,CHF
2023-03-02,BRGN,246.06,178189,CHF
2023-03-02,CRYS,11.07,234858,CHF
2023-03-02,DELT,57.75,252274,EUR
2023-03-02,EDLW,45.02,263812,CHF
2023-03-02,FJRD,27.14,392176,USD
2023-03-02,GLAC,25.47,230823,CHF
2023-03-02,HELV,107.34,337118,CHF
2023-03-02,IBEX,15.1,117596,EUR
2023-03-02,JURA,4592.6,290241,CHF
2023-03-03,ALPN,77.1,161174,CHF
2023-03-03,BRGN,247.6,144669,CHF
2023-03-03,CRYS,11.31,142549,CHF
2023-03-03,DELT,57.17,159186,EUR
2023-03-03,EDLW,45.12,62023,CHF
2023-03-03,FJRD,26.81,327078,USD
2023-03-03,GLAC,25.41,277483,CHF
2023-03-03,HELV,108.15,107309,CHF
2023-03-03,IBEX,15.18,47336,EUR
2023-03-03,JURA,4621.85,376232,CHF
2023-03-06,ALPN,78.39,270255,CHF
2023-03-06,BRGN,254.8,102161,CHF
2023-03-06,CRYS,11.27,256397,CHF
2023-03-06,DELT,57.22,260626,EUR
2023-03-06,EDLW,45.48,290265,CHF
2023-03-06,FJRD,27.09,228986,USD
2023-03-06,GLAC,25.83,387536,CHF
2023-03-06,HELV,107.99,200895,CHF
2023-03-06,IBEX,15.22,289280,EUR
2023-03-06,JURA,4626.85,59628,CHF
2023-03-07,ALPN,77.83,351001,CHF
2023-03-07,BRGN,254.41,190623,CHF
2023-03-07,CRYS,11.17,117160,CHF
2023-03-07,DELT,55.86,100245,EUR
2023-03-07,EDLW,44.73,392392,CHF
2023-03-07,FJRD,26.4,374680,USD
2023-03-07,GLAC,25.18,182709,CHF
2023-03-07,HELV,107.48,213620,CHF
2023-03-07,IBEX,15.16,71977,EUR
2023-03-07,JURA,4555.61,64608,CHF
2023-03-08,ALPN,76.02,164641,CHF
2023-03-08,BRGN,248.61,238506,CHF
2023-03-08,CRYS,11.23,373087,CHF
2023-03-08,DELT,56.46,300314,EUR
2023-03-08,EDLW,45.1,251796,CHF
2023-03-08,FJRD,26.66,75136,USD
2023-03-08,GLAC,25.64,34577,CHF
2023-03-08,HELV,107.41,259154,CHF
2023-03-08,IBEX,15.27,260110,EUR
2023-03-08,JURA,4590.34,118001,CHF
2023-03-09,ALPN,78.3,162248,CHF
2023-03-09,BRGN,251.97,262797,CHF
2023-03-09,CRYS,11.41,101782,CHF
2023-03-09,DELT,58.17,259416,EUR
2023-03-09,EDLW,45.72,281854,CHF
2023-03-09,FJRD,27.55,231740,USD
2023-03-09,GLAC,26.17,201548,CHF
2023-03-09,HELV,108.91,252690,CHF
2023-03-09,IBEX,15.57,125016,EUR
2023-03-09,JURA,4623.32,77709,CHF
2023-03-10,ALPN,77.17,218001,CHF
2023-03-10,BRGN,248.62,276924,CHF
2023-03-10,CRYS,11.53,184189,CHF
2023-03-10,EDLW,46.4,144096,CHF
2023-03-10,FJRD,27.15,73210,USD
2023-03-10,GLAC,25.95,173175,CHF
2023-03-10,HELV,105.26,367589,CHF
2023-03-10,IBEX,15.38,288885,EUR
2023-03-10,JURA,4566.28,273656,CHF
2023-03-13,ALPN,79.77,265940,CHF
2023-03-13,BRGN,251.79,162948,CHF
2023-03-13,CRYS,11.68,85762,CHF
2023-03-13,DELT,59.04,276415,EUR
2023-03-13,EDLW,47.23,381123,CHF
2023-03-13,FJRD,27.84,356569,USD
2023-03-13,GLAC,26.44,176752,CHF
2023-03-13,HELV,105.93,55320,CHF
2023-03-13,IBEX,15.78,151106,EUR
2023-03-13,JURA,4568.4,308075,CHF
2023-03-14,ALPN,77.57,323435,CHF
2023-03-14,BRGN,256.58,350206,CHF
2023-03-14,CRYS,11.24,25763,CHF
2023-03-14,DELT,58.67,391935,EUR
2023-03-14,EDLW,46.8,344553,CHF
2023-03-14,FJRD,27.34,189068,USD
2023-03-14,GLAC,25.65,378803,CHF
2023-03-14,HELV,105.63,373607,CHF
2023-03-14,IBEX,15.22,196714,EUR
2023-03-14,JURA,4565.71,296320,CHF
2023-03-15,ALPN,75.4,20313,CHF
2023-03-15,BRGN,252.2,177799,CHF
2023-03-15,CRYS,11.02,53113,CHF
2023-03-15,DELT,58.44,283769,EUR
2023-03-15,EDLW,45.57,384449,CHF
2023-03-15,FJRD,26.49,249681,USD
2023-03-15,GLAC,25.19,64683,CHF
2023-03-15,HELV,103.92,104139,CHF
2023-03-15,IBEX,14.33,60397,EUR
2023-03-15,JURA,4529.03,370557,CHF
2023-03-16,ALPN,76.67,133661,CHF
2023-03-16,BRGN,258.11,366022,CHF
2023-03-16,CRYS,11.24,305069,CHF
2023-03-16,DELT,58.83,288984,EUR
2023-03-16,EDLW,45.99,117116,CHF
2023-03-16,FJRD,27.51,58471,USD
2023-03-16,GLAC,25.47,314785,CHF
2023-03-16,HELV,105.46,248949,CHF
2023-03-16,IBEX,14.57,295629,EUR
2023-03-16,JURA,4'636.62,291301,CHF
2023-03-17,ALPN,76.03,133363,CHF
2023-03-17,BRGN,257.24,177930,CHF
2023-03-17,CRYS,11.08,309085,CHF
2023-03-17,DELT,58.3,169286,EUR
2023-03-17,EDLW,45.6,159681,CHF
2023-03-17,FJRD,27.01,21494,USD
2023-03-17,GLAC,25.36,176329,CHF
2023-03-17,HELV,104.5,359455,CHF
2023-03-17,IBEX,14.34,58940,EUR
2023-03-17,JURA,4573.29,290810,CHF
2023-03-20,ALPN,77.49,251834,CHF
2023-03-20,BRGN,250.75,294814,CHF
2023-03-20,CRYS,11.08,143631,CHF
2023-03-20,DELT,58.67,42068,EUR
2023-03-20,EDLW,45.89,96402,CHF
2023-03-20,FJRD,26.99,26529,USD
2023-03-20,GLAC,25.13,170866,CHF
2023-03-20,HELV,103.63,337849,CHF
2023-03-20,IBEX,14.67,346395,EUR
2023-03-20,JURA,4695.64,79944,CHF
2023-03-21,ALPN,76.22,100067,CHF
2023-03-21,BRGN,247.87,277792,CHF
2023-03-21,CRYS,10.87,339279,CHF
2023-03-21,DELT,57.53,34999,EUR
2023-03-21,EDLW,45.71,305414,CHF
2023-03-21,FJRD,26.91,132684,USD
2023-03-21,GLAC,25.05,383275,CHF
2023-03-21,HELV,101.04,58402,CHF
2023-03-21,IBEX,14.43,47232,EUR
2023-03-21,JURA,4718.22,27620,CHF
2023-03-22,ALPN,75.34,112364,CHF
2023-03-22,BRGN,250.8,132096,CHF
2023-03-22,CRYS,10.69,209230,CHF
2023-03-22,CRYS,10.69,209230,CHF
2023-03-22,DELT,58.14,53613,EUR
2023-03-22,EDLW,46.35,298676,CHF
2023-03-22,FJRD,26.96,76118,USD
2023-03-22,GLAC,25.04,47441,CHF
2023-03-22,HELV,100.13,267169,CHF
2023-03-22,IBEX,14.54,147455,EUR
2023-03-22,JURA,4667.66,31207,CHF
2023-03-23,ALPN,75.4,278719,CHF
2023-03-23,BRGN,260.38,168474,CHF
2023-03-23,CRYS,10.76,171599,CHF
2023-03-23,DELT,59.88,266126,EUR
2023-03-23,EDLW,46.07,43432,CHF
2023-03-23,FJRD,27.25,339691,USD
2023-03-23,GLAC,25.58,371832,CHF
2023-03-23,HELV,100.92,122609,CHF
2023-03-23,IBEX,14.79,392300,EUR
2023-03-23,JURA,4728.02,213533,CHF
2023-03-24,ALPN,74.99,54263,CHF
2023-03-24,BRGN,260.64,317026,CHF
2023-03-24,CRYS,10.81,228256,CHF
2023-03-24,DELT,59.77,129666,EUR
2023-03-24,EDLW,45.77,161641,CHF
2023-03-24,FJRD,27.78,178741,USD
2023-03-24,GLAC,25.44,379641,CHF
2023-03-24,HELV,101.33,69877,CHF
2023-03-24,IBEX,14.95,307961,EUR
2023-03-24,IBEX,14.95,307961,EUR
2023-03-24,JURA,4824.6,86326,CHF
2023-03-27,ALPN,74.36,276351,CHF
2023-03-27,BRGN,249.84,247438,CHF
2023-03-27,CRYS,10.68,386812,CHF
2023-03-27,DELT,59.17,199629,EUR
2023-03-27,EDLW,44.94,264947,CHF
2023-03-27,FJRD,27.05,340992,USD
2023-03-27,GLAC,24.97,361375,CHF
2023-03-27,HELV,99.5,192860,CHF
2023-03-27,IBEX,14.91,94329,EUR
2023-03-27,JURA,4735.57,49675,CHF
2023-03-28,ALPN,73.82,182055,CHF
2023-03-28,BRGN,250.63,60573,CHF
2023-03-28,CRYS,10.75,344472,CHF
2023-03-28,DELT,59.49,301012,EUR
2023-03-28,FJRD,26.67,104236,USD
2023-03-28,GLAC,25.17,398366,CHF
2023-03-28,HELV,99.96,232364,CHF
2023-03-28,JURA,4789.28,273547,CHF
2023-03-29,ALPN,74.14,282629,CHF
2023-03-29,BRGN,255.2,49883,CHF
2023-03-29,CRYS,10.72,208279,CHF
2023-03-29,DELT,58.41,319472,EUR
2023-03-29,EDLW,44.93,191641,CHF
2023-03-29,FJRD,26.79,21248,USD
2023-03-29,GLAC,25.76,241564,CHF
2023-03-29,HELV,99.71,54104,CHF
2023-03-29,IBEX,15.48,174527,EUR
2023-03-29,JURA,4828.55,285926,CHF
2023-03-30,ALPN,74.07,380147,CHF
2023-03-30,BRGN,250.54,237536,CHF
2023-03-30,CRYS,10.68,104405,CHF
2023-03-30,DELT,57.51,292979,EUR
2023-03-30,EDLW,44.36,71692,CHF
2023-03-30,FJRD,26.74,90036,USD
2023-03-30,GLAC,25.16,346908,CHF
2023-03-30,HELV,100.84,55404,CHF
2023-03-30,IBEX,15.07,173461,EUR
2023-03-30,JURA,4846.12,349078,CHF
2023-03-31,ALPN,74.47,219869,CHF
2023-03-31,BRGN,254.33,129291,CHF
2023-03-31,CRYS,10.7,235277,CHF
2023-03-31,DELT,57.23,347448,EUR
2023-03-31,EDLW,44.48,244593,CHF
2023-03-31,FJRD,27.0,50705,USD
2023-03-31,HELV,100.76,93744,CHF
2023-03-31,IBEX,15.02,104353,EUR
2023-03-31,JURA,4934.91,223516,CHF
2023-04-03,ALPN,75.47,370390,CHF
2023-04-03,BRGN,258.68,354125,CHF
2023-04-03,CRYS,10.7,90695,CHF
2023-04-03,DELT,58.77,162769,EUR
2023-04-03,EDLW,43.92,372425,CHF
2023-04-03,FJRD,26.89,286886,USD
2023-04-03,GLAC,26.37,394883,CHF
2023-04-03,HELV,103.96,157357,CHF
2023-04-03,IBEX,15.17,371613,EUR
2023-04-03,JURA,5067.53,385097,CHF
2023-04-04,ALPN,76.11,358374,CHF
2023-04-04,BRGN,259.9,37319,CHF
2023-04-04,CRYS,10.47,238984,CHF
2023-04-04,DELT,58.38,171288,EUR
2023-04-04,EDLW,43.36,153191,CHF
2023-04-04,FJRD,26.17,109939,USD
2023-04-04,GLAC,26.32,398411,CHF
2023-04-04,HELV,101.18,153371,CHF
2023-04-04,IBEX,14.77,20664,EUR
2023-04-04,JURA,4989.41,265042,CHF
2023-04-05,ALPN,75.75,142650,CHF
2023-04-05,BRGN,260.17,258334,CHF
2023-04-05,CRYS,10.56,208499,CHF
2023-04-05,DELT,59.12,44880,EUR
2023-04-05,EDLW,43.83,159406,CHF
2023-04-05,FJRD,26.21,188057,USD
2023-04-05,GLAC,26.17,394189,CHF
2023-04-05,HELV,99.93,157257,CHF
2023-04-05,IBEX,14.66,163522,EUR
2023-04-05,JURA,5005.36,50997,CHF
2023-04-06,ALPN,74.67,354895,CHF
2023-04-06,BRGN,255.26,279845,CHF
2023-04-06,CRYS,10.43,64125,CHF
2023-04-06,DELT,58.23,150332,EUR
2023-04-06,EDLW,42.74,346263,CHF
2023-04-06,FJRD,25.77,56020,USD
2023-04-06,FJRD,25.77,56020,USD
2023-04-06,GLAC,25.9,135640,CHF
2023-04-06,HELV,98.7,105157,CHF
2023-04-06,IBEX,14.41,345917,EUR
2023-04-06,JURA,4903.37,196835,CHF
2023-04-07,ALPN,74.1,173417,CHF
2023-04-07,BRGN,255.34,207441,CHF
2023-04-07,CRYS,10.31,270281,CHF
2023-04-07,DELT,57.35,65260,EUR
2023-04-07,EDLW,42.91,167929,CHF
2023-04-07,FJRD,25.47,161754,USD
2023-04-07,GLAC,25.79,70927,CHF
2023-04-07,HELV,97.68,97258,CHF
2023-04-07,IBEX,14.09,390517,EUR
2023-04-07,JURA,4772.37,284342,CHF
2023-04-10,ALPN,74.59,320622,CHF
2023-04-10,CRYS,10.34,171115,CHF
2023-04-10,DELT,57.48,243947,EUR
2023-04-10,EDLW,42.85,61632,CHF
2023-04-10,FJRD,25.43,129699,USD
2023-04-10,GLAC,26.09,41535,CHF
2023-04-10,HELV,99.33,292864,CHF
2023-04-10,IBEX,14.02,42918,EUR
2023-04-10,JURA,4721.39,40465,CHF
2023-04-11,ALPN,74.01,102368,CHF
2023-04-11,BRGN,254.02,398850,CHF
2023-04-11,CRYS,10.37,330873,CHF
2023-04-11,DELT,56.18,120240,EUR
2023-04-11,EDLW,43.51,298400,CHF
2023-04-11,FJRD,24.92,75249,USD
2023-04-11,GLAC,25.4,120783,CHF
2023-04-11,HELV,100.13,119738,CHF
2023-04-11,IBEX,13.71,84231,EUR
2023-04-11,JURA,4644.67,299673,CHF
2023-04-12,ALPN,73.75,41290,CHF
2023-04-12,BRGN,255.18,235128,CHF
2023-04-12,CRYS,10.87,319061,CHF
2023-04-12,DELT,57.0,138531,EUR
2023-04-12,EDLW,43.58,121008,CHF
2023-04-12,FJRD,25.37,222969,USD
2023-04-12,GLAC,25.47,343940,CHF
2023-04-12,HELV,99.84,229134,CHF
2023-04-12,IBEX,13.94,397153,EUR
2023-04-12,JURA,4702.3,26430,CHF
2023-04-13,ALPN,75.07,115775,CHF
2023-04-13,BRGN,256.88,301358,CHF
2023-04-13,CRYS,11.11,93868,CHF
2023-04-13,DELT,58.59,162785,EUR
2023-04-13,EDLW,43.16,396913,CHF
2023-04-13,GLAC,26.02,245951,CHF
2023-04-13,HELV,99.81,85969,CHF
2023-04-13,IBEX,14.02,384422,EUR
2023-04-13,JURA,4'775.76,323934,CHF
2023-04-14,ALPN,75.52,389813,CHF
2023-04-14,BRGN,260.84,160608,CHF
2023-04-14,CRYS,11.25,27159,CHF
2023-04-14,DELT,59.2,349140,EUR
2023-04-14,EDLW,43.52,270754,CHF
2023-04-14,FJRD,26.36,121340,USD
2023-04-14,GLAC,25.67,218937,CHF
2023-04-14,HELV,99.05,82559,CHF
2023-04-14,IBEX,14.0,87030,EUR
2023-04-14,JURA,4695.8,326380,CHF
2023-04-17,ALPN,75.2,287102,CHF
2023-04-17,BRGN,256.02,62125,CHF
2023-04-17,CRYS,11.2,247935,CHF
2023-04-17,DELT,60.73,354081,EUR
2023-04-17,EDLW,43.66,194535,CHF
2023-04-17,FJRD,26.28,188971,USD
2023-04-17,GLAC,25.36,257454,CHF
2023-04-17,HELV,100.48,253135,CHF
2023-04-17,IBEX,13.94,105904,EUR
2023-04-17,JURA,4695.73,167161,CHF
2023-04-18,ALPN,77.4,184538,CHF
2023-04-18,BRGN,258.37,220432,CHF
2023-04-18,CRYS,11.36,196671,CHF
2023-04-18,DELT,62.11,36348,EUR
2023-04-18,EDLW,44.31,197981,CHF
2023-04-18,FJRD,26.53,281886,USD
2023-04-18,GLAC,25.34,130110,CHF
2023-04-18,HELV,101.99,155082,CHF
2023-04-18,IBEX,14.42,227129,EUR
2023-04-18,JURA,4724.08,152300,CHF
2023-04-19,ALPN,77.95,110988,CHF
2023-04-19,BRGN,258.55,221499,CHF
2023-04-19,CRYS,11.24,112495,CHF
2023-04-19,DELT,63.03,200871,EUR
2023-04-19,FJRD,27.0,126139,USD
2023-04-19,GLAC,25.74,235829,CHF
2023-04-19,HELV,101.41,280081,CHF
2023-04-19,IBEX,14.18,275243,EUR
2023-04-19,JURA,4813.48,170530,CHF
2023-04-20,ALPN,77.85,342402,CHF
2023-04-20,BRGN,255.83,184741,CHF
2023-04-20,CRYS,11.05,372164,CHF
2023-04-20,DELT,63.58,361564,EUR
2023-04-20,EDLW,45.27,336792,CHF
2023-04-20,FJRD,27.39,175271,USD
2023-04-20,GLAC,25.38,153466,CHF
2023-04-20,HELV,100.71,340414,CHF
2023-04-20,IBEX,14.21,263040,EUR
2023-04-20,JURA,4838.06,149025,CHF
2023-04-21,ALPN,79.01,340630,CHF
2023-04-21,BRGN,255.74,369509,CHF
2023-04-21,CRYS,11.23,163294,CHF
2023-04-21,DELT,65.53,145527,EUR
2023-04-21,EDLW,45.99,76459,CHF
2023-04-21,FJRD,28.39,249913,USD
2023-04-21,GLAC,26.39,387059,CHF
2023-04-21,HELV,101.88,347611,CHF
2023-04-21,IBEX,14.3,323006,EUR
2023-04-21,JURA,4824.63,266354,CHF
2023-04-24,ALPN,78.77,153220,CHF
2023-04-24,BRGN,257.32,158405,CHF
2023-04-24,CRYS,11.32,196319,CHF
2023-04-24,DELT,65.1,193376,EUR
2023-04-24,EDLW,45.23,333493,CHF
2023-04-24,FJRD,28.38,398439,USD
2023-04-24,GLAC,26.15,312171,CHF
2023-04-24,HELV,102.05,80511,CHF
2023-04-24,IBEX,14.16,151942,EUR
2023-04-24,JURA,4724.5,187459,CHF
2023-04-25,ALPN,79.13,163562,CHF
2023-04-25,BRGN,263.12,198061,CHF
2023-04-25,CRYS,11.64,97217,CHF
2023-04-25,DELT,65.65,361064,EUR
2023-04-25,EDLW,45.2,221158,CHF
2023-04-25,FJRD,28.79,264326,USD
2023-04-25,GLAC,26.13,283046,CHF
2023-04-25,IBEX,14.05,293671,EUR
2023-04-25,JURA,4779.45,292888,CHF
2023-04-26,ALPN,79.89,309105,CHF
2023-04-26,BRGN,261.2,379427,CHF
2023-04-26,CRYS,11.47,385292,CHF
2023-04-26,DELT,65.28,370060,EUR
2023-04-26,EDLW,45.61,22022,CHF
2023-04-26,FJRD,28.43,188928,USD
2023-04-26,GLAC,25.83,296508,CHF
2023-04-26,HELV,102.32,398116,CHF
2023-04-26,IBEX,13.82,263346,EUR
2023-04-26,JURA,4800.97,205306,CHF
2023-04-27,ALPN,79.63,271150,CHF
2023-04-27,BRGN,263.91,266783,CHF
2023-04-27,CRYS,11.63,62569,CHF
2023-04-27,DELT,65.72,176817,EUR
2023-04-27,EDLW,45.43,316169,CHF
2023-04-27,FJRD,28.35,217187,USD
2023-04-27,GLAC,25.83,274862,CHF
2023-04-27,HELV,102.22,215832,CHF
2023-04-27,IBEX,13.87,182104,EUR
2023-04-27,JURA,4815.26,84409,CHF
2023-04-28,ALPN,78.81,126818,CHF
2023-04-28,BRGN,260.28,335467,CHF
2023-04-28,CRYS,11.58,266954,CHF
2023-04-28,DELT,66.62,218670,EUR
2023-04-28,EDLW,45.47,196603,CHF
2023-04-28,FJRD,27.66,175002,USD
2023-04-28,GLAC,26.1,369021,CHF
2023-04-28,HELV,101.28,31669,CHF
2023-04-28,IBEX,13.82,83103,EUR
2023-04-28,JURA,4776.41,331528,CHF
2023-05-01,ALPN,78.39,85482,CHF
2023-05-01,BRGN,259.32,251439,CHF
2023-05-01,CRYS,11.61,114471,CHF
2023-05-01,DELT,67.45,72373,EUR
2023-05-01,EDLW,45.75,220844,CHF
2023-05-01,FJRD,27.69,96264,USD
2023-05-01,GLAC,26.39,22080,CHF
2023-05-01,HELV,100.75,187894,CHF
2023-05-01,IBEX,13.65,109380,EUR
2023-05-01,JURA,4687.32,236941,CHF
2023-05-02,ALPN,77.01,381857,CHF
2023-05-02,BRGN,257.71,287522,CHF
2023-05-02,CRYS,11.28,285392,CHF
2023-05-02,DELT,66.26,326107,EUR
2023-05-02,EDLW,45.13,231333,CHF
2023-05-02,FJRD,28.1,363072,USD
2023-05-02,GLAC,26.92,185446,CHF
2023-05-02,HELV,100.38,321115,CHF
2023-05-02,IBEX,13.56,67396,EUR
2023-05-02,JURA,4624.26,343561,CHF
2023-05-03,ALPN,78.7,353552,CHF
2023-05-03,BRGN,264.26,368448,CHF
2023-05-03,CRYS,11.47,336906,CHF
2023-05-03,DELT,67.82,150144,EUR
2023-05-03,EDLW,45.15,314232,CHF
2023-05-03,FJRD,28.25,57222,USD
2023-05-03,GLAC,27.61,76706,CHF
2023-05-03,HELV,103.55,218606,CHF
2023-05-03,IBEX,13.58,323560,EUR
2023-05-03,JURA,4774.24,121458,CHF
2023-05-04,ALPN,77.47,108645,CHF
2023-05-04,BRGN,253.25,221343,CHF
2023-05-04,CRYS,11.02,103551,CHF
2023-05-04,DELT,66.18,154966,EUR
2023-05-04,EDLW,44.88,179226,CHF
2023-05-04,FJRD,28.17,281893,USD
2023-05-04,GLAC,27.27,231469,CHF
2023-05-04,HELV,100.61,62894,CHF
2023-05-04,JURA,4662.87,338223,CHF
2023-05-05,ALPN,77.08,214148,CHF
2023-05-05,BRGN,253.03,53870,CHF
2023-05-05,CRYS,10.88,39403,CHF
2023-05-05,DELT,64.42,327829,EUR
2023-05-05,EDLW,43.64,124818,CHF
2023-05-05,FJRD,27.34,158238,USD
2023-05-05,GLAC,27.37,237926,CHF
2023-05-05,HELV,98.85,341656,CHF
2023-05-05,IBEX,13.37,206372,EUR
2023-05-05,JURA,4584.94,139782,CHF
2023-05-08,ALPN,78.82,109626,CHF
2023-05-08,BRGN,252.24,173824,CHF
2023-05-08,CRYS,10.98,190765,CHF
2023-05-08,DELT,65.53,222808,EUR
2023-05-08,EDLW,44.38,277759,CHF
2023-05-08,FJRD,28.31,265436,USD
2023-05-08,GLAC,27.98,147364,CHF
2023-05-08,HELV,98.24,90396,CHF
2023-05-08,IBEX,13.73,283800,EUR
2023-05-08,JURA,4506.1,230444,CHF
2023-05-09,ALPN,80.63,341079,CHF
2023-05-09,BRGN,251.88,337412,CHF
2023-05-09,CRYS,10.77,167435,CHF
2023-05-09,DELT,64.58,97797,EUR
2023-05-09,EDLW,44.22,327085,CHF
2023-05-09,FJRD,28.44,245924,USD
2023-05-09,GLAC,28.72,147683,CHF
2023-05-09,HELV,97.47,74646,CHF
2023-05-09,IBEX,13.7,29037,EUR
2023-05-09,JURA,4433.6,151725,CHF
2023-05-10,BRGN,252.82,376478,CHF
2023-05-10,CRYS,10.75,217252,CHF
2023-05-10,DELT,63.67,147737,EUR
2023-05-10,EDLW,43.26,386946,CHF
2023-05-10,FJRD,28.42,208193,USD
2023-05-10,GLAC,28.23,173417,CHF
2023-05-10,HELV,95.49,27724,CHF
2023-05-10,IBEX,13.31,344100,EUR
2023-05-10,JURA,4425.04,23357,CHF
2023-05-11,ALPN,82.49,140135,CHF
2023-05-11,BRGN,257.31,239981,CHF
2023-05-11,CRYS,10.86,78196,CHF
2023-05-11,DELT,63.71,248048,EUR
2023-05-11,EDLW,43.96,317576,CHF
2023-05-11,FJRD,28.15,296554,USD
2023-05-11,GLAC,28.56,198796,CHF
2023-05-11,HELV,97.64,110623,CHF
2023-05-11,IBEX,13.38,129746,EUR
2023-05-11,JURA,4'403.10,243293,CHF
2023-05-12,ALPN,81.47,369483,CHF
2023-05-12,BRGN,251.95,252801,CHF
2023-05-12,CRYS,10.88,280107,CHF
2023-05-12,DELT,61.61,31186,EUR
2023-05-12,EDLW,43.87,27864,CHF
2023-05-12,FJRD,27.78,154633,USD
2023-05-12,GLAC,28.5,221585,CHF
2023-05-12,HELV,96.84,336659,CHF
2023-05-12,IBEX,13.33,348929,EUR
2023-05-12,JURA,4406.78,260970,CHF
2023-05-15,ALPN,80.1,273607,CHF
2023-05-15,BRGN,250.56,209965,CHF
2023-05-15,CRYS,11.03,81544,CHF
2023-05-15,DELT,61.25,336633,EUR
2023-05-15,EDLW,44.5,351509,CHF
2023-05-15,FJRD,27.59,85376,USD
2023-05-15,GLAC,27.89,186155,CHF
2023-05-15,HELV,94.9,151941,CHF
2023-05-15,IBEX,12.88,258487,EUR
2023-05-15,JURA,4346.67,368399,CHF
2023-05-16,ALPN,79.66,251469,CHF
2023-05-16,BRGN,245.86,171509,CHF
2023-05-16,CRYS,10.99,190750,CHF
2023-05-16,DELT,61.52,173224,EUR
2023-05-16,EDLW,44.09,64978,CHF
2023-05-16,FJRD,27.65,342294,USD
2023-05-16,GLAC,28.07,95434,CHF
2023-05-16,HELV,92.92,204578,CHF
2023-05-16,IBEX,12.92,71949,EUR
2023-05-16,JURA,4300.45,374006,CHF
2023-05-17,ALPN,81.73,230700,CHF
2023-05-17,CRYS,10.78,141566,CHF
2023-05-17,DELT,59.81,129229,EUR
2023-05-17,EDLW,44.71,75815,CHF
2023-05-17,FJRD,27.06,54027,USD
2023-05-17,GLAC,28.05,217930,CHF
2023-05-17,HELV,92.72,84201,CHF
2023-05-17,IBEX,13.04,183556,EUR
2023-05-17,JURA,4330.59,181999,CHF
2023-05-18,ALPN,80.41,165407,CHF
2023-05-18,BRGN,246.15,362559,CHF
2023-05-18,CRYS,10.93,269090,CHF
2023-05-18,DELT,59.83,220777,EUR
2023-05-18,EDLW,44.7,215592,CHF
2023-05-18,FJRD,27.39,316131,USD
2023-05-18,GLAC,28.8,43500,CHF
2023-05-18,HELV,93.52,27241,CHF
2023-05-18,IBEX,13.09,287541,EUR
2023-05-18,JURA,4197.41,118788,CHF
2023-05-19,ALPN,81.57,322023,CHF
2023-05-19,BRGN,250.9,355016,CHF
2023-05-19,CRYS,10.99,339162,CHF
2023-05-19,DELT,61.46,209916,EUR
2023-05-19,EDLW,44.53,121718,CHF
2023-05-19,FJRD,27.83,144109,USD
2023-05-19,GLAC,29.34,309989,CHF
2023-05-19,HELV,93.59,390926,CHF
2023-05-19,IBEX,13.35,290548,EUR
2023-05-19,JURA,4132.3,289737,CHF
2023-05-22,ALPN,81.03,271657,CHF
2023-05-22,BRGN,247.82,263018,CHF
2023-05-22,CRYS,11.03,66810,CHF
2023-05-22,DELT,60.86,293391,EUR
2023-05-22,EDLW,44.76,75234,CHF
2023-05-22,FJRD,28.1,340013,USD
2023-05-22,GLAC,29.33,65158,CHF
2023-05-22,HELV,92.14,54204,CHF
2023-05-22,IBEX,13.76,235552,EUR
2023-05-22,JURA,4186.99,159836,CHF
2023-05-23,ALPN,80.34,123995,CHF
2023-05-23,BRGN,242.35,280118,CHF
2023-05-23,CRYS,10.85,269233,CHF
2023-05-23,DELT,58.39,129951,EUR
2023-05-23,EDLW,44.55,262403,CHF
2023-05-23,FJRD,27.88,306524,USD
2023-05-23,GLAC,29.62,226830,CHF
2023-05-23,HELV,90.59,225345,CHF
2023-05-23,IBEX,13.54,185043,EUR
2023-05-23,JURA,4140.5,387976,CHF
2023-05-24,ALPN,80.75,21736,CHF
2023-05-24,BRGN,247.28,227024,CHF
2023-05-24,CRYS,11.1,86775,CHF
2023-05-24,DELT,57.57,116750,EUR
2023-05-24,EDLW,44.28,130190,CHF
2023-05-24,FJRD,28.72,272507,USD
2023-05-24,GLAC,29.47,109259,CHF
2023-05-24,HELV,93.1,285465,CHF
2023-05-24,IBEX,13.69,357256,EUR
2023-05-24,JURA,4127.99,156920,CHF
2023-05-25,BRGN,249.77,37348,CHF
2023-05-25,CRYS,11.02,352301,CHF
2023-05-25,DELT,58.06,156288,EUR
2023-05-25,EDLW,44.7,198653,CHF
2023-05-25,FJRD,28.69,290353,USD
2023-05-25,GLAC,29.94,374700,CHF
2023-05-25,HELV,92.14,286870,CHF
2023-05-25,IBEX,13.79,245899,EUR
2023-05-25,JURA,4121.47,149907,CHF
2023-05-26,ALPN,80.72,124740,CHF
2023-05-26,BRGN,246.88,326829,CHF
2023-05-26,CRYS,11.05,350110,CHF
2023-05-26,DELT,57.63,150407,EUR
2023-05-26,EDLW,45.32,29132,CHF
2023-05-26,FJRD,28.63,134087,USD
2023-05-26,GLAC,30.27,55219,CHF
2023-05-26,HELV,94.07,122526,CHF
2023-05-26,IBEX,13.79,161365,EUR
2023-05-26,JURA,4140.97,238185,CHF
2023-05-29,ALPN,80.04,221613,CHF
2023-05-29,BRGN,248.2,352269,CHF
2023-05-29,CRYS,10.85,275484,CHF
2023-05-29,CRYS,10.85,275484,CHF
2023-05-29,DELT,57.07,221068,EUR
2023-05-29,EDLW,44.22,329846,CHF
2023-05-29,FJRD,28.48,190639,USD
2023-05-29,GLAC,29.59,136487,CHF
2023-05-29,HELV,93.02,165306,CHF
2023-05-29,IBEX,13.65,256433,EUR
2023-05-29,JURA,4089.61,74205,CHF
2023-05-30,ALPN,80.57,246759,CHF
2023-05-30,BRGN,247.09,272250,CHF
2023-05-30,CRYS,10.95,272667,CHF
2023-05-30,DELT,57.45,34596,EUR
2023-05-30,EDLW,45.33,107756,CHF
2023-05-30,GLAC,29.4,362676,CHF
2023-05-30,HELV,93.05,250266,CHF
2023-05-30,IBEX,13.63,53118,EUR
2023-05-30,JURA,4110.07,216446,CHF
2023-05-31,ALPN,81.46,225926,CHF
2023-05-31,BRGN,247.04,154510,CHF
2023-05-31,CRYS,10.97,229123,CHF
2023-05-31,DELT,58.33,322949,EUR
2023-05-31,EDLW,45.5,153357,CHF
2023-05-31,FJRD,29.35,60580,USD
2023-05-31,GLAC,29.21,109666,CHF
2023-05-31,HELV,93.08,143476,CHF
2023-05-31,IBEX,13.79,386042,EUR
2023-05-31,JURA,4128.85,55678,CHF
2023-06-01,ALPN,80.48,110992,CHF
2023-06-01,BRGN,242.47,365165,CHF
2023-06-01,CRYS,10.67,321982,CHF
2023-06-01,DELT,57.22,81581,EUR
2023-06-01,EDLW,45.59,118150,CHF
2023-06-01,FJRD,29.27,340957,USD
2023-06-01,GLAC,28.45,328623,CHF
2023-06-01,HELV,91.49,181246,CHF
2023-06-01,IBEX,13.63,282418,EUR
2023-06-01,JURA,4112.99,324207,CHF
2023-06-02,ALPN,80.05,356196,CHF
2023-06-02,BRGN,243.68,159223,CHF
2023-06-02,CRYS,10.66,336207,CHF
2023-06-02,DELT,57.6,35118,EUR
2023-06-02,EDLW,45.34,216637,CHF
2023-06-02,FJRD,28.73,48151,USD
2023-06-02,GLAC,28.18,342005,CHF
2023-06-02,HELV,92.61,89660,CHF
2023-06-02,IBEX,13.49,367382,EUR
2023-06-02,JURA,4129.41,147633,CHF
2023-06-05,ALPN,80.53,320169,CHF
2023-06-05,BRGN,245.31,348083,CHF
2023-06-05,CRYS,10.81,367738,CHF
2023-06-05,DELT,57.5,305071,EUR
2023-06-05,EDLW,43.93,103095,CHF
2023-06-05,FJRD,28.81,176050,USD
2023-06-05,GLAC,28.1,102409,CHF
2023-06-05,HELV,92.43,155851,CHF
2023-06-05,IBEX,13.85,259353,EUR
2023-06-05,JURA,4148.45,381998,CHF
2023-06-06,ALPN,80.37,22905,CHF
2023-06-06,BRGN,253.69,235818,CHF
2023-06-06,CRYS,11.02,257580,CHF
2023-06-06,DELT,57.93,367215,EUR
2023-06-06,EDLW,44.98,365258,CHF
2023-06-06,FJRD,28.49,372391,USD
2023-06-06,GLAC,28.48,347800,CHF
2023-06-06,HELV,93.69,104806,CHF
2023-06-06,IBEX,14.07,252020,EUR
2023-06-06,JURA,4154.92,117899,CHF
2023-06-07,ALPN,78.86,48927,CHF
2023-06-07,BRGN,254.49,45428,CHF
2023-06-07,CRYS,11.05,92641,CHF
2023-06-07,DELT,58.3,142797,EUR
2023-06-07,EDLW,45.37,277973,CHF
2023-06-07,FJRD,28.74,41802,USD
2023-06-07,GLAC,28.59,185068,CHF
2023-06-07,HELV,96.6,163029,CHF
2023-06-07,IBEX,14.26,222422,EUR
2023-06-07,JURA,4127.59,48950,CHF
2023-06-08,ALPN,77.57,364265,CHF
2023-06-08,BRGN,252.01,291157,CHF
2023-06-08,CRYS,10.93,193095,CHF
2023-06-08,DELT,57.44,110447,EUR
2023-06-08,EDLW,44.95,176780,CHF
2023-06-08,FJRD,28.24,337446,USD
2023-06-08,GLAC,28.32,189885,CHF
2023-06-08,HELV,96.23,377217,CHF
2023-06-08,IBEX,14.24,80856,EUR
2023-06-08,JURA,4'087.53,104768,CHF
2023-06-09,ALPN,78.24,346510,CHF
2023-06-09,BRGN,254.68,61408,CHF
2023-06-09,CRYS,10.68,310470,CHF
2023-06-09,DELT,56.54,242142,EUR
2023-06-09,EDLW,44.82,41856,CHF
2023-06-09,FJRD,28.58,348252,USD
2023-06-09,GLAC,27.55,380188,CHF
2023-06-09,HELV,95.96,135795,CHF
2023-06-09,IBEX,14.18,366197,EUR
2023-06-09,JURA,4098.5,243497,CHF
2023-06-12,ALPN,78.33,277770,CHF
2023-06-12,BRGN,256.62,31641,CHF
2023-06-12,DELT,57.16,117311,EUR
2023-06-12,EDLW,45.21,162750,CHF
2023-06-12,FJRD,28.86,142556,USD
2023-06-12,GLAC,28.23,397813,CHF
2023-06-12,HELV,95.86,216502,CHF
2023-06-12,IBEX,14.08,41774,EUR
2023-06-12,JURA,4170.01,84526,CHF
2023-06-13,ALPN,80.32,217861,CHF
2023-06-13,BRGN,262.29,145227,CHF
2023-06-13,DELT,56.84,148901,EUR
2023-06-13,EDLW,45.66,318860,CHF
2023-06-13,FJRD,28.98,31711,USD
2023-06-13,GLAC,28.14,231635,CHF
2023-06-13,HELV,95.86,20004,CHF
2023-06-13,IBEX,14.2,59719,EUR
2023-06-13,JURA,4160.16,346099,CHF
2023-06-14,ALPN,77.76,24124,CHF
2023-06-14,BRGN,255.54,393513,CHF
2023-06-14,DELT,55.31,164389,EUR
2023-06-14,EDLW,44.9,318605,CHF
2023-06-14,FJRD,28.51,132506,USD
2023-06-14,GLAC,27.24,103229,CHF
2023-06-14,HELV,94.95,25099,CHF
2023-06-14,IBEX,13.8,276887,EUR
2023-06-14,JURA,3981.55,32724,CHF
2023-06-15,ALPN,76.88,347513,CHF
2023-06-15,BRGN,256.02,392776,CHF
2023-06-15,DELT,55.96,27242,EUR
2023-06-15,EDLW,44.97,169993,CHF
2023-06-15,FJRD,28.33,190283,USD
2023-06-15,GLAC,27.18,291477,CHF
2023-06-15,HELV,95.14,121586,CHF
2023-06-15,IBEX,13.85,324840,EUR
2023-06-15,JURA,4015.38,354648,CHF
2023-06-16,ALPN,76.0,305885,CHF
2023-06-16,BRGN,252.23,31044,CHF
2023-06-16,DELT,55.6,296245,EUR
2023-06-16,EDLW,45.46,357160,CHF
2023-06-16,FJRD,28.63,190259,USD
2023-06-16,GLAC,27.64,250871,CHF
2023-06-16,HELV,96.5,240444,CHF
2023-06-16,IBEX,13.78,176021,EUR
2023-06-16,JURA,4007.81,55413,CHF
2023-06-19,ALPN,74.8,98167,CHF
2023-06-19,BRGN,255.3,114057,CHF
2023-06-19,DELT,55.55,76991,EUR
2023-06-19,EDLW,45.78,45177,CHF
2023-06-19,FJRD,28.88,93305,USD
2023-06-19,GLAC,27.7,299603,CHF
2023-06-19,HELV,95.88,167786,CHF
2023-06-19,IBEX,13.63,285650,EUR
2023-06-19,JURA,4069.92,395548,CHF
2023-06-20,ALPN,74.43,35313,CHF
2023-06-20,BRGN,254.9,106672,CHF
2023-06-20,DELT,55.93,247912,EUR
2023-06-20,EDLW,45.02,80017,CHF
2023-06-20,FJRD,28.54,364099,USD
2023-06-20,GLAC,27.38,216638,CHF
2023-06-20,HELV,96.09,313116,CHF
2023-06-20,IBEX,13.53,399781,EUR
2023-06-20,JURA,4124.75,20966,CHF
2023-06-21,ALPN,74.66,347776,CHF
2023-06-21,BRGN,250.92,176917,CHF
2023-06-21,DELT,56.04,363884,EUR
2023-06-21,EDLW,44.92,147147,CHF
2023-06-21,FJRD,28.58,323156,USD
2023-06-21,GLAC,26.94,366253,CHF
2023-06-21,HELV,94.97,201265,CHF
2023-06-21,IBEX,13.59,82182,EUR
2023-06-21,JURA,4177.57,252286,CHF
2023-06-22,ALPN,72.18,371855,CHF
2023-06-22,BRGN,249.5,354994,CHF
2023-06-22,DELT,56.04,291093,EUR
2023-06-22,EDLW,45.02,294544,CHF
2023-06-22,FJRD,28.62,214548,USD
2023-06-22,GLAC,27.42,311068,CHF
2023-06-22,HELV,97.64,36694,CHF
2023-06-22,IBEX,13.46,200131,EUR
2023-06-22,JURA,4211.22,312841,CHF
2023-06-23,ALPN,70.38,359642,CHF
2023-06-23,BRGN,251.74,123678,CHF
2023-06-23,DELT,56.04,368332,EUR
2023-06-23,EDLW,44.55,122883,CHF
2023-06-23,FJRD,29.07,283484,USD
2023-06-23,GLAC,27.95,316004,CHF
2023-06-23,HELV,98.24,38458,CHF
2023-06-23,IBEX,13.7,125347,EUR
2023-06-23,JURA,4272.14,346527,CHF
2023-06-26,ALPN,71.36,138748,CHF
2023-06-26,BRGN,247.66,125953,CHF
2023-06-26,DELT,56.48,43796,EUR
2023-06-26,EDLW,44.8,234487,CHF
2023-06-26,FJRD,28.91,328324,USD
2023-06-26,GLAC,27.78,40837,CHF
2023-06-26,HELV,98.64,344840,CHF
2023-06-26,IBEX,13.53,254344,EUR
2023-06-26,JURA,4145.84,83842,CHF
2023-06-27,ALPN,70.89,122081,CHF
2023-06-27,BRGN,247.73,395766,CHF
2023-06-27,DELT,55.78,360154,EUR
2023-06-27,EDLW,43.91,330324,CHF
2023-06-27,FJRD,28.57,88193,USD
2023-06-27,GLAC,27.25,190882,CHF
2023-06-27,HELV,98.59,228734,CHF
2023-06-27,IBEX,13.47,373152,EUR
2023-06-27,JURA,4120.4,160615,CHF
2023-06-28,ALPN,72.41,251715,CHF
2023-06-28,BRGN,245.16,174447,CHF
2023-06-28,DELT,56.13,234503,EUR
2023-06-28,EDLW,43.51,128100,CHF
2023-06-28,FJRD,28.76,273525,USD
2023-06-28,GLAC,27.57,377259,CHF
2023-06-28,HELV,,272917,CHF
2023-06-28,IBEX,13.73,375817,EUR
2023-06-28,JURA,4022.96,56387,CHF
2023-06-29,ALPN,73.98,74825,CHF
2023-06-29,BRGN,249.89,235221,CHF
2023-06-29,DELT,56.2,213772,EUR
2023-06-29,EDLW,43.43,290169,CHF
2023-06-29,FJRD,29.07,385276,USD
2023-06-29,GLAC,28.14,33334,CHF
2023-06-29,HELV,103.91,197999,CHF
2023-06-29,IBEX,13.95,51843,EUR
2023-06-29,JURA,4043.67,76670,CHF
2023-06-30,ALPN,75.65,215633,CHF
2023-06-30,BRGN,257.74,114815,CHF
2023-06-30,DELT,56.6,289907,EUR
2023-06-30,EDLW,43.16,131910,CHF
2023-06-30,FJRD,29.13,218736,USD
2023-06-30,GLAC,29.14,104248,CHF
2023-06-30,HELV,105.19,59822,CHF
2023-06-30,IBEX,14.25,160771,EUR
2023-06-30,JURA,4081.83,276441,CHF
2023-07-03,ALPN,76.29,103698,CHF
2023-07-03,BRGN,260.94,306294,CHF
2023-07-03,DELT,57.98,121830,EUR
2023-07-03,EDLW,43.83,296162,CHF
2023-07-03,FJRD,29.69,225392,USD
2023-07-03,GLAC,29.72,101535,CHF
2023-07-03,HELV,108.14,190994,CHF
2023-07-03,IBEX,14.41,158255,EUR
2023-07-03,JURA,4177.49,212094,CHF
2023-07-04,ALPN,76.02,55194,CHF
2023-07-04,BRGN,259.01,355219,CHF
2023-07-04,DELT,57.19,305496,EUR
2023-07-04,EDLW,43.6,185103,CHF
2023-07-04,FJRD,30.0,387615,USD
2023-07-04,GLAC,29.83,134723,CHF
2023-07-04,HELV,105.06,219495,CHF
2023-07-04,IBEX,14.46,107173,EUR
2023-07-04,JURA,4257.66,209142,CHF
2023-07-05,ALPN,76.27,303393,CHF
2023-07-05,BRGN,260.12,365119,CHF
2023-07-05,DELT,58.45,347232,EUR
2023-07-05,EDLW,44.22,272941,CHF
2023-07-05,FJRD,30.58,398988,USD
2023-07-05,GLAC,30.83,190420,CHF
2023-07-05,HELV,106.8,346078,CHF
2023-07-05,IBEX,14.68,148273,EUR
2023-07-05,JURA,4386.82,375711,CHF
2023-07-06,ALPN,75.85,157526,CHF
2023-07-06,BRGN,260.44,334734,CHF
2023-07-06,DELT,58.02,207147,EUR
2023-07-06,EDLW,43.93,222201,CHF
2023-07-06,FJRD,30.44,266428,USD
2023-07-06,GLAC,30.21,35139,CHF
2023-07-06,HELV,107.5,288751,CHF
2023-07-06,IBEX,14.45,145012,EUR
2023-07-06,JURA,4'353.70,144050,CHF
2023-07-07,ALPN,75.63,385795,CHF
2023-07-07,BRGN,257.03,50106,CHF
2023-07-07,DELT,58.05,224050,EUR
2023-07-07,EDLW,43.76,347602,CHF
2023-07-07,FJRD,30.34,31965,USD
2023-07-07,GLAC,30.47,178417,CHF
2023-07-07,HELV,108.59,269144,CHF
2023-07-07,IBEX,14.38,307431,EUR
2023-07-07,JURA,4405.12,37857,CHF
2023-07-10,ALPN,76.5,137215,CHF
2023-07-10,BRGN,254.47,237250,CHF
2023-07-10,DELT,57.19,212036,EUR
2023-07-10,EDLW,42.74,188766,CHF
2023-07-10,FJRD,30.93,164689,USD
2023-07-10,GLAC,30.29,198934,CHF
2023-07-10,HELV,109.69,181578,CHF
2023-07-10,IBEX,14.37,329948,EUR
2023-07-10,JURA,4511.74,316821,CHF
2023-07-11,ALPN,75.81,356115,CHF
2023-07-11,BRGN,255.0,211103,CHF
2023-07-11,DELT,57.25,232887,EUR
2023-07-11,EDLW,42.86,20913,CHF
2023-07-11,FJRD,30.27,63309,USD
2023-07-11,GLAC,30.21,173105,CHF
2023-07-11,HELV,109.58,76736,CHF
2023-07-11,IBEX,14.31,362807,EUR
2023-07-11,JURA,4455.87,34721,CHF
2023-07-12,ALPN,74.59,399393,CHF
2023-07-12,BRGN,259.36,285086,CHF
2023-07-12,DELT,58.13,303531,EUR
2023-07-12,EDLW,42.31,141998,CHF
2023-07-12,FJRD,30.55,347352,USD
2023-07-12,GLAC,30.71,331049,CHF
2023-07-12,HELV,110.88,42197,CHF
2023-07-12,IBEX,14.14,343120,EUR
2023-07-12,JURA,4428.37,255709,CHF
2023-07-13,ALPN,75.09,268380,CHF
2023-07-13,BRGN,255.68,323421,CHF
2023-07-13,DELT,58.12,272475,EUR
2023-07-13,EDLW,42.44,270500,CHF
2023-07-13,FJRD,31.2,66116,USD
2023-07-13,GLAC,30.95,202216,CHF
2023-07-13,HELV,111.42,172437,CHF
2023-07-13,IBEX,14.17,34234,EUR
2023-07-13,JURA,4392.76,212654,CHF
2023-07-14,ALPN,75.34,290927,CHF
2023-07-14,BRGN,255.88,118474,CHF
2023-07-14,DELT,57.72,286974,EUR
2023-07-14,EDLW,42.44,370285,CHF
2023-07-14,FJRD,30.54,60344,USD
2023-07-14,GLAC,31.15,227536,CHF
2023-07-14,HELV,113.3,67700,CHF
2023-07-14,IBEX,14.28,374483,EUR
2023-07-14,JURA,4363.42,191172,CHF
2023-07-17,ALPN,72.86,228014,CHF
2023-07-17,BRGN,257.39,73391,CHF
2023-07-17,DELT,56.13,58188,EUR
2023-07-17,EDLW,42.67,67403,CHF
2023-07-17,FJRD,29.62,173961,USD
2023-07-17,GLAC,29.48,121744,CHF
2023-07-17,HELV,110.54,281909,CHF
2023-07-17,IBEX,14.17,310288,EUR
2023-07-17,JURA,4353.57,234699,CHF
2023-07-18,ALPN,74.7,51235,CHF
2023-07-18,BRGN,262.3,222654,CHF
2023-07-18,DELT,55.36,23931,EUR
2023-07-18,EDLW,42.87,197834,CHF
2023-07-18,FJRD,29.79,161124,USD
2023-07-18,GLAC,29.21,393661,CHF
2023-07-18,HELV,110.16,76525,CHF
2023-07-18,IBEX,14.01,153541,EUR
2023-07-18,JURA,4226.99,210028,CHF
2023-07-19,ALPN,72.92,205703,CHF
2023-07-19,BRGN,263.73,68138,CHF
2023-07-19,DELT,54.02,213814,EUR
2023-07-19,EDLW,42.57,117944,CHF
2023-07-19,FJRD,29.33,190408,USD
2023-07-19,GLAC,30.24,355201,CHF
2023-07-19,HELV,110.24,285847,CHF
2023-07-19,IBEX,13.84,226639,EUR
2023-07-19,JURA,4142.75,104082,CHF
2023-07-20,ALPN,72.83,237221,CHF
2023-07-20,BRGN,263.54,48979,CHF
2023-07-20,DELT,53.89,229794,EUR
2023-07-20,EDLW,43.42,59549,CHF
2023-07-20,FJRD,29.22,141752,USD
2023-07-20,GLAC,30.63,277568,CHF
2023-07-20,HELV,110.74,399789,CHF
2023-07-20,IBEX,13.91,45934,EUR
2023-07-20,JURA,4155.66,242608,CHF
2023-07-21,ALPN,72.53,212443,CHF
2023-07-21,BRGN,265.34,330891,CHF
2023-07-21,DELT,54.11,25025,EUR
2023-07-21,EDLW,43.61,145319,CHF
2023-07-21,FJRD,29.36,221336,USD
2023-07-21,GLAC,31.12,141217,CHF
2023-07-21,HELV,111.68,233566,CHF
2023-07-21,IBEX,13.74,76421,EUR
2023-07-21,JURA,4103.94,195800,CHF
2023-07-24,ALPN,71.71,210048,CHF
2023-07-24,BRGN,266.41,63993,CHF
2023-07-24,DELT,53.83,80469,EUR
2023-07-24,EDLW,43.53,312548,CHF
2023-07-24,FJRD,29.79,340254,USD
2023-07-24,GLAC,30.48,226706,CHF
2023-07-24,HELV,110.87,395958,CHF
2023-07-24,IBEX,13.71,296049,EUR
2023-07-24,JURA,4076.33,311679,CHF
2023-07-25,ALPN,71.81,236901,CHF
2023-07-25,BRGN,270.37,317049,CHF
2023-07-25,DELT,53.37,20159,EUR
2023-07-25,EDLW,43.23,148391,CHF
2023-07-25,FJRD,29.7,33314,USD
2023-07-25,GLAC,30.97,323079,CHF
2023-07-25,HELV,109.64,262105,CHF
2023-07-25,IBEX,13.78,323458,EUR
2023-07-25,JURA,4127.55,94720,CHF
2023-07-26,ALPN,71.63,252045,CHF
2023-07-26,BRGN,274.76,106294,CHF
2023-07-26,DELT,53.95,185305,EUR
2023-07-26,EDLW,43.15,27681,CHF
2023-07-26,FJRD,30.42,362134,USD
2023-07-26,GLAC,31.58,272718,CHF
2023-07-26,HELV,108.7,100082,CHF
2023-07-26,IBEX,13.55,380298,EUR
2023-07-26,JURA,4249.41,307786,CHF
2023-07-27,ALPN,71.55,117611,CHF
2023-07-27,BRGN,273.32,351897,CHF
2023-07-27,DELT,54.16,284479,EUR
2023-07-27,EDLW,43.06,330578,CHF
2023-07-27,FJRD,30.01,148943,USD
2023-07-27,GLAC,31.53,182039,CHF
2023-07-27,HELV,109.24,129733,CHF
2023-07-27,IBEX,13.76,177611,EUR
2023-07-27,JURA,4205.42,296886,CHF
2023-07-28,ALPN,72.76,156852,CHF
2023-07-28,BRGN,276.06,181838,CHF
2023-07-28,DELT,56.33,396342,EUR
2023-07-28,EDLW,43.59,235490,CHF
2023-07-28,FJRD,30.84,373004,USD
2023-07-28,GLAC,32.03,238740,CHF
2023-07-28,HELV,113.44,178326,CHF
2023-07-28,IBEX,14.32,297196,EUR
2023-07-28,JURA,4263.21,300493,CHF
2023-07-31,ALPN,72.37,86708,CHF
2023-07-31,BRGN,280.73,377903,CHF
2023-07-31,DELT,56.43,357676,EUR
2023-07-31,EDLW,44.87,78716,CHF
2023-07-31,FJRD,31.31,76035,USD
2023-07-31,GLAC,32.63,381210,CHF
2023-07-31,IBEX,14.45,224305,EUR
2023-08-01,ALPN,72.36,308821,CHF
2023-08-01,BRGN,283.33,367196,CHF
2023-08-01,DELT,56.65,88729,EUR
2023-08-01,EDLW,44.55,42769,CHF
2023-08-01,FJRD,31.04,52736,USD
2023-08-01,GLAC,32.26,386334,CHF
2023-08-01,HELV,114.79,315194,CHF
2023-08-01,IBEX,14.63,363463,EUR
2023-08-01,JURA,4161.01,355125,CHF
2023-08-02,ALPN,72.38,50945,CHF
2023-08-02,BRGN,282.65,91748,CHF
2023-08-02,DELT,54.7,390783,EUR
2023-08-02,EDLW,45.14,163549,CHF
2023-08-02,FJRD,30.67,341891,USD
2023-08-02,GLAC,30.97,81694,CHF
2023-08-02,HELV,114.84,159719,CHF
2023-08-02,IBEX,14.2,208851,EUR
2023-08-02,JURA,4096.38,92917,CHF
2023-08-03,ALPN,74.4,266214,CHF
2023-08-03,BRGN,284.71,230598,CHF
2023-08-03,DELT,54.97,393126,EUR
2023-08-03,EDLW,44.56,105982,CHF
2023-08-03,FJRD,30.5,170462,USD
2023-08-03,GLAC,31.8,377551,CHF
2023-08-03,HELV,115.76,353760,CHF
2023-08-03,IBEX,14.29,66863,EUR
2023-08-03,JURA,4135.16,383639,CHF
2023-08-04,ALPN,74.4,368527,CHF
2023-08-04,BRGN,275.33,396823,CHF
2023-08-04,DELT,55.35,399036,EUR
2023-08-04,EDLW,44.82,283840,CHF
2023-08-04,FJRD,30.23,341930,USD
2023-08-04,GLAC,31.94,95088,CHF
2023-08-04,HELV,114.59,284558,CHF
2023-08-04,IBEX,14.79,89843,EUR
2023-08-04,JURA,4'119.45,257617,CHF
2023-08-07,ALPN,74.99,91741,CHF
2023-08-07,BRGN,281.98,45891,CHF
2023-08-07,DELT,57.2,296601,EUR
2023-08-07,EDLW,45.15,199117,CHF
2023-08-07,FJRD,30.81,107190,USD
2023-08-07,GLAC,33.16,290627,CHF
2023-08-07,HELV,116.9,331185,CHF
2023-08-07,IBEX,15.16,332686,EUR
2023-08-07,JURA,4189.63,393509,CHF
2023-08-08,ALPN,74.61,55840,CHF
2023-08-08,BRGN,284.59,364301,CHF
2023-08-08,DELT,57.31,250993,EUR
2023-08-08,EDLW,45.35,282726,CHF
2023-08-08,FJRD,30.67,198502,USD
2023-08-08,GLAC,33.13,61709,CHF
2023-08-08,HELV,116.81,191638,CHF
2023-08-08,IBEX,14.99,44993,EUR
2023-08-08,JURA,4168.1,338289,CHF
2023-08-09,ALPN,73.12,254925,CHF
2023-08-09,BRGN,282.68,380975,CHF
2023-08-09,DELT,57.02,287813,EUR
2023-08-09,EDLW,45.2,255534,CHF
2023-08-09,FJRD,30.25,357371,USD
2023-08-09,GLAC,33.02,147145,CHF
2023-08-09,HELV,116.51,303177,CHF
2023-08-09,IBEX,14.75,191512,EUR
2023-08-09,JURA,4138.56,230932,CHF
2023-08-10,ALPN,72.62,51281,CHF
2023-08-10,BRGN,281.99,363472,CHF
2023-08-10,DELT,55.7,294815,EUR
2023-08-10,EDLW,44.5,385455,CHF
2023-08-10,FJRD,29.81,331470,USD
2023-08-10,GLAC,32.82,200681,CHF
2023-08-10,HELV,114.36,279712,CHF
2023-08-10,IBEX,14.28,33683,EUR
2023-08-10,JURA,4052.03,159482,CHF
2023-08-11,ALPN,73.4,229605,CHF
2023-08-11,BRGN,285.63,183029,CHF
2023-08-11,DELT,55.05,229796,EUR
2023-08-11,EDLW,45.13,294355,CHF
2023-08-11,FJRD,29.9,177890,USD
2023-08-11,GLAC,32.82,317984,CHF
2023-08-11,HELV,114.58,366260,CHF
2023-08-11,IBEX,14.43,185643,EUR
2023-08-11,JURA,4092.49,223638,CHF
2023-08-14,ALPN,74.29,266048,CHF
2023-08-14,BRGN,291.67,50171,CHF
2023-08-14,DELT,55.47,57092,EUR
2023-08-14,EDLW,45.05,347097,CHF
2023-08-14,FJRD,30.11,74100,USD
2023-08-14,GLAC,33.53,30387,CHF
2023-08-14,HELV,115.32,85604,CHF
2023-08-14,IBEX,14.47,138645,EUR
2023-08-14,JURA,4181.72,326273,CHF
2023-08-15,ALPN,75.25,142605,CHF
2023-08-15,BRGN,297.6,109849,CHF
2023-08-15,DELT,55.86,99399,EUR
2023-08-15,EDLW,44.59,385630,CHF
2023-08-15,FJRD,30.72,159972,USD
2023-08-15,GLAC,34.04,333155,CHF
2023-08-15,HELV,116.77,342408,CHF
2023-08-15,IBEX,14.43,387506,EUR
2023-08-15,JURA,4211.19,107820,CHF
2023-08-16,ALPN,75.31,332181,CHF
2023-08-16,BRGN,289.71,315693,CHF
2023-08-16,DELT,56.15,204360,EUR
2023-08-16,EDLW,44.54,133064,CHF
2023-08-16,FJRD,31.57,281809,USD
2023-08-16,GLAC,35.59,280631,CHF
2023-08-16,HELV,114.27,337459,CHF
2023-08-16,IBEX,14.56,112135,EUR
2023-08-16,JURA,4268.98,187074,CHF
2023-08-17,ALPN,76.66,199697,CHF
2023-08-17,BRGN,297.95,54165,CHF
2023-08-17,DELT,57.21,252360,EUR
2023-08-17,EDLW,44.42,268491,CHF
2023-08-17,FJRD,31.79,209459,USD
2023-08-17,GLAC,36.01,95288,CHF
2023-08-17,HELV,115.82,265506,CHF
2023-08-17,IBEX,14.81,73699,EUR
2023-08-17,JURA,4363.69,143039,CHF
2023-08-18,ALPN,76.7,305362,CHF
2023-08-18,BRGN,293.16,358081,CHF
2023-08-18,DELT,58.59,256551,EUR
2023-08-18,EDLW,44.93,194337,CHF
2023-08-18,FJRD,32.06,22128,USD
2023-08-18,GLAC,36.04,396715,CHF
2023-08-18,HELV,119.38,98820,CHF
2023-08-18,IBEX,14.97,252345,EUR
2023-08-18,JURA,4523.69,197270,CHF
2023-08-21,ALPN,76.3,237058,CHF
2023-08-21,BRGN,291.03,336887,CHF
2023-08-21,DELT,57.11,62909,EUR
2023-08-21,EDLW,43.88,115228,CHF
2023-08-21,FJRD,31.94,309265,USD
2023-08-21,GLAC,35.9,187490,CHF
2023-08-21,HELV,119.52,49173,CHF
2023-08-21,IBEX,14.76,34545,EUR
2023-08-21,JURA,4528.09,144447,CHF
2023-08-22,ALPN,77.31,177869,CHF
2023-08-22,BRGN,289.58,228749,CHF
2023-08-22,DELT,56.14,42037,EUR
2023-08-22,EDLW,44.03,344765,CHF
2023-08-22,FJRD,32.43,88527,USD
2023-08-22,GLAC,35.97,203592,CHF
2023-08-22,HELV,119.33,242651,CHF
2023-08-22,IBEX,14.62,197941,EUR
2023-08-22,JURA,4488.0,342220,CHF
2023-08-22,JURA,4488.0,342220,CHF
2023-08-23,ALPN,77.03,340733,CHF
2023-08-23,BRGN,287.16,238415,CHF
2023-08-23,DELT,55.17,308855,EUR
2023-08-23,EDLW,44.97,152097,CHF
2023-08-23,FJRD,33.0,263640,USD
2023-08-23,GLAC,35.84,356962,CHF
2023-08-23,HELV,121.19,93377,CHF
2023-08-23,IBEX,14.43,76966,EUR
2023-08-23,JURA,4545.07,336008,CHF
2023-08-24,ALPN,77.65,97397,CHF
2023-08-24,BRGN,287.14,223433,CHF
2023-08-24,DELT,55.36,259065,EUR
2023-08-24,EDLW,44.98,86750,CHF
2023-08-24,FJRD,33.2,201309,USD
2023-08-24,GLAC,36.14,213806,CHF
2023-08-24,IBEX,14.48,84735,EUR
2023-08-24,JURA,4662.25,252027,CHF
2023-08-25,ALPN,75.78,330416,CHF
2023-08-25,BRGN,285.83,168122,CHF
2023-08-25,DELT,56.11,42012,EUR
2023-08-25,EDLW,45.29,37256,CHF
2023-08-25,FJRD,32.74,235224,USD
2023-08-25,GLAC,35.18,228714,CHF
2023-08-25,HELV,117.1,312831,CHF
2023-08-25,IBEX,14.69,120825,EUR
2023-08-25,JURA,4659.43,189382,CHF
2023-08-28,ALPN,76.18,259245,CHF
2023-08-28,BRGN,282.3,145138,CHF
2023-08-28,DELT,54.35,52280,EUR
2023-08-28,EDLW,45.84,233379,CHF
2023-08-28,FJRD,33.35,67065,USD
2023-08-28,GLAC,34.5,180023,CHF
2023-08-28,HELV,116.03,362011,CHF
2023-08-28,IBEX,14.35,310867,EUR
2023-08-28,JURA,4613.58,287744,CHF
2023-08-29,ALPN,76.54,131597,CHF
2023-08-29,BRGN,284.78,178153,CHF
2023-08-29,DELT,54.95,59476,EUR
2023-08-29,EDLW,46.75,143962,CHF
2023-08-29,FJRD,33.72,232363,USD
2023-08-29,GLAC,34.56,331212,CHF
2023-08-29,HELV,117.14,266544,CHF
2023-08-29,IBEX,14.47,384164,EUR
2023-08-29,JURA,4624.62,185605,CHF
2023-08-30,ALPN,77.59,277048,CHF
2023-08-30,BRGN,288.65,316197,CHF
2023-08-30,DELT,57.14,335243,EUR
2023-08-30,DELT,57.14,335243,EUR
2023-08-30,EDLW,46.16,147945,CHF
2023-08-30,FJRD,34.13,352958,USD
2023-08-30,GLAC,35.29,374102,CHF
2023-08-30,HELV,116.75,92129,CHF
2023-08-30,IBEX,14.7,356118,EUR
2023-08-30,JURA,4586.06,67050,CHF
2023-08-31,ALPN,74.67,375058,CHF
2023-08-31,BRGN,291.22,343362,CHF
2023-08-31,DELT,57.45,73551,EUR
2023-08-31,EDLW,46.7,364894,CHF
2023-08-31,FJRD,33.73,97981,USD
2023-08-31,GLAC,34.75,361945,CHF
2023-08-31,HELV,116.14,295355,CHF
2023-08-31,IBEX,14.91,83821,EUR
2023-08-31,JURA,4549.09,227200,CHF
2023-09-01,ALPN,72.71,277551,CHF
2023-09-01,BRGN,289.89,208223,CHF
2023-09-01,DELT,56.02,378443,EUR
2023-09-01,EDLW,46.88,215198,CHF
2023-09-01,FJRD,33.78,361323,USD
2023-09-01,GLAC,33.92,324961,CHF
2023-09-01,HELV,116.53,195148,CHF
2023-09-01,IBEX,14.46,290653,EUR
2023-09-01,JURA,4'460.36,158361,CHF
2023-09-04,ALPN,73.21,152882,CHF
2023-09-04,BRGN,290.16,102140,CHF
2023-09-04,DELT,56.09,323403,EUR
2023-09-04,EDLW,46.47,287884,CHF
2023-09-04,FJRD,34.09,160365,USD
2023-09-04,GLAC,34.24,99787,CHF
2023-09-04,HELV,116.51,235019,CHF
2023-09-04,IBEX,14.47,186088,EUR
2023-09-04,JURA,4444.0,91239,CHF
2023-09-05,ALPN,74.25,121703,CHF
2023-09-05,BRGN,288.03,156455,CHF
2023-09-05,DELT,57.14,362386,EUR
2023-09-05,EDLW,46.4,97635,CHF
2023-09-05,FJRD,34.4,277656,USD
2023-09-05,GLAC,34.53,50473,CHF
2023-09-05,HELV,117.05,224499,CHF
2023-09-05,IBEX,14.53,135579,EUR
2023-09-05,JURA,4529.39,295792,CHF
2023-09-06,ALPN,74.86,182126,CHF
2023-09-06,BRGN,288.59,110682,CHF
2023-09-06,DELT,57.15,114694,EUR
2023-09-06,EDLW,46.33,340960,CHF
2023-09-06,FJRD,35.62,55187,USD
2023-09-06,GLAC,34.93,274384,CHF
2023-09-06,HELV,116.2,279206,CHF
2023-09-06,IBEX,14.71,324040,EUR
2023-09-06,JURA,4540.39,45298,CHF
2023-09-07,ALPN,74.85,118009,CHF
2023-09-07,BRGN,283.32,306770,CHF
2023-09-07,DELT,57.57,62964,EUR
2023-09-07,EDLW,46.89,169001,CHF
2023-09-07,FJRD,36.12,185167,USD
2023-09-07,GLAC,35.52,344355,CHF
2023-09-07,HELV,114.9,213742,CHF
2023-09-07,IBEX,14.89,308861,EUR
2023-09-07,JURA,4620.52,343059,CHF
2023-09-08,ALPN,74.8,124201,CHF
2023-09-08,BRGN,287.42,61356,CHF
2023-09-08,DELT,56.85,102743,EUR
2023-09-08,EDLW,46.77,107661,CHF
2023-09-08,FJRD,35.24,164491,USD
2023-09-08,GLAC,34.87,81939,CHF
2023-09-08,HELV,112.74,351723,CHF
2023-09-08,IBEX,14.46,94284,EUR
2023-09-08,JURA,4575.37,353305,CHF
2023-09-11,ALPN,73.0,87453,CHF
2023-09-11,BRGN,284.86,81424,CHF
2023-09-11,DELT,56.8,48940,EUR
2023-09-11,EDLW,45.94,150085,CHF
2023-09-11,FJRD,34.87,257094,USD
2023-09-11,GLAC,33.99,63754,CHF
2023-09-11,HELV,111.73,387518,CHF
2023-09-11,IBEX,14.37,295756,EUR
2023-09-11,JURA,4475.62,374757,CHF
2023-09-12,BRGN,287.84,296887,CHF
2023-09-12,DELT,57.42,62582,EUR
2023-09-12,EDLW,46.99,139387,CHF
2023-09-12,FJRD,35.23,396168,USD
2023-09-12,GLAC,34.54,238611,CHF
2023-09-12,HELV,113.43,124972,CHF
2023-09-12,IBEX,14.65,277545,EUR
2023-09-12,JURA,4496.32,368492,CHF
2023-09-13,ALPN,72.9,361349,CHF
2023-09-13,BRGN,283.84,165556,CHF
2023-09-13,DELT,56.97,155285,EUR
2023-09-13,EDLW,47.13,319149,CHF
2023-09-13,FJRD,34.7,45659,USD
2023-09-13,GLAC,34.69,168044,CHF
2023-09-13,HELV,111.38,129406,CHF
2023-09-13,IBEX,14.59,351061,EUR
2023-09-13,JURA,4489.16,311115,CHF
2023-09-14,ALPN,73.76,31988,CHF
2023-09-14,BRGN,281.46,85284,CHF
2023-09-14,DELT,58.48,46969,EUR
2023-09-14,EDLW,46.93,181103,CHF
2023-09-14,FJRD,35.55,250804,USD
2023-09-14,GLAC,34.66,395794,CHF
2023-09-14,HELV,112.28,302204,CHF
2023-09-14,IBEX,14.77,365821,EUR
2023-09-14,JURA,4424.89,249727,CHF
2023-09-15,ALPN,73.22,254984,CHF
2023-09-15,BRGN,274.71,255430,CHF
2023-09-15,DELT,57.95,204969,EUR
2023-09-15,EDLW,46.25,270335,CHF
2023-09-15,FJRD,35.18,83305,USD
2023-09-15,GLAC,35.17,186527,CHF
2023-09-15,HELV,116.01,350039,CHF
2023-09-15,IBEX,14.89,205590,EUR
2023-09-15,JURA,4405.89,67266,CHF
2023-09-18,ALPN,76.7,385713,CHF
2023-09-18,BRGN,273.23,212603,CHF
2023-09-18,DELT,59.7,375539,EUR
2023-09-18,EDLW,46.62,324798,CHF
2023-09-18,FJRD,35.74,316733,USD
2023-09-18,GLAC,35.09,35871,CHF
2023-09-18,HELV,117.34,85901,CHF
2023-09-18,IBEX,14.94,90804,EUR
2023-09-18,JURA,4496.77,206327,CHF
2023-09-19,ALPN,77.5,333561,CHF
2023-09-19,BRGN,277.29,202674,CHF
2023-09-19,DELT,59.73,124637,EUR
2023-09-19,EDLW,47.14,68249,CHF
2023-09-19,FJRD,36.54,132914,USD
2023-09-19,GLAC,35.29,312167,CHF
2023-09-19,HELV,118.06,139190,CHF
2023-09-19,IBEX,15.13,395956,EUR
2023-09-19,JURA,4525.89,268365,CHF
2023-09-20,ALPN,78.22,94969,CHF
2023-09-20,BRGN,280.85,59266,CHF
2023-09-20,DELT,60.47,243932,EUR
2023-09-20,EDLW,47.46,77232,CHF
2023-09-20,FJRD,36.89,209719,USD
2023-09-20,GLAC,35.56,383544,CHF
2023-09-20,HELV,117.57,34690,CHF
2023-09-20,IBEX,15.46,330800,EUR
2023-09-20,JURA,4532.03,370239,CHF
2023-09-21,ALPN,79.2,164994,CHF
2023-09-21,BRGN,284.98,58846,CHF
2023-09-21,DELT,60.31,86956,EUR
2023-09-21,EDLW,48.09,61102,CHF
2023-09-21,FJRD,36.86,168944,USD
2023-09-21,GLAC,35.72,91019,CHF
2023-09-21,HELV,116.59,231762,CHF
2023-09-21,IBEX,15.64,272203,EUR
2023-09-21,JURA,4570.03,310215,CHF
2023-09-22,ALPN,78.28,395694,CHF
2023-09-22,BRGN,284.23,54395,CHF
2023-09-22,DELT,59.37,297301,EUR
2023-09-22,EDLW,47.29,67830,CHF
2023-09-22,FJRD,36.38,26671,USD
2023-09-22,GLAC,34.05,47183,CHF
2023-09-22,HELV,116.01,299781,CHF
2023-09-22,IBEX,15.68,340102,EUR
2023-09-22,JURA,4544.46,94848,CHF
2023-09-25,ALPN,78.89,103475,CHF
2023-09-25,BRGN,289.93,96963,CHF
2023-09-25,DELT,59.4,153726,EUR
2023-09-25,EDLW,46.53,42300,CHF
2023-09-25,FJRD,36.27,346824,USD
2023-09-25,GLAC,34.16,289591,CHF
2023-09-25,HELV,119.04,266497,CHF
2023-09-25,IBEX,15.94,29371,EUR
2023-09-25,JURA,4477.71,201428,CHF
2023-09-26,ALPN,80.23,399227,CHF
2023-09-26,BRGN,286.17,374752,CHF
2023-09-26,DELT,60.27,223243,EUR
2023-09-26,EDLW,46.63,221410,CHF
2023-09-26,FJRD,35.95,28718,USD
2023-09-26,GLAC,33.87,65034,CHF
2023-09-26,HELV,118.47,293022,CHF
2023-09-26,IBEX,16.1,237586,EUR
2023-09-26,JURA,4541.09,47475,CHF
2023-09-27,ALPN,78.34,112803,CHF
2023-09-27,BRGN,284.82,221685,CHF
2023-09-27,DELT,60.5,210827,EUR
2023-09-27,EDLW,46.21,296993,CHF
2023-09-27,FJRD,34.82,197551,USD
2023-09-27,GLAC,32.68,201855,CHF
2023-09-27,HELV,115.7,94355,CHF
2023-09-27,IBEX,15.98,378433,EUR
2023-09-27,JURA,4563.25,219920,CHF
2023-09-28,ALPN,77.17,275668,CHF
2023-09-28,BRGN,282.65,216101,CHF
2023-09-28,DELT,59.83,224932,EUR
2023-09-28,EDLW,46.43,228582,CHF
2023-09-28,FJRD,34.21,294599,USD
2023-09-28,GLAC,32.29,72139,CHF
2023-09-28,HELV,115.28,239733,CHF
2023-09-28,IBEX,15.82,87780,EUR
2023-09-28,JURA,4616.14,133168,CHF
2023-09-29,ALPN,76.75,255680,CHF
2023-09-29,BRGN,289.76,386363,CHF
2023-09-29,DELT,59.94,316468,EUR
2023-09-29,EDLW,46.92,279215,CHF
2023-09-29,FJRD,33.72,240438,USD
2023-09-29,GLAC,32.55,348688,CHF
2023-09-29,HELV,114.57,253253,CHF
2023-09-29,IBEX,15.94,217903,EUR
2023-09-29,JURA,4'562.59,227208,CHF
2023-10-02,ALPN,75.34,351434,CHF
2023-10-02,BRGN,291.79,278790,CHF
2023-10-02,DELT,59.41,230269,EUR
2023-10-02,EDLW,46.5,324278,CHF
2023-10-02,FJRD,33.35,356400,USD
2023-10-02,GLAC,32.52,383739,CHF
2023-10-02,HELV,113.22,302812,CHF
2023-10-02,IBEX,16.11,382608,EUR
2023-10-02,JURA,4586.36,68172,CHF
2023-10-03,ALPN,76.06,384207,CHF
2023-10-03,BRGN,292.79,220054,CHF
2023-10-03,DELT,58.44,206543,EUR
2023-10-03,EDLW,46.36,136491,CHF
2023-10-03,FJRD,33.21,91154,USD
2023-10-03,GLAC,31.3,369168,CHF
2023-10-03,HELV,112.29,328814,CHF
2023-10-03,IBEX,15.59,307049,EUR
2023-10-03,JURA,4567.5,254549,CHF
2023-10-04,ALPN,75.16,104193,CHF
2023-10-04,BRGN,296.99,189373,CHF
2023-10-04,DELT,58.69,356303,EUR
2023-10-04,EDLW,47.4,197466,CHF
2023-10-04,FJRD,34.05,330951,USD
2023-10-04,GLAC,32.41,39336,CHF
2023-10-04,HELV,114.27,332291,CHF
2023-10-04,IBEX,16.07,270936,EUR
2023-10-04,JURA,4593.44,332020,CHF
2023-10-05,ALPN,75.76,229932,CHF
2023-10-05,BRGN,294.42,380894,CHF
2023-10-05,DELT,59.09,248440,EUR
2023-10-05,EDLW,47.63,129755,CHF
2023-10-05,FJRD,34.42,285362,USD
2023-10-05,GLAC,31.96,324295,CHF
2023-10-05,HELV,114.42,193401,CHF
2023-10-05,IBEX,16.01,45919,EUR
2023-10-05,JURA,4585.44,373910,CHF
2023-10-06,ALPN,76.17,26259,CHF
2023-10-06,BRGN,295.95,141085,CHF
2023-10-06,DELT,57.97,163906,EUR
2023-10-06,EDLW,46.93,273303,CHF
2023-10-06,FJRD,34.55,30446,USD
2023-10-06,GLAC,32.58,346417,CHF
2023-10-06,HELV,113.46,144713,CHF
2023-10-06,IBEX,15.86,35344,EUR
2023-10-06,JURA,4615.01,194805,CHF
2023-10-09,ALPN,75.73,185104,CHF
2023-10-09,BRGN,298.88,352155,CHF
2023-10-09,DELT,57.78,146035,EUR
2023-10-09,EDLW,46.11,48365,CHF
2023-10-09,FJRD,35.07,276961,USD
2023-10-09,GLAC,33.37,257922,CHF
2023-10-09,HELV,116.41,95054,CHF
2023-10-09,IBEX,16.21,222834,EUR
2023-10-09,JURA,4571.0,40268,CHF
2023-10-10,ALPN,77.24,96334,CHF
2023-10-10,BRGN,298.56,284403,CHF
2023-10-10,DELT,57.51,350086,EUR
2023-10-10,EDLW,45.91,292821,CHF
2023-10-10,FJRD,34.79,31455,USD
2023-10-10,GLAC,33.36,41666,CHF
2023-10-10,HELV,116.61,387164,CHF
2023-10-10,IBEX,16.17,87783,EUR
2023-10-10,JURA,4570.59,378784,CHF
2023-10-11,ALPN,78.11,270559,CHF
2023-10-11,BRGN,290.34,51390,CHF
2023-10-11,DELT,57.8,333472,EUR
2023-10-11,FJRD,34.1,337218,USD
2023-10-11,GLAC,33.45,243944,CHF
2023-10-11,HELV,117.47,260012,CHF
2023-10-11,IBEX,16.2,177736,EUR
2023-10-11,JURA,4552.3,29404,CHF
2023-10-12,ALPN,77.18,327512,CHF
2023-10-12,BRGN,283.2,348191,CHF
2023-10-12,DELT,57.29,87263,EUR
2023-10-12,EDLW,45.01,187407,CHF
2023-10-12,GLAC,33.33,26417,CHF
2023-10-12,HELV,115.22,155450,CHF
2023-10-12,IBEX,16.2,319813,EUR
2023-10-12,JURA,4538.46,174695,CHF
2023-10-13,ALPN,77.48,233751,CHF
2023-10-13,BRGN,289.19,68500,CHF
2023-10-13,DELT,58.38,30493,EUR
2023-10-13,EDLW,45.58,73874,CHF
2023-10-13,FJRD,34.44,305505,USD
2023-10-13,GLAC,33.83,236525,CHF
2023-10-13,HELV,115.57,278498,CHF
2023-10-13,IBEX,16.22,227465,EUR
2023-10-13,JURA,4596.58,218743,CHF
2023-10-16,ALPN,76.03,182551,CHF
2023-10-16,BRGN,284.15,261694,CHF
2023-10-16,DELT,58.15,126322,EUR
2023-10-16,EDLW,44.89,349323,CHF
2023-10-16,FJRD,33.27,25636,USD
2023-10-16,GLAC,32.81,345972,CHF
2023-10-16,HELV,114.05,308943,CHF
2023-10-16,IBEX,15.54,236952,EUR
2023-10-16,JURA,4467.46,254353,CHF
2023-10-17,ALPN,79.07,339990,CHF
2023-10-17,BRGN,292.95,212760,CHF
2023-10-17,DELT,58.1,117278,EUR
2023-10-17,EDLW,44.99,272778,CHF
2023-10-17,FJRD,33.58,130942,USD
2023-10-17,GLAC,33.23,248085,CHF
2023-10-17,HELV,114.16,296318,CHF
2023-10-17,IBEX,15.83,33383,EUR
2023-10-17,JURA,4529.41,333693,CHF
2023-10-18,ALPN,79.15,336547,CHF
2023-10-18,BRGN,290.61,388533,CHF
2023-10-18,DELT,58.93,268190,EUR
2023-10-18,EDLW,44.9,265683,CHF
2023-10-18,FJRD,34.75,326282,USD
2023-10-18,GLAC,33.02,350757,CHF
2023-10-18,HELV,114.66,243385,CHF
2023-10-18,IBEX,16.0,142644,EUR
2023-10-18,JURA,4510.23,333270,CHF
2023-10-19,ALPN,78.61,226814,CHF
2023-10-19,BRGN,292.21,182167,CHF
2023-10-19,DELT,59.06,262348,EUR
2023-10-19,DELT,59.06,262348,EUR
2023-10-19,EDLW,44.34,102907,CHF
2023-10-19,FJRD,34.57,231297,USD
2023-10-19,GLAC,33.27,137934,CHF
2023-10-19,HELV,116.12,278518,CHF
2023-10-19,IBEX,16.18,395208,EUR
2023-10-20,ALPN,79.19,257420,CHF
2023-10-20,BRGN,299.88,29780,CHF
2023-10-20,DELT,58.71,188958,EUR
2023-10-20,EDLW,44.03,321468,CHF
2023-10-20,FJRD,35.62,50253,USD
2023-10-20,GLAC,34.16,97242,CHF
2023-10-20,HELV,117.25,319874,CHF
2023-10-20,IBEX,16.47,121049,EUR
2023-10-20,JURA,4423.15,265460,CHF
2023-10-23,ALPN,79.77,77961,CHF
2023-10-23,BRGN,302.61,282297,CHF
2023-10-23,DELT,58.96,310282,EUR
2023-10-23,EDLW,43.54,65170,CHF
2023-10-23,FJRD,35.35,397109,USD
2023-10-23,GLAC,33.65,322228,CHF
2023-10-23,HELV,117.33,105563,CHF
2023-10-23,IBEX,16.37,192280,EUR
2023-10-23,JURA,4485.44,357303,CHF
2023-10-24,ALPN,79.19,131473,CHF
2023-10-24,BRGN,304.63,341314,CHF
2023-10-24,DELT,60.2,314400,EUR
2023-10-24,EDLW,43.75,186462,CHF
2023-10-24,FJRD,35.47,214825,USD
2023-10-24,GLAC,33.62,87040,CHF
2023-10-24,HELV,118.93,228824,CHF
2023-10-24,IBEX,16.1,230014,EUR
2023-10-24,JURA,4494.46,35646,CHF
2023-10-25,ALPN,78.04,138158,CHF
2023-10-25,BRGN,307.84,160223,CHF
2023-10-25,DELT,59.15,51230,EUR
2023-10-25,EDLW,44.6,292311,CHF
2023-10-25,FJRD,35.04,24480,USD
2023-10-25,GLAC,33.95,172369,CHF
2023-10-25,HELV,121.72,128861,CHF
2023-10-25,IBEX,16.44,316555,EUR
2023-10-25,JURA,4504.3,188571,CHF
2023-10-26,ALPN,78.53,225167,CHF
2023-10-26,BRGN,304.63,129510,CHF
2023-10-26,DELT,59.44,31719,EUR
2023-10-26,EDLW,44.3,121198,CHF
2023-10-26,FJRD,35.95,60855,USD
2023-10-26,GLAC,34.53,20469,CHF
2023-10-26,HELV,123.73,52748,CHF
2023-10-26,IBEX,17.04,334491,EUR
2023-10-26,JURA,4537.38,246359,CHF
2023-10-27,ALPN,77.82,345521,CHF
2023-10-27,BRGN,307.17,199549,CHF
2023-10-27,DELT,60.4,144687,EUR
2023-10-27,EDLW,44.28,305161,CHF
2023-10-27,FJRD,37.21,204981,USD
2023-10-27,GLAC,34.68,321050,CHF
2023-10-27,HELV,125.93,247246,CHF
2023-10-27,IBEX,17.06,164834,EUR
2023-10-27,JURA,4527.3,257842,CHF
2023-10-30,ALPN,78.99,76624,CHF
2023-10-30,BRGN,310.35,79755,CHF
2023-10-30,DELT,61.19,261953,EUR
2023-10-30,EDLW,43.74,170647,CHF
2023-10-30,FJRD,36.35,50047,USD
2023-10-30,GLAC,34.1,300156,CHF
2023-10-30,HELV,128.08,311744,CHF
2023-10-30,IBEX,16.9,290740,EUR
2023-10-30,JURA,4'477.91,68877,CHF
2023-10-31,ALPN,78.96,303084,CHF
2023-10-31,BRGN,308.61,310781,CHF
2023-10-31,DELT,60.92,357768,EUR
2023-10-31,EDLW,43.37,25972,CHF
2023-10-31,FJRD,35.95,243025,USD
2023-10-31,GLAC,33.97,374072,CHF
2023-10-31,HELV,124.4,70134,CHF
2023-10-31,IBEX,16.77,52756,EUR
2023-10-31,JURA,4400.27,293851,CHF
2023-11-01,ALPN,81.09,173883,CHF
2023-11-01,BRGN,316.67,302994,CHF
2023-11-01,DELT,60.47,277096,EUR
2023-11-01,EDLW,42.78,228162,CHF
2023-11-01,FJRD,35.52,194371,USD
2023-11-01,GLAC,34.19,202034,CHF
2023-11-01,IBEX,16.79,60707,EUR
2023-11-01,JURA,4305.34,279783,CHF
2023-11-02,ALPN,82.01,388442,CHF
2023-11-02,BRGN,323.87,225860,CHF
2023-11-02,DELT,59.78,108445,EUR
2023-11-02,EDLW,43.11,42887,CHF
2023-11-02,FJRD,35.7,151137,USD
2023-11-02,GLAC,33.96,98363,CHF
2023-11-02,HELV,123.36,134487,CHF
2023-11-02,IBEX,16.98,328641,EUR
2023-11-02,JURA,4208.44,39149,CHF
2023-11-03,ALPN,84.05,81782,CHF
2023-11-03,BRGN,325.51,104312,CHF
2023-11-03,DELT,59.72,347134,EUR
2023-11-03,EDLW,43.35,332470,CHF
2023-11-03,FJRD,36.29,127518,USD
2023-11-03,GLAC,33.98,47019,CHF
2023-11-03,HELV,124.64,136535,CHF
2023-11-03,IBEX,17.45,148949,EUR
2023-11-03,JURA,4204.4,353078,CHF
2023-11-06,ALPN,85.03,127140,CHF
2023-11-06,BRGN,337.44,289903,CHF
2023-11-06,DELT,59.45,40242,EUR
2023-11-06,EDLW,43.23,259765,CHF
2023-11-06,FJRD,36.61,209728,USD
2023-11-06,GLAC,34.85,355283,CHF
2023-11-06,HELV,,245509,CHF
2023-11-06,IBEX,17.8,334877,EUR
2023-11-06,JURA,4159.7,54292,CHF
2023-11-07,ALPN,85.98,291546,CHF
2023-11-07,BRGN,325.48,202571,CHF
2023-11-07,DELT,59.63,372891,EUR
2023-11-07,EDLW,44.86,360193,CHF
2023-11-07,FJRD,37.15,226756,USD
2023-11-07,GLAC,35.62,379450,CHF
2023-11-07,HELV,129.02,257493,CHF
2023-11-07,IBEX,18.11,152155,EUR
2023-11-07,JURA,4182.52,248264,CHF
2023-11-08,ALPN,86.61,223414,CHF
2023-11-08,BRGN,327.8,189718,CHF
2023-11-08,DELT,61.56,101231,EUR
2023-11-08,EDLW,44.84,254505,CHF
2023-11-08,FJRD,38.08,74797,USD
2023-11-08,GLAC,36.65,222538,CHF
2023-11-08,HELV,130.52,202963,CHF
2023-11-08,IBEX,18.7,98009,EUR
2023-11-08,JURA,4168.86,200447,CHF
2023-11-09,ALPN,88.14,163331,CHF
2023-11-09,BRGN,334.45,164507,CHF
2023-11-09,DELT,61.62,249966,EUR
2023-11-09,EDLW,45.35,188292,CHF
2023-11-09,FJRD,37.73,155240,USD
2023-11-09,GLAC,37.38,386686,CHF
2023-11-09,HELV,133.83,59276,CHF
2023-11-09,IBEX,18.92,36956,EUR
2023-11-09,JURA,4173.33,183890,CHF
2023-11-10,ALPN,88.74,298751,CHF
2023-11-10,BRGN,334.86,50614,CHF
2023-11-10,DELT,63.18,246182,EUR
2023-11-10,EDLW,45.69,24990,CHF
2023-11-10,FJRD,38.04,89907,USD
2023-11-10,GLAC,37.67,78890,CHF
2023-11-10,HELV,135.18,269447,CHF
2023-11-10,IBEX,19.21,298407,EUR
2023-11-10,JURA,4289.33,71523,CHF
2023-11-13,ALPN,88.55,251461,CHF
2023-11-13,BRGN,334.02,239192,CHF
2023-11-13,DELT,63.21,140822,EUR
2023-11-13,EDLW,45.88,88061,CHF
2023-11-13,FJRD,38.12,126787,USD
2023-11-13,GLAC,37.96,278343,CHF
2023-11-13,HELV,134.25,276245,CHF
2023-11-13,IBEX,19.25,258647,EUR
2023-11-13,JURA,4369.84,167479,CHF
2023-11-14,ALPN,88.71,285008,CHF
2023-11-14,BRGN,334.83,356323,CHF
2023-11-14,DELT,63.33,254264,EUR
2023-11-14,EDLW,45.8,181568,CHF
2023-11-14,FJRD,38.29,57025,USD
2023-11-14,GLAC,38.26,98151,CHF
2023-11-14,HELV,132.5,294810,CHF
2023-11-14,IBEX,19.47,31037,EUR
2023-11-14,JURA,4379.72,20910,CHF
2023-11-15,ALPN,88.37,271827,CHF
2023-11-15,BRGN,329.0,153888,CHF
2023-11-15,DELT,63.27,295436,EUR
2023-11-15,EDLW,45.67,146525,CHF
2023-11-15,FJRD,37.44,269096,USD
2023-11-15,GLAC,38.0,163434,CHF
2023-11-15,HELV,131.31,138106,CHF
2023-11-15,IBEX,19.63,365082,EUR
2023-11-15,JURA,4363.57,53192,CHF
2023-11-16,ALPN,88.76,154462,CHF
2023-11-16,BRGN,334.03,379121,CHF
2023-11-16,DELT,64.35,389676,EUR
2023-11-16,EDLW,44.88,321513,CHF
2023-11-16,FJRD,37.13,288641,USD
2023-11-16,GLAC,38.03,197918,CHF
2023-11-16,HELV,132.72,348125,CHF
2023-11-16,IBEX,19.92,333072,EUR
2023-11-16,JURA,4427.38,221088,CHF
2023-11-17,ALPN,90.95,392620,CHF
2023-11-17,BRGN,345.59,299957,CHF
2023-11-17,DELT,64.28,293650,EUR
2023-11-17,EDLW,45.28,28691,CHF
2023-11-17,FJRD,37.87,33184,USD
2023-11-17,GLAC,39.02,59097,CHF
2023-11-17,HELV,132.98,160828,CHF
2023-11-17,IBEX,20.37,145954,EUR
2023-11-17,JURA,4503.48,244288,CHF
2023-11-20,ALPN,89.39,322540,CHF
2023-11-20,BRGN,333.75,339565,CHF
2023-11-20,DELT,62.74,159048,EUR
2023-11-20,EDLW,44.79,283225,CHF
2023-11-20,FJRD,37.4,193699,USD
2023-11-20,GLAC,37.94,337245,CHF
2023-11-20,HELV,131.35,256005,CHF
2023-11-20,IBEX,19.98,251119,EUR
2023-11-20,JURA,4411.11,332447,CHF
2023-11-21,ALPN,87.97,149244,CHF
2023-11-21,BRGN,329.13,331088,CHF
2023-11-21,DELT,63.26,194955,EUR
2023-11-21,EDLW,44.7,135826,CHF
2023-11-21,FJRD,36.97,337102,USD
2023-11-21,GLAC,37.45,155199,CHF
2023-11-21,HELV,129.33,184331,CHF
2023-11-21,IBEX,19.96,235702,EUR
2023-11-21,JURA,4416.2,165552,CHF
2023-11-22,ALPN,87.72,246495,CHF
2023-11-22,BRGN,322.6,392368,CHF
2023-11-22,DELT,62.6,275431,EUR
2023-11-22,EDLW,44.14,334520,CHF
2023-11-22,GLAC,36.85,145549,CHF
2023-11-22,HELV,128.33,371313,CHF
2023-11-22,IBEX,19.56,146106,EUR
2023-11-22,JURA,4278.05,47799,CHF
2023-11-23,ALPN,87.91,91585,CHF
2023-11-23,BRGN,326.08,366611,CHF
2023-11-23,DELT,61.97,282218,EUR
2023-11-23,EDLW,44.73,45098,CHF
2023-11-23,FJRD,36.52,138996,USD
2023-11-23,GLAC,36.9,147552,CHF
2023-11-23,HELV,127.24,175290,CHF
2023-11-23,IBEX,19.83,104781,EUR
2023-11-23,JURA,4242.3,79036,CHF
2023-11-24,ALPN,87.38,281273,CHF
2023-11-24,BRGN,323.27,164647,CHF
2023-11-24,DELT,61.58,278399,EUR
2023-11-24,EDLW,44.8,131652,CHF
2023-11-24,FJRD,37.06,182915,USD
2023-11-24,GLAC,37.58,117209,CHF
2023-11-24,HELV,127.35,277370,CHF
2023-11-24,IBEX,19.96,243338,EUR
2023-11-24,JURA,4265.85,176662,CHF
2023-11-27,ALPN,87.54,158654,CHF
2023-11-27,BRGN,319.32,25254,CHF
2023-11-27,DELT,60.91,204480,EUR
2023-11-27,EDLW,44.14,190415,CHF
2023-11-27,FJRD,36.43,302703,USD
2023-11-27,GLAC,37.01,354953,CHF
2023-11-27,HELV,125.79,322207,CHF
2023-11-27,IBEX,20.03,38772,EUR
2023-11-27,JURA,4'303.67,280261,CHF
2023-11-28,ALPN,88.67,35441,CHF
2023-11-28,BRGN,328.66,118945,CHF
2023-11-28,DELT,61.81,339127,EUR
2023-11-28,EDLW,44.38,338683,CHF
2023-11-28,FJRD,37.19,273367,USD
2023-11-28,GLAC,36.94,296967,CHF
2023-11-28,HELV,126.23,368964,CHF
2023-11-28,IBEX,19.9,211002,EUR
2023-11-28,JURA,4321.31,267425,CHF
2023-11-29,ALPN,89.53,87939,CHF
2023-11-29,BRGN,326.51,392645,CHF
2023-11-29,DELT,62.63,230790,EUR
2023-11-29,EDLW,44.42,87710,CHF
2023-11-29,FJRD,37.47,246942,USD
2023-11-29,GLAC,36.95,201850,CHF
2023-11-29,HELV,124.86,341229,CHF
2023-11-29,IBEX,20.02,98029,EUR
2023-11-29,JURA,4460.98,159365,CHF
2023-11-30,ALPN,89.2,215072,CHF
2023-11-30,BRGN,327.09,333697,CHF
2023-11-30,DELT,63.49,143204,EUR
2023-11-30,EDLW,44.35,378402,CHF
2023-11-30,FJRD,37.21,343410,USD
2023-11-30,GLAC,37.5,137366,CHF
2023-11-30,HELV,123.92,223408,CHF
2023-11-30,IBEX,19.53,247234,EUR
2023-11-30,JURA,4547.27,78282,CHF
2023-12-01,ALPN,88.64,393309,CHF
2023-12-01,BRGN,324.61,249471,CHF
2023-12-01,DELT,63.44,355695,EUR
2023-12-01,EDLW,44.92,354474,CHF
2023-12-01,FJRD,37.67,23716,USD
2023-12-01,GLAC,38.07,347413,CHF
2023-12-01,HELV,126.19,46522,CHF
2023-12-01,IBEX,19.71,219668,EUR
2023-12-01,JURA,4607.63,161414,CHF
2023-12-04,ALPN,89.31,107216,CHF
2023-12-04,BRGN,323.61,146201,CHF
2023-12-04,DELT,63.44,265242,EUR
2023-12-04,EDLW,45.25,245587,CHF
2023-12-04,FJRD,37.99,119314,USD
2023-12-04,GLAC,38.56,361938,CHF
2023-12-04,HELV,126.24,337616,CHF
2023-12-04,IBEX,19.52,45674,EUR
2023-12-04,JURA,4594.93,394166,CHF
2023-12-05,ALPN,88.93,382411,CHF
2023-12-05,BRGN,318.63,80920,CHF
2023-12-05,DELT,62.13,296555,EUR
2023-12-05,EDLW,44.55,137907,CHF
2023-12-05,FJRD,37.91,121557,USD
2023-12-05,GLAC,37.58,68637,CHF
2023-12-05,HELV,124.98,289566,CHF
2023-12-05,IBEX,19.68,136379,EUR
2023-12-05,JURA,4536.88,85560,CHF
2023-12-06,ALPN,92.84,141655,CHF
2023-12-06,BRGN,325.41,290812,CHF
2023-12-06,DELT,64.04,43678,EUR
2023-12-06,EDLW,45.4,303155,CHF
2023-12-06,FJRD,38.02,115365,USD
2023-12-06,GLAC,38.21,112558,CHF
2023-12-06,HELV,124.49,228208,CHF
2023-12-06,IBEX,19.77,48810,EUR
2023-12-06,JURA,4568.29,63255,CHF
2023-12-07,ALPN,93.79,132560,CHF
2023-12-07,BRGN,327.66,385692,CHF
2023-12-07,DELT,66.47,389980,EUR
2023-12-07,EDLW,45.54,233479,CHF
2023-12-07,FJRD,38.43,350460,USD
2023-12-07,GLAC,38.72,154888,CHF
2023-12-07,HELV,124.47,321188,CHF
2023-12-07,IBEX,20.41,94175,EUR
2023-12-07,JURA,4610.5,332371,CHF
2023-12-08,ALPN,94.95,195142,CHF
2023-12-08,BRGN,326.62,247641,CHF
2023-12-08,DELT,67.32,184492,EUR
2023-12-08,EDLW,46.4,250960,CHF
2023-12-08,FJRD,39.37,199428,USD
2023-12-08,GLAC,39.23,27469,CHF
2023-12-08,HELV,127.61,399089,CHF
2023-12-08,IBEX,21.19,92387,EUR
2023-12-08,JURA,4588.72,284474,CHF
2023-12-11,ALPN,95.77,272558,CHF
2023-12-11,BRGN,321.46,364589,CHF
2023-12-11,DELT,67.92,342220,EUR
2023-12-11,EDLW,46.41,104169,CHF
2023-12-11,FJRD,38.74,358996,USD
2023-12-11,GLAC,38.51,285556,CHF
2023-12-11,HELV,128.55,27753,CHF
2023-12-11,IBEX,21.62,290941,EUR
2023-12-11,JURA,4513.13,176851,CHF
2023-12-12,ALPN,94.22,73398,CHF
2023-12-12,BRGN,320.43,214910,CHF
2023-12-12,DELT,67.05,99768,EUR
2023-12-12,EDLW,46.58,242602,CHF
2023-12-12,FJRD,39.6,35929,USD
2023-12-12,GLAC,37.52,284741,CHF
2023-12-12,HELV,128.19,312791,CHF
2023-12-12,IBEX,21.64,38258,EUR
2023-12-12,JURA,4478.05,31403,CHF
2023-12-13,ALPN,93.39,271002,CHF
2023-12-13,BRGN,319.04,38187,CHF
2023-12-13,DELT,66.72,262533,EUR
2023-12-13,EDLW,46.89,318005,CHF
2023-12-13,FJRD,39.92,160633,USD
2023-12-13,GLAC,38.01,162256,CHF
2023-12-13,HELV,128.03,137890,CHF
2023-12-13,IBEX,21.78,190713,EUR
2023-12-13,JURA,4442.76,44978,CHF
2023-12-14,ALPN,93.6,61015,CHF
2023-12-14,BRGN,311.36,149031,CHF
2023-12-14,DELT,65.48,140468,EUR
2023-12-14,EDLW,46.44,310077,CHF
2023-12-14,FJRD,39.23,141852,USD
2023-12-14,GLAC,39.05,26632,CHF
2023-12-14,HELV,127.71,308051,CHF
2023-12-14,IBEX,21.49,350361,EUR
2023-12-14,JURA,4438.24,302951,CHF
2023-12-15,ALPN,93.88,361153,CHF
2023-12-15,BRGN,313.79,108637,CHF
2023-12-15,DELT,66.21,155369,EUR
2023-12-15,EDLW,46.11,100866,CHF
2023-12-15,FJRD,39.02,222164,USD
2023-12-15,GLAC,39.55,249183,CHF
2023-12-15,HELV,131.58,147914,CHF
2023-12-15,IBEX,21.5,166598,EUR
2023-12-15,JURA,4429.53,69002,CHF
2023-12-18,ALPN,92.21,223993,CHF
2023-12-18,BRGN,304.82,191905,CHF
2023-12-18,DELT,66.27,306050,EUR
2023-12-18,EDLW,46.81,390597,CHF
2023-12-18,FJRD,38.23,40544,USD
2023-12-18,GLAC,39.79,70055,CHF
2023-12-18,HELV,130.12,158182,CHF
2023-12-18,IBEX,20.97,24795,EUR
2023-12-18,JURA,4352.15,248845,CHF
2023-12-19,ALPN,89.7,42560,CHF
2023-12-19,BRGN,298.67,339817,CHF
2023-12-19,DELT,65.05,281792,EUR
2023-12-19,EDLW,46.22,128188,CHF
2023-12-19,FJRD,37.42,376235,USD
2023-12-19,GLAC,38.06,94692,CHF
2023-12-19,HELV,129.97,219274,CHF
2023-12-19,IBEX,20.69,150541,EUR
2023-12-19,JURA,4297.66,127962,CHF
2023-12-20,ALPN,90.83,381865,CHF
2023-12-20,BRGN,302.74,184844,CHF
2023-12-20,DELT,66.13,178102,EUR
2023-12-20,EDLW,46.59,178057,CHF
2023-12-20,FJRD,38.68,356970,USD
2023-12-20,GLAC,39.29,48064,CHF
2023-12-20,HELV,131.1,391738,CHF
2023-12-20,IBEX,21.09,88779,EUR
2023-12-20,JURA,4253.17,26242,CHF
2023-12-21,ALPN,93.21,123198,CHF
2023-12-21,BRGN,310.64,243498,CHF
2023-12-21,DELT,67.85,185251,EUR
2023-12-21,EDLW,46.95,205938,CHF
2023-12-21,FJRD,39.26,114878,USD
2023-12-21,GLAC,40.05,391216,CHF
2023-12-21,HELV,131.91,264520,CHF
2023-12-21,JURA,4267.48,142165,CHF
2023-12-22,ALPN,93.62,177408,CHF
2023-12-22,BRGN,304.15,210600,CHF
2023-12-22,DELT,67.07,211423,EUR
2023-12-22,FJRD,39.91,64898,USD
2023-12-22,GLAC,40.49,35879,CHF
2023-12-22,HELV,132.1,147282,CHF
2023-12-22,IBEX,21.32,387856,EUR
2023-12-22,JURA,4261.81,158622,CHF
2023-12-25,ALPN,94.8,249168,CHF
2023-12-25,BRGN,303.9,32368,CHF
2023-12-25,DELT,67.68,211028,EUR
2023-12-25,EDLW,47.01,104843,CHF
2023-12-25,FJRD,39.88,60642,USD
2023-12-25,GLAC,40.7,254167,CHF
2023-12-25,HELV,130.85,205405,CHF
2023-12-25,IBEX,21.12,332790,EUR
2023-12-25,JURA,4'283.87,268187,CHF
2023-12-26,ALPN,95.22,131351,CHF
2023-12-26,BRGN,300.09,37710,CHF
2023-12-26,DELT,66.62,219299,EUR
2023-12-26,EDLW,47.68,37643,CHF
2023-12-26,FJRD,39.01,227434,USD
2023-12-26,GLAC,40.2,141727,CHF
2023-12-26,HELV,130.37,196571,CHF
2023-12-26,IBEX,20.95,202619,EUR
2023-12-26,JURA,4345.05,209496,CHF
2023-12-27,ALPN,98.34,375555,CHF
2023-12-27,BRGN,306.69,136319,CHF
2023-12-27,DELT,68.21,59140,EUR
2023-12-27,EDLW,48.9,168920,CHF
2023-12-27,FJRD,40.68,92014,USD
2023-12-27,GLAC,41.27,316336,CHF
2023-12-27,HELV,134.66,99499,CHF
2023-12-27,IBEX,21.53,149312,EUR
2023-12-27,JURA,4496.79,97530,CHF
2023-12-28,ALPN,99.38,27333,CHF
2023-12-28,BRGN,309.26,54455,CHF
2023-12-28,DELT,67.41,77148,EUR
2023-12-28,EDLW,49.19,77029,CHF
2023-12-28,FJRD,41.38,209020,USD
2023-12-28,GLAC,42.01,334364,CHF
2023-12-28,HELV,135.77,187528,CHF
2023-12-28,IBEX,21.57,198914,EUR
2023-12-28,JURA,4517.88,236191,CHF
2023-12-29,ALPN,96.97,236296,CHF
2023-12-29,BRGN,308.42,220247,CHF
2023-12-29,DELT,66.05,169114,EUR
2023-12-29,EDLW,48.88,149947,CHF
2023-12-29,FJRD,40.95,77453,USD
2023-12-29,GLAC,42.07,343436,CHF
2023-12-29,HELV,134.61,213266,CHF
2023-12-29,IBEX,21.13,233960,EUR
2023-12-29,JURA,4484.31,220816,CHF
2024-01-01,ALPN,96.14,292208,CHF
2024-01-01,BRGN,312.81,332070,CHF
2024-01-01,DELT,66.22,351965,EUR
2024-01-01,EDLW,48.89,261224,CHF
2024-01-01,FJRD,40.5,270375,USD
2024-01-01,GLAC,42.63,161208,CHF
2024-01-01,HELV,132.93,168792,CHF
2024-01-01,IBEX,21.66,202550,EUR
2024-01-01,JURA,4463.78,54532,CHF
2024-01-02,ALPN,96.06,285775,CHF
2024-01-02,BRGN,314.71,60463,CHF
2024-01-02,EDLW,48.92,276120,CHF
2024-01-02,FJRD,41.23,106777,USD
2024-01-02,GLAC,43.0,32735,CHF
2024-01-02,HELV,133.35,225911,CHF
2024-01-02,IBEX,21.44,34158,EUR
2024-01-02,JURA,4544.59,358778,CHF
2024-01-03,ALPN,94.58,262613,CHF
2024-01-03,BRGN,309.41,367420,CHF
2024-01-03,DELT,66.58,172534,EUR
2024-01-03,EDLW,48.27,118152,CHF
2024-01-03,FJRD,40.76,276926,USD
2024-01-03,GLAC,42.24,184970,CHF
2024-01-03,HELV,134.17,155679,CHF
2024-01-03,IBEX,21.16,161885,EUR
2024-01-03,JURA,4492.76,224183,CHF
2024-01-04,ALPN,94.05,303453,CHF
2024-01-04,BRGN,304.33,48261,CHF
2024-01-04,DELT,65.01,158767,EUR
2024-01-04,EDLW,48.1,253212,CHF
2024-01-04,FJRD,39.49,256088,USD
2024-01-04,GLAC,41.21,129194,CHF
2024-01-04,HELV,132.3,385331,CHF
2024-01-04,IBEX,20.36,296451,EUR
2024-01-04,JURA,4409.57,155696,CHF
2024-01-05,ALPN,94.66,180707,CHF
2024-01-05,BRGN,306.75,260423,CHF
2024-01-05,DELT,65.18,88532,EUR
2024-01-05,EDLW,48.46,31765,CHF
2024-01-05,FJRD,39.59,112449,USD
2024-01-05,GLAC,41.48,101047,CHF
2024-01-05,HELV,133.18,72979,CHF
2024-01-05,IBEX,20.64,140470,EUR
2024-01-05,JURA,4452.83,334231,CHF
2024-01-08,ALPN,94.79,184460,CHF
2024-01-08,BRGN,306.26,292097,CHF
2024-01-08,DELT,64.63,34957,EUR
2024-01-08,EDLW,48.99,275953,CHF
2024-01-08,FJRD,39.15,64612,USD
2024-01-08,GLAC,41.58,254722,CHF
2024-01-08,HELV,133.87,361680,CHF
2024-01-08,IBEX,20.79,187061,EUR
2024-01-08,JURA,4470.17,78385,CHF
2024-01-09,ALPN,93.14,108917,CHF
2024-01-09,BRGN,300.0,34412,CHF
2024-01-09,DELT,63.66,281050,EUR
2024-01-09,EDLW,49.63,172091,CHF
2024-01-09,FJRD,38.48,102709,USD
2024-01-09,GLAC,40.81,178473,CHF
2024-01-09,HELV,133.88,239163,CHF
2024-01-09,IBEX,20.69,139452,EUR
2024-01-09,JURA,4435.43,162963,CHF
2024-01-10,ALPN,92.03,63286,CHF
2024-01-10,BRGN,297.76,312134,CHF
2024-01-10,DELT,62.83,370720,EUR
2024-01-10,EDLW,47.34,368569,CHF
2024-01-10,FJRD,37.78,49556,USD
2024-01-10,GLAC,40.27,140970,CHF
2024-01-10,HELV,132.8,25411,CHF
2024-01-10,IBEX,20.8,42747,EUR
2024-01-10,JURA,4407.36,159686,CHF
2024-01-11,ALPN,92.64,229246,CHF
2024-01-11,BRGN,296.83,69343,CHF
2024-01-11,DELT,61.04,75194,EUR
2024-01-11,EDLW,47.05,276463,CHF
2024-01-11,FJRD,37.79,241782,USD
2024-01-11,GLAC,39.83,151035,CHF
2024-01-11,HELV,132.35,223400,CHF
2024-01-11,IBEX,20.56,176841,EUR
2024-01-11,JURA,4337.31,177640,CHF
2024-01-12,ALPN,93.62,125614,CHF
2024-01-12,BRGN,294.71,236820,CHF
2024-01-12,DELT,59.83,287104,EUR
2024-01-12,EDLW,48.4,212778,CHF
2024-01-12,FJRD,38.52,83126,USD
2024-01-12,GLAC,39.83,246444,CHF
2024-01-12,HELV,131.8,200951,CHF
2024-01-12,IBEX,20.35,328820,EUR
2024-01-12,JURA,4309.44,121843,CHF
2024-01-15,ALPN,92.19,36392,CHF
2024-01-15,BRGN,300.76,156111,CHF
2024-01-15,DELT,59.89,278587,EUR
2024-01-15,EDLW,47.86,64810,CHF
2024-01-15,FJRD,38.78,130770,USD
2024-01-15,GLAC,39.0,93408,CHF
2024-01-15,HELV,133.91,134932,CHF
2024-01-15,IBEX,20.91,174395,EUR
2024-01-15,JURA,4350.96,173210,CHF
2024-01-16,ALPN,92.27,219905,CHF
2024-01-16,BRGN,303.02,70901,CHF
2024-01-16,DELT,60.42,28061,EUR
2024-01-16,EDLW,47.53,28139,CHF
2024-01-16,FJRD,39.09,362236,USD
2024-01-16,GLAC,39.95,29519,CHF
2024-01-16,HELV,136.66,304072,CHF
2024-01-16,IBEX,21.06,157204,EUR
2024-01-16,JURA,4414.28,184443,CHF
2024-01-17,ALPN,92.55,125117,CHF
2024-01-17,BRGN,307.58,329243,CHF
2024-01-17,DELT,60.57,63498,EUR
2024-01-17,EDLW,47.78,333078,CHF
2024-01-17,FJRD,39.94,237123,USD
2024-01-17,GLAC,40.27,232585,CHF
2024-01-17,HELV,136.76,166825,CHF
2024-01-17,IBEX,21.27,104809,EUR
2024-01-17,JURA,4379.4,265637,CHF
2024-01-18,ALPN,92.56,147850,CHF
2024-01-18,BRGN,310.7,282366,CHF
2024-01-18,DELT,60.11,239785,EUR
2024-01-18,EDLW,47.4,219099,CHF
2024-01-18,FJRD,39.17,339707,USD
2024-01-18,GLAC,40.12,367498,CHF
2024-01-18,HELV,135.86,218204,CHF
2024-01-18,IBEX,21.03,138015,EUR
2024-01-18,JURA,4334.64,346776,CHF
2024-01-19,ALPN,91.81,168981,CHF
2024-01-19,BRGN,315.42,172027,CHF
2024-01-19,DELT,60.23,95472,EUR
2024-01-19,EDLW,46.71,132297,CHF
2024-01-19,FJRD,39.26,88474,USD
2024-01-19,GLAC,40.81,95934,CHF
2024-01-19,HELV,137.6,337546,CHF
2024-01-19,IBEX,20.92,81656,EUR
2024-01-19,JURA,4402.89,299205,CHF
2024-01-22,ALPN,93.95,135978,CHF
2024-01-22,BRGN,324.51,31766,CHF
2024-01-22,DELT,60.66,53763,EUR
2024-01-22,EDLW,46.75,77811,CHF
2024-01-22,FJRD,39.88,393891,USD
2024-01-22,GLAC,41.93,235550,CHF
2024-01-22,HELV,137.05,318987,CHF
2024-01-22,IBEX,21.68,235044,EUR
2024-01-22,JURA,4'405.53,63671,CHF
2024-01-23,ALPN,93.95,371486,CHF
2024-01-23,BRGN,320.78,124183,CHF
2024-01-23,DELT,60.76,108207,EUR
2024-01-23,EDLW,46.73,293340,CHF
2024-01-23,FJRD,39.91,384959,USD
2024-01-23,GLAC,41.68,268852,CHF
2024-01-23,HELV,137.17,123820,CHF
2024-01-23,IBEX,21.4,354153,EUR
2024-01-23,JURA,4408.47,70944,CHF
2024-01-24,ALPN,93.18,270869,CHF
2024-01-24,BRGN,319.16,84362,CHF
2024-01-24,DELT,60.18,196276,EUR
2024-01-24,EDLW,47.08,254310,CHF
2024-01-24,FJRD,40.13,81921,USD
2024-01-24,GLAC,40.57,186505,CHF
2024-01-24,HELV,135.27,346050,CHF
2024-01-24,IBEX,21.45,363022,EUR
2024-01-24,JURA,4438.32,143586,CHF
2024-01-25,ALPN,92.6,214412,CHF
2024-01-25,BRGN,316.32,355632,CHF
2024-01-25,DELT,60.29,62103,EUR
2024-01-25,EDLW,45.97,316740,CHF
2024-01-25,FJRD,39.69,85469,USD
2024-01-25,GLAC,39.71,204423,CHF
2024-01-25,HELV,132.87,177919,CHF
2024-01-25,IBEX,21.39,290554,EUR
2024-01-25,JURA,4512.82,113341,CHF
2024-01-26,ALPN,93.07,99724,CHF
2024-01-26,BRGN,322.01,281142,CHF
2024-01-26,DELT,61.39,288761,EUR
2024-01-26,EDLW,46.37,256789,CHF
2024-01-26,FJRD,39.52,61095,USD
2024-01-26,GLAC,40.57,124675,CHF
2024-01-26,HELV,134.49,240961,CHF
2024-01-26,IBEX,21.59,239478,EUR
2024-01-26,JURA,4555.57,296757,CHF
2024-01-29,ALPN,92.71,299125,CHF
2024-01-29,BRGN,325.22,223560,CHF
2024-01-29,DELT,59.95,24552,EUR
2024-01-29,EDLW,46.05,143533,CHF
2024-01-29,FJRD,38.7,139410,USD
2024-01-29,GLAC,39.07,362485,CHF
2024-01-29,HELV,132.72,367978,CHF
2024-01-29,IBEX,21.48,240390,EUR
2024-01-29,JURA,4537.03,191054,CHF
2024-01-30,ALPN,94.11,361418,CHF
2024-01-30,BRGN,325.58,175565,CHF
2024-01-30,DELT,60.14,199329,EUR
2024-01-30,EDLW,46.29,359708,CHF
2024-01-30,FJRD,39.11,260894,USD
2024-01-30,GLAC,39.47,275046,CHF
2024-01-30,HELV,132.5,370571,CHF
2024-01-30,IBEX,21.76,348319,EUR
2024-01-30,JURA,4557.5,211209,CHF
2024-01-31,ALPN,97.65,140254,CHF
2024-01-31,BRGN,326.97,143600,CHF
2024-01-31,DELT,61.21,305015,EUR
2024-01-31,EDLW,45.81,276346,CHF
2024-01-31,FJRD,39.58,251996,USD
2024-01-31,GLAC,39.91,242648,CHF
2024-01-31,HELV,132.01,149387,CHF
2024-01-31,JURA,4602.9,66550,CHF
2024-02-01,ALPN,98.6,43660,CHF
2024-02-01,BRGN,317.87,138696,CHF
2024-02-01,DELT,61.07,54412,EUR
2024-02-01,EDLW,46.29,176975,CHF
2024-02-01,FJRD,40.42,240500,USD
2024-02-01,GLAC,39.91,306600,CHF
2024-02-01,HELV,134.86,108214,CHF
2024-02-01,IBEX,21.71,79874,EUR
2024-02-01,JURA,4563.88,233113,CHF
2024-02-02,ALPN,98.02,375821,CHF
2024-02-02,BRGN,329.55,121399,CHF
2024-02-02,DELT,60.84,35067,EUR
2024-02-02,EDLW,46.12,187226,CHF
2024-02-02,FJRD,40.6,45160,USD
2024-02-02,GLAC,39.7,237164,CHF
2024-02-02,HELV,138.49,152817,CHF
2024-02-02,IBEX,22.07,334921,EUR
2024-02-02,JURA,4528.13,127540,CHF
2024-02-05,ALPN,97.71,197948,CHF
2024-02-05,DELT,59.42,162367,EUR
2024-02-05,EDLW,45.95,270753,CHF
2024-02-05,FJRD,39.76,254870,USD
2024-02-05,GLAC,37.97,260291,CHF
2024-02-05,HELV,139.67,325969,CHF
2024-02-05,IBEX,21.5,39101,EUR
2024-02-05,JURA,4452.1,41883,CHF
2024-02-06,ALPN,97.95,97442,CHF
2024-02-06,BRGN,320.06,390823,CHF
2024-02-06,DELT,58.94,384824,EUR
2024-02-06,EDLW,45.4,68377,CHF
2024-02-06,FJRD,39.81,357181,USD
2024-02-06,GLAC,37.67,367103,CHF
2024-02-06,HELV,134.86,160497,CHF
2024-02-06,IBEX,21.46,158062,EUR
2024-02-06,JURA,4476.97,166548,CHF
2024-02-07,ALPN,96.04,383588,CHF
2024-02-07,BRGN,325.67,372111,CHF
2024-02-07,DELT,58.71,33818,EUR
2024-02-07,EDLW,45.44,211892,CHF
2024-02-07,FJRD,39.83,220565,USD
2024-02-07,GLAC,37.66,298325,CHF
2024-02-07,HELV,134.78,94465,CHF
2024-02-07,IBEX,21.52,222092,EUR
2024-02-07,JURA,4463.82,290866,CHF
2024-02-08,ALPN,92.76,299529,CHF
2024-02-08,BRGN,316.8,310859,CHF
2024-02-08,DELT,57.63,190568,EUR
2024-02-08,EDLW,45.16,160837,CHF
2024-02-08,FJRD,38.9,57721,USD
2024-02-08,GLAC,36.27,332276,CHF
2024-02-08,HELV,132.99,92144,CHF
2024-02-08,IBEX,20.88,390849,EUR
2024-02-08,JURA,4410.48,20759,CHF
2024-02-09,ALPN,91.01,343461,CHF
2024-02-09,BRGN,312.91,127558,CHF
2024-02-09,DELT,57.34,287616,EUR
2024-02-09,EDLW,44.83,344883,CHF
2024-02-09,FJRD,37.95,227315,USD
2024-02-09,GLAC,35.47,177887,CHF
2024-02-09,HELV,130.55,182424,CHF
2024-02-09,IBEX,21.01,46697,EUR
2024-02-09,JURA,4318.17,99714,CHF
2024-02-12,ALPN,88.13,44599,CHF
2024-02-12,BRGN,311.0,133797,CHF
2024-02-12,DELT,55.26,264697,EUR
2024-02-12,EDLW,45.28,217439,CHF
2024-02-12,FJRD,37.5,61697,USD
2024-02-12,GLAC,35.53,148440,CHF
2024-02-12,HELV,130.96,77641,CHF
2024-02-12,IBEX,21.09,315030,EUR
2024-02-12,JURA,4290.52,377845,CHF
2024-02-13,ALPN,87.04,264807,CHF
2024-02-13,BRGN,310.78,357295,CHF
2024-02-13,DELT,55.21,103346,EUR
2024-02-13,EDLW,46.2,326723,CHF
2024-02-13,FJRD,37.71,176171,USD
2024-02-13,GLAC,35.72,273906,CHF
2024-02-13,HELV,131.77,390874,CHF
2024-02-13,IBEX,20.74,65476,EUR
2024-02-13,JURA,4332.06,380639,CHF
2024-02-14,ALPN,87.66,163354,CHF
2024-02-14,BRGN,309.59,218341,CHF
2024-02-14,DELT,54.39,94234,EUR
2024-02-14,EDLW,46.36,372152,CHF
2024-02-14,FJRD,37.2,354935,USD
2024-02-14,GLAC,34.89,49083,CHF
2024-02-14,HELV,130.71,35637,CHF
2024-02-14,IBEX,20.75,360366,EUR
2024-02-14,JURA,4416.93,101862,CHF
2024-02-15,ALPN,87.89,48944,CHF
2024-02-15,BRGN,309.8,45341,CHF
2024-02-15,DELT,53.91,306353,EUR
2024-02-15,EDLW,46.99,228912,CHF
2024-02-15,FJRD,36.88,284679,USD
2024-02-15,GLAC,34.38,168942,CHF
2024-02-15,HELV,129.48,109016,CHF
2024-02-15,IBEX,21.07,162655,EUR
2024-02-15,JURA,4391.35,240469,CHF
2024-02-16,ALPN,89.0,192165,CHF
2024-02-16,BRGN,310.59,219155,CHF
2024-02-16,DELT,54.88,331140,EUR
2024-02-16,EDLW,47.37,79315,CHF
2024-02-16,FJRD,37.29,164580,USD
2024-02-16,GLAC,35.31,262023,CHF
2024-02-16,HELV,129.95,65250,CHF
2024-02-16,IBEX,22.0,259047,EUR
2024-02-16,JURA,4409.84,142357,CHF
2024-02-19,ALPN,91.15,62323,CHF
2024-02-19,BRGN,304.27,99224,CHF
2024-02-19,DELT,55.1,138465,EUR
2024-02-19,EDLW,47.65,376853,CHF
2024-02-19,FJRD,37.3,351460,USD
2024-02-19,GLAC,36.59,344665,CHF
2024-02-19,HELV,130.17,64537,CHF
2024-02-19,IBEX,22.17,152951,EUR
2024-02-19,JURA,4'466.63,38460,CHF
2024-02-20,ALPN,90.63,273052,CHF
2024-02-20,BRGN,296.36,111017,CHF
2024-02-20,DELT,53.25,99602,EUR
2024-02-20,EDLW,47.33,207861,CHF
2024-02-20,FJRD,35.76,373540,USD
2024-02-20,GLAC,35.24,270025,CHF
2024-02-20,HELV,130.05,390964,CHF
2024-02-20,IBEX,21.83,298903,EUR
2024-02-20,JURA,4430.59,139844,CHF
2024-02-21,ALPN,89.75,39490,CHF
2024-02-21,BRGN,303.8,153530,CHF
2024-02-21,DELT,52.46,180236,EUR
2024-02-21,EDLW,47.04,363117,CHF
2024-02-21,FJRD,35.31,377611,USD
2024-02-21,GLAC,34.8,61545,CHF
2024-02-21,HELV,129.23,230555,CHF
2024-02-21,IBEX,21.87,216625,EUR
2024-02-21,JURA,4368.95,397435,CHF
2024-02-22,ALPN,88.68,249220,CHF
2024-02-22,BRGN,295.57,244990,CHF
2024-02-22,DELT,50.11,182323,EUR
2024-02-22,EDLW,46.4,193078,CHF
2024-02-22,FJRD,34.16,348632,USD
2024-02-22,GLAC,33.54,91346,CHF
2024-02-22,HELV,126.64,395079,CHF
2024-02-22,IBEX,21.67,199287,EUR
2024-02-22,JURA,4306.28,246803,CHF
2024-02-23,ALPN,88.47,315967,CHF
2024-02-23,BRGN,291.43,228766,CHF
2024-02-23,DELT,50.67,29128,EUR
2024-02-23,EDLW,46.74,240719,CHF
2024-02-23,FJRD,33.88,206877,USD
2024-02-23,GLAC,34.27,290923,CHF
2024-02-23,HELV,124.86,251777,CHF
2024-02-23,IBEX,21.78,134190,EUR
2024-02-23,JURA,4279.47,290846,CHF
2024-02-26,ALPN,87.32,216597,CHF
2024-02-26,BRGN,287.86,210227,CHF
2024-02-26,DELT,51.01,41551,EUR
2024-02-26,EDLW,47.54,242584,CHF
2024-02-26,FJRD,34.36,232046,USD
2024-02-26,FJRD,34.36,232046,USD
2024-02-26,GLAC,33.58,372221,CHF
2024-02-26,HELV,121.1,175058,CHF
2024-02-26,IBEX,21.65,167106,EUR
2024-02-26,JURA,4249.17,181180,CHF
2024-02-27,ALPN,85.91,32554,CHF
2024-02-27,BRGN,283.63,335304,CHF
2024-02-27,DELT,50.66,76135,EUR
2024-02-27,EDLW,47.0,227983,CHF
2024-02-27,FJRD,34.13,33525,USD
2024-02-27,GLAC,33.81,359889,CHF
2024-02-27,HELV,120.67,21160,CHF
2024-02-27,IBEX,21.85,90305,EUR
2024-02-27,JURA,4252.23,63851,CHF
2024-02-28,ALPN,86.92,121471,CHF
2024-02-28,BRGN,288.25,376319,CHF
2024-02-28,DELT,51.76,109080,EUR
2024-02-28,EDLW,46.99,46025,CHF
2024-02-28,FJRD,34.9,327939,USD
2024-02-28,GLAC,33.71,346696,CHF
2024-02-28,HELV,120.68,398542,CHF
2024-02-28,IBEX,22.17,136288,EUR
2024-02-28,JURA,4319.35,183134,CHF
2024-02-29,ALPN,88.16,182004,CHF
2024-02-29,BRGN,290.46,90702,CHF
2024-02-29,DELT,53.21,385140,EUR
2024-02-29,EDLW,48.24,238844,CHF
2024-02-29,FJRD,35.74,150754,USD
2024-02-29,GLAC,34.78,81237,CHF
2024-02-29,HELV,120.92,367871,CHF
2024-02-29,IBEX,22.33,158800,EUR
2024-02-29,JURA,4363.53,173290,CHF
2024-03-01,ALPN,87.24,238374,CHF
2024-03-01,BRGN,286.9,23287,CHF
2024-03-01,DELT,54.7,142507,EUR
2024-03-01,EDLW,47.98,219439,CHF
2024-03-01,FJRD,35.96,346842,USD
2024-03-01,GLAC,34.65,187577,CHF
2024-03-01,HELV,120.11,362092,CHF
2024-03-01,IBEX,21.91,288360,EUR
2024-03-01,JURA,4399.62,262970,CHF
2024-03-04,ALPN,85.54,182332,CHF
2024-03-04,BRGN,284.21,91554,CHF
2024-03-04,DELT,54.1,259977,EUR
2024-03-04,EDLW,48.32,176915,CHF
2024-03-04,FJRD,35.21,272853,USD
2024-03-04,GLAC,34.7,274427,CHF
2024-03-04,HELV,118.83,70657,CHF
2024-03-04,IBEX,21.88,79360,EUR
2024-03-04,JURA,4467.11,33873,CHF
2024-03-05,ALPN,86.19,34198,CHF
2024-03-05,BRGN,285.9,376178,CHF
2024-03-05,DELT,55.19,254212,EUR
2024-03-05,EDLW,48.73,196624,CHF
2024-03-05,FJRD,35.67,220581,USD
2024-03-05,GLAC,34.66,228092,CHF
2024-03-05,HELV,117.36,224239,CHF
2024-03-05,IBEX,22.07,263339,EUR
2024-03-05,JURA,4424.68,30349,CHF
2024-03-06,ALPN,87.44,299179,CHF
2024-03-06,BRGN,288.89,361509,CHF
2024-03-06,DELT,55.91,29739,EUR
2024-03-06,EDLW,48.99,397569,CHF
2024-03-06,FJRD,36.33,151578,USD
2024-03-06,GLAC,34.69,168694,CHF
2024-03-06,HELV,116.33,303077,CHF
2024-03-06,IBEX,22.57,167905,EUR
2024-03-06,JURA,4505.88,188467,CHF
2024-03-07,ALPN,88.29,122612,CHF
2024-03-07,BRGN,291.44,214392,CHF
2024-03-07,DELT,56.13,287385,EUR
2024-03-07,EDLW,48.57,245082,CHF
2024-03-07,FJRD,36.79,357978,USD
2024-03-07,GLAC,35.31,44960,CHF
2024-03-07,HELV,116.41,108281,CHF
2024-03-07,IBEX,22.32,157854,EUR
2024-03-07,JURA,4542.71,385325,CHF
2024-03-08,ALPN,86.81,170102,CHF
2024-03-08,BRGN,292.94,21935,CHF
2024-03-08,DELT,56.68,103841,EUR
2024-03-08,EDLW,48.41,393904,CHF
2024-03-08,FJRD,36.53,266288,USD
2024-03-08,GLAC,35.71,132073,CHF
2024-03-08,HELV,117.77,390463,CHF
2024-03-08,IBEX,22.36,176087,EUR
2024-03-08,JURA,4520.39,386871,CHF
2024-03-11,ALPN,87.85,76399,CHF
2024-03-11,BRGN,291.67,93251,CHF
2024-03-11,DELT,57.77,240541,EUR
2024-03-11,EDLW,48.12,189890,CHF
2024-03-11,FJRD,36.85,229005,USD
2024-03-11,GLAC,35.85,113046,CHF
2024-03-11,HELV,118.77,170156,CHF
2024-03-11,IBEX,22.74,96089,EUR
2024-03-11,JURA,4495.19,39676,CHF
2024-03-11,JURA,4495.19,39676,CHF
2024-03-12,ALPN,91.28,228196,CHF
2024-03-12,BRGN,298.33,368668,CHF
2024-03-12,DELT,59.07,301885,EUR
2024-03-12,EDLW,48.13,369356,CHF
2024-03-12,FJRD,38.13,148557,USD
2024-03-12,GLAC,36.28,88349,CHF
2024-03-12,HELV,119.07,218047,CHF
2024-03-12,IBEX,23.05,291255,EUR
2024-03-12,JURA,4521.1,302967,CHF
2024-03-13,ALPN,90.78,213842,CHF
2024-03-13,DELT,59.53,226001,EUR
2024-03-13,EDLW,48.31,395054,CHF
2024-03-13,FJRD,37.65,34441,USD
2024-03-13,GLAC,36.72,95400,CHF
2024-03-13,HELV,117.58,50011,CHF
2024-03-13,IBEX,23.06,395726,EUR
2024-03-13,JURA,4495.66,71312,CHF
2024-03-14,ALPN,88.84,100375,CHF
2024-03-14,BRGN,302.0,346815,CHF
2024-03-14,DELT,59.7,39644,EUR
2024-03-14,EDLW,49.02,111662,CHF
2024-03-14,FJRD,37.56,40792,USD
2024-03-14,GLAC,35.86,48245,CHF
2024-03-14,HELV,117.39,154918,CHF
2024-03-14,IBEX,22.81,84584,EUR
2024-03-14,JURA,4589.82,181109,CHF
2024-03-15,ALPN,88.75,373665,CHF
2024-03-15,BRGN,305.5,260803,CHF
2024-03-15,DELT,59.35,289197,EUR
2024-03-15,EDLW,48.87,268061,CHF
2024-03-15,FJRD,38.16,268798,USD
2024-03-15,GLAC,35.79,341235,CHF
2024-03-15,HELV,116.53,331609,CHF
2024-03-15,IBEX,22.86,242144,EUR
2024-03-15,JURA,4583.21,30244,CHF
2024-03-18,ALPN,88.44,136285,CHF
2024-03-18,BRGN,303.29,35273,CHF
2024-03-18,DELT,59.16,388835,EUR
2024-03-18,EDLW,48.15,111972,CHF
2024-03-18,FJRD,37.49,175137,USD
2024-03-18,GLAC,35.28,21609,CHF
2024-03-18,HELV,117.36,350492,CHF
2024-03-18,IBEX,22.75,89004,EUR
2024-03-18,JURA,4'552.69,59952,CHF
2024-03-19,ALPN,91.51,299134,CHF
2024-03-19,BRGN,305.32,111932,CHF
2024-03-19,DELT,59.27,40983,EUR
2024-03-19,EDLW,47.77,87699,CHF
2024-03-19,FJRD,37.08,389672,USD
2024-03-19,GLAC,34.77,121037,CHF
2024-03-19,HELV,115.85,147669,CHF
2024-03-19,IBEX,22.4,370424,EUR
2024-03-19,JURA,4620.12,44572,CHF
2024-03-20,ALPN,92.09,28836,CHF
2024-03-20,BRGN,313.08,196742,CHF
2024-03-20,DELT,60.8,78532,EUR
2024-03-20,EDLW,47.64,200234,CHF
2024-03-20,FJRD,37.39,384442,USD
2024-03-20,GLAC,35.48,155162,CHF
2024-03-20,HELV,118.72,389729,CHF
2024-03-20,IBEX,23.07,210613,EUR
2024-03-20,JURA,4664.53,340760,CHF
2024-03-21,ALPN,94.3,146361,CHF
2024-03-21,BRGN,317.95,48480,CHF
2024-03-21,DELT,62.16,138498,EUR
2024-03-21,EDLW,47.7,200662,CHF
2024-03-21,FJRD,38.75,257396,USD
2024-03-21,GLAC,35.47,196791,CHF
2024-03-21,HELV,121.44,239029,CHF
2024-03-21,IBEX,23.48,55750,EUR
2024-03-21,JURA,4743.97,195445,CHF
2024-03-22,ALPN,94.92,235387,CHF
2024-03-22,BRGN,313.3,90540,CHF
2024-03-22,DELT,62.52,292912,EUR
2024-03-22,EDLW,48.58,134449,CHF
2024-03-22,FJRD,39.22,337462,USD
2024-03-22,GLAC,35.63,35153,CHF
2024-03-22,HELV,122.09,224761,CHF
2024-03-22,IBEX,23.28,112432,EUR
2024-03-22,JURA,4726.84,259617,CHF
2024-03-25,ALPN,94.42,36300,CHF
2024-03-25,BRGN,303.05,309743,CHF
2024-03-25,DELT,61.3,161248,EUR
2024-03-25,EDLW,48.38,205577,CHF
2024-03-25,FJRD,38.57,166775,USD
2024-03-25,GLAC,35.54,352179,CHF
2024-03-25,IBEX,23.06,125214,EUR
2024-03-25,JURA,4667.51,93785,CHF
2024-03-26,ALPN,95.79,155867,CHF
2024-03-26,BRGN,307.89,37615,CHF
2024-03-26,DELT,63.11,60774,EUR
2024-03-26,EDLW,48.05,306980,CHF
2024-03-26,FJRD,39.09,257564,USD
2024-03-26,GLAC,36.22,343730,CHF
2024-03-26,HELV,125.4,48533,CHF
2024-03-26,JURA,4643.29,87587,CHF
2024-03-27,ALPN,97.46,80419,CHF
2024-03-27,BRGN,304.1,32769,CHF
2024-03-27,DELT,63.42,363003,EUR
2024-03-27,EDLW,47.87,329646,CHF
2024-03-27,FJRD,39.22,345209,USD
2024-03-27,GLAC,36.23,355746,CHF
2024-03-27,IBEX,23.56,101447,EUR
2024-03-27,JURA,4642.73,266249,CHF
2024-03-28,ALPN,96.91,199563,CHF
2024-03-28,BRGN,301.69,170214,CHF
2024-03-28,DELT,63.54,86748,EUR
2024-03-28,EDLW,47.93,63420,CHF
2024-03-28,GLAC,36.73,109893,CHF
2024-03-28,HELV,123.29,354828,CHF
2024-03-28,IBEX,23.16,235119,EUR
2024-03-28,JURA,4589.19,74478,CHF
2024-03-29,ALPN,93.44,80451,CHF
2024-03-29,BRGN,297.47,330219,CHF
2024-03-29,DELT,62.97,50798,EUR
2024-03-29,EDLW,47.54,278406,CHF
2024-03-29,FJRD,38.02,43398,USD
2024-03-29,GLAC,34.83,129415,CHF
2024-03-29,HELV,123.95,377073,CHF
2024-03-29,IBEX,22.63,141109,EUR
2024-03-29,JURA,4532.44,291146,CHF
2024-04-01,ALPN,94.81,284540,CHF
2024-04-01,BRGN,294.5,169821,CHF
2024-04-01,DELT,63.74,53365,EUR
2024-04-01,EDLW,48.96,383775,CHF
2024-04-01,FJRD,38.49,380036,USD
2024-04-01,GLAC,35.76,177382,CHF
2024-04-01,HELV,123.1,72682,CHF
2024-04-01,IBEX,22.6,121030,EUR
2024-04-01,JURA,4552.98,26935,CHF
2024-04-02,ALPN,98.16,313884,CHF
2024-04-02,BRGN,302.28,169631,CHF
2024-04-02,DELT,64.03,202413,EUR
2024-04-02,EDLW,48.97,57408,CHF
2024-04-02,FJRD,38.97,84498,USD
2024-04-02,GLAC,36.22,130600,CHF
2024-04-02,HELV,122.68,111116,CHF
2024-04-02,IBEX,22.8,67415,EUR
2024-04-02,JURA,4600.1,237765,CHF
2024-04-03,ALPN,100.0,385501,CHF
2024-04-03,BRGN,311.02,196028,CHF
2024-04-03,DELT,66.0,398012,EUR
2024-04-03,EDLW,49.0,178370,CHF
2024-04-03,FJRD,40.07,206968,USD
2024-04-03,GLAC,36.52,260619,CHF
2024-04-03,HELV,124.86,171747,CHF
2024-04-03,IBEX,22.57,357091,EUR
2024-04-03,JURA,4633.91,23726,CHF
2024-04-04,ALPN,99.29,55258,CHF
2024-04-04,BRGN,308.76,116096,CHF
2024-04-04,DELT,66.78,51749,EUR
2024-04-04,EDLW,48.46,277553,CHF
2024-04-04,FJRD,40.19,284926,USD
2024-04-04,GLAC,36.29,157497,CHF
2024-04-04,HELV,124.47,133024,CHF
2024-04-04,IBEX,22.72,396256,EUR
2024-04-04,JURA,4573.15,395904,CHF
2024-04-05,ALPN,101.18,396986,CHF
2024-04-05,BRGN,311.87,343978,CHF
2024-04-05,EDLW,49.09,361193,CHF
2024-04-05,FJRD,39.81,316255,USD
2024-04-05,GLAC,36.38,93562,CHF
2024-04-05,HELV,125.35,271432,CHF
2024-04-05,IBEX,23.08,112889,EUR
2024-04-05,JURA,4554.76,189065,CHF
2024-04-08,ALPN,102.73,179583,CHF
2024-04-08,BRGN,313.51,193217,CHF
2024-04-08,DELT,68.16,119367,EUR
2024-04-08,EDLW,49.24,318556,CHF
2024-04-08,FJRD,41.15,226850,USD
2024-04-08,GLAC,37.84,227881,CHF
2024-04-08,HELV,126.39,386262,CHF
2024-04-08,IBEX,23.37,140764,EUR
2024-04-08,JURA,4600.36,106660,CHF
2024-04-09,ALPN,101.58,267748,CHF
2024-04-09,BRGN,319.48,203360,CHF
2024-04-09,DELT,69.73,396102,EUR
2024-04-09,EDLW,49.3,399908,CHF
2024-04-09,FJRD,41.66,71236,USD
2024-04-09,GLAC,38.44,313311,CHF
2024-04-09,HELV,126.33,244545,CHF
2024-04-09,IBEX,23.54,140465,EUR
2024-04-09,JURA,4690.08,305126,CHF
2024-04-10,ALPN,102.94,303895,CHF
2024-04-10,BRGN,322.76,219822,CHF
2024-04-10,DELT,69.17,64863,EUR
2024-04-10,EDLW,48.47,57426,CHF
2024-04-10,FJRD,41.47,203101,USD
2024-04-10,GLAC,38.49,127255,CHF
2024-04-10,HELV,125.71,216407,CHF
2024-04-10,IBEX,23.73,302469,EUR
2024-04-10,JURA,4700.66,203857,CHF
2024-04-11,ALPN,103.12,358375,CHF
2024-04-11,BRGN,324.04,367622,CHF
2024-04-11,DELT,69.8,213918,EUR
2024-04-11,EDLW,48.24,265780,CHF
2024-04-11,FJRD,40.55,189503,USD
2024-04-11,GLAC,38.49,85037,CHF
2024-04-11,HELV,128.79,164076,CHF
2024-04-11,IBEX,23.74,63707,EUR
2024-04-11,JURA,4612.06,271267,CHF
2024-04-12,ALPN,103.5,90258,CHF
2024-04-12,BRGN,324.26,378466,CHF
2024-04-12,DELT,72.23,308398,EUR
2024-04-12,EDLW,47.76,241733,CHF
2024-04-12,FJRD,41.06,48060,USD
2024-04-12,GLAC,38.49,340427,CHF
2024-04-12,HELV,131.2,186393,CHF
2024-04-12,IBEX,23.49,191017,EUR
2024-04-12,JURA,4650.08,100660,CHF
2024-04-15,ALPN,100.81,208028,CHF
2024-04-15,BRGN,321.27,112280,CHF
2024-04-15,DELT,71.43,23692,EUR
2024-04-15,EDLW,46.02,361533,CHF
2024-04-15,FJRD,40.54,87652,USD
2024-04-15,GLAC,37.43,386926,CHF
2024-04-15,HELV,129.75,367500,CHF
2024-04-15,IBEX,23.03,276909,EUR
2024-04-15,JURA,4'548.24,374971,CHF
2024-04-16,ALPN,101.56,97523,CHF
2024-04-16,BRGN,325.91,136664,CHF
2024-04-16,DELT,70.88,90723,EUR
2024-04-16,EDLW,46.34,27009,CHF
2024-04-16,FJRD,40.2,250285,USD
2024-04-16,GLAC,37.54,342152,CHF
2024-04-16,HELV,128.77,128726,CHF
2024-04-16,IBEX,22.64,201062,EUR
2024-04-16,JURA,4491.26,382499,CHF
2024-04-17,ALPN,100.68,21017,CHF
2024-04-17,BRGN,331.2,355141,CHF
2024-04-17,DELT,72.76,362027,EUR
2024-04-17,EDLW,46.06,277725,CHF
2024-04-17,FJRD,41.17,136383,USD
2024-04-17,GLAC,38.3,229299,CHF
2024-04-17,HELV,129.19,370751,CHF
2024-04-17,IBEX,22.81,208400,EUR
2024-04-17,JURA,4595.87,23683,CHF
2024-04-18,ALPN,101.99,207697,CHF
2024-04-18,BRGN,330.52,345226,CHF
2024-04-18,DELT,72.13,114841,EUR
2024-04-18,EDLW,46.36,32422,CHF
2024-04-18,FJRD,41.32,215082,USD
2024-04-18,GLAC,38.78,190472,CHF
2024-04-18,HELV,132.1,389418,CHF
2024-04-18,IBEX,22.72,48702,EUR
2024-04-18,JURA,4509.02,261128,CHF
2024-04-19,ALPN,100.83,156188,CHF
2024-04-19,BRGN,326.71,280803,CHF
2024-04-19,DELT,73.33,233915,EUR
2024-04-19,EDLW,46.62,65106,CHF
2024-04-19,GLAC,38.08,168462,CHF
2024-04-19,HELV,133.35,207812,CHF
2024-04-19,IBEX,22.45,274289,EUR
2024-04-19,JURA,4487.49,181412,CHF
2024-04-22,ALPN,104.18,318819,CHF
2024-04-22,BRGN,327.15,220965,CHF
2024-04-22,DELT,74.67,82172,EUR
2024-04-22,EDLW,46.49,30428,CHF
2024-04-22,FJRD,41.08,36372,USD
2024-04-22,GLAC,38.61,51714,CHF
2024-04-22,HELV,132.35,240883,CHF
2024-04-22,IBEX,22.41,187053,EUR
2024-04-22,JURA,4532.81,184009,CHF
2024-04-23,ALPN,105.16,202919,CHF
2024-04-23,BRGN,332.3,324418,CHF
2024-04-23,DELT,74.66,390646,EUR
2024-04-23,EDLW,47.58,152818,CHF
2024-04-23,FJRD,41.73,98492,USD
2024-04-23,GLAC,38.69,385952,CHF
2024-04-23,HELV,134.38,40937,CHF
2024-04-23,IBEX,22.69,77824,EUR
2024-04-23,JURA,4562.26,320717,CHF
2024-04-24,ALPN,105.08,72694,CHF
2024-04-24,BRGN,329.88,165232,CHF
2024-04-24,DELT,76.44,71714,EUR
2024-04-24,EDLW,48.39,183834,CHF
2024-04-24,FJRD,42.03,184305,USD
2024-04-24,GLAC,39.66,154171,CHF
2024-04-24,HELV,137.57,247940,CHF
2024-04-24,JURA,4597.67,379209,CHF
2024-04-25,ALPN,103.19,326223,CHF
2024-04-25,BRGN,323.64,221098,CHF
2024-04-25,DELT,77.36,314869,EUR
2024-04-25,EDLW,48.8,230438,CHF
2024-04-25,FJRD,43.03,83233,USD
2024-04-25,GLAC,39.97,102507,CHF
2024-04-25,HELV,138.85,88106,CHF
2024-04-25,IBEX,23.31,214508,EUR
2024-04-25,JURA,4588.83,146876,CHF
2024-04-26,ALPN,100.41,83556,CHF
2024-04-26,BRGN,317.38,273717,CHF
2024-04-26,DELT,74.4,57110,EUR
2024-04-26,EDLW,48.25,46295,CHF
2024-04-26,FJRD,41.58,44958,USD
2024-04-26,GLAC,38.8,257078,CHF
2024-04-26,HELV,136.57,131091,CHF
2024-04-26,IBEX,22.58,393073,EUR
2024-04-26,JURA,4465.94,179587,CHF
2024-04-29,ALPN,100.51,82810,CHF
2024-04-29,BRGN,315.46,212324,CHF
2024-04-29,DELT,74.48,326010,EUR
2024-04-29,EDLW,48.55,80834,CHF
2024-04-29,FJRD,41.07,390787,USD
2024-04-29,GLAC,37.96,166186,CHF
2024-04-29,HELV,135.69,60151,CHF
2024-04-29,IBEX,22.06,60357,EUR
2024-04-29,JURA,4410.52,176288,CHF
2024-04-30,ALPN,99.19,360424,CHF
2024-04-30,BRGN,313.52,361290,CHF
2024-04-30,DELT,71.68,313736,EUR
2024-04-30,EDLW,49.77,241286,CHF
2024-04-30,FJRD,41.1,272038,USD
2024-04-30,GLAC,37.45,382256,CHF
2024-04-30,HELV,138.59,371772,CHF
2024-04-30,IBEX,22.25,29146,EUR
2024-04-30,JURA,4347.73,310992,CHF
2024-05-01,ALPN,96.69,251781,CHF
2024-05-01,BRGN,309.96,184607,CHF
2024-05-01,DELT,71.85,331919,EUR
2024-05-01,EDLW,50.07,101548,CHF
2024-05-01,FJRD,41.17,203221,USD
2024-05-01,GLAC,37.41,376449,CHF
2024-05-01,HELV,137.81,365012,CHF
2024-05-01,IBEX,21.66,289835,EUR
2024-05-01,JURA,4350.82,331973,CHF
2024-05-02,ALPN,95.28,84601,CHF
2024-05-02,BRGN,297.66,227614,CHF
2024-05-02,DELT,69.95,362178,EUR
2024-05-02,EDLW,48.38,255214,CHF
2024-05-02,FJRD,40.9,220163,USD
2024-05-02,GLAC,36.58,105398,CHF
2024-05-02,HELV,132.66,201798,CHF
2024-05-02,IBEX,21.45,227165,EUR
2024-05-02,JURA,4250.88,154906,CHF
2024-05-03,ALPN,93.28,173480,CHF
2024-05-03,BRGN,299.03,199525,CHF
2024-05-03,DELT,68.7,175157,EUR
2024-05-03,EDLW,47.42,252918,CHF
2024-05-03,EDLW,47.42,252918,CHF
2024-05-03,FJRD,40.79,349614,USD
2024-05-03,GLAC,36.37,163440,CHF
2024-05-03,HELV,133.13,146241,CHF
2024-05-03,IBEX,21.54,230357,EUR
2024-05-03,JURA,4189.32,92466,CHF
2024-05-06,ALPN,93.4,277978,CHF
2024-05-06,BRGN,296.92,102748,CHF
2024-05-06,DELT,68.34,91941,EUR
2024-05-06,EDLW,47.11,267412,CHF
2024-05-06,FJRD,40.85,112543,USD
2024-05-06,GLAC,35.97,116536,CHF
2024-05-06,HELV,133.04,141105,CHF
2024-05-06,IBEX,21.58,51789,EUR
2024-05-06,JURA,4204.24,386260,CHF
2024-05-07,ALPN,90.72,319567,CHF
2024-05-07,BRGN,291.81,363723,CHF
2024-05-07,DELT,67.07,252159,EUR
2024-05-07,EDLW,46.47,239198,CHF
2024-05-07,FJRD,39.94,332560,USD
2024-05-07,GLAC,35.35,116439,CHF
2024-05-07,HELV,132.26,49123,CHF
2024-05-07,IBEX,21.06,212410,EUR
2024-05-08,ALPN,89.14,156237,CHF
2024-05-08,BRGN,293.15,243907,CHF
2024-05-08,DELT,66.36,286608,EUR
2024-05-08,EDLW,45.45,209360,CHF
2024-05-08,FJRD,39.41,111941,USD
2024-05-08,GLAC,34.5,203126,CHF
2024-05-08,HELV,129.68,224232,CHF
2024-05-08,IBEX,20.46,339276,EUR
2024-05-08,JURA,4006.34,151105,CHF
2024-05-09,ALPN,90.75,255659,CHF
2024-05-09,BRGN,289.42,96855,CHF
2024-05-09,DELT,66.7,81896,EUR
2024-05-09,EDLW,45.37,227068,CHF
2024-05-09,FJRD,39.54,387863,USD
2024-05-09,GLAC,34.1,22806,CHF
2024-05-09,HELV,130.89,321630,CHF
2024-05-09,IBEX,20.05,351333,EUR
2024-05-09,JURA,4008.25,350631,CHF
2024-05-10,ALPN,92.07,58164,CHF
2024-05-10,BRGN,287.93,247189,CHF
2024-05-10,DELT,65.36,276675,EUR
2024-05-10,EDLW,45.97,252717,CHF
2024-05-10,FJRD,40.16,302116,USD
2024-05-10,GLAC,34.59,173120,CHF
2024-05-10,HELV,131.44,219398,CHF
2024-05-10,IBEX,20.52,365861,EUR
2024-05-10,JURA,4023.3,230934,CHF
2024-05-13,ALPN,90.43,392654,CHF
2024-05-13,BRGN,284.36,72624,CHF
2024-05-13,DELT,64.7,364221,EUR
2024-05-13,EDLW,45.3,171715,CHF
2024-05-13,FJRD,39.79,173927,USD
2024-05-13,GLAC,34.69,203155,CHF
2024-05-13,HELV,130.07,261543,CHF
2024-05-13,IBEX,20.33,124600,EUR
2024-05-13,JURA,4059.18,56601,CHF
2024-05-14,ALPN,86.59,96825,CHF
2024-05-14,BRGN,288.29,399076,CHF
2024-05-14,DELT,64.27,77584,EUR
2024-05-14,EDLW,45.52,292691,CHF
2024-05-14,FJRD,39.13,207545,USD
2024-05-14,GLAC,33.75,276754,CHF
2024-05-14,HELV,127.53,141691,CHF
2024-05-14,IBEX,19.92,200109,EUR
2024-05-14,JURA,4'027.96,128544,CHF
2024-05-15,ALPN,88.0,71566,CHF
2024-05-15,BRGN,287.74,388469,CHF
2024-05-15,DELT,64.13,190175,EUR
2024-05-15,EDLW,46.53,234678,CHF
2024-05-15,FJRD,38.51,276609,USD
2024-05-15,GLAC,34.12,339635,CHF
2024-05-15,HELV,128.29,371605,CHF
2024-05-15,IBEX,19.7,234564,EUR
2024-05-15,JURA,4019.13,248350,CHF
2024-05-16,ALPN,85.73,358114,CHF
2024-05-16,BRGN,294.34,237322,CHF
2024-05-16,DELT,64.92,334915,EUR
2024-05-16,EDLW,45.79,211289,CHF
2024-05-16,FJRD,38.16,111883,USD
2024-05-16,GLAC,33.74,142767,CHF
2024-05-16,HELV,124.33,220263,CHF
2024-05-16,IBEX,19.58,299002,EUR
2024-05-16,JURA,4009.58,281411,CHF
2024-05-17,ALPN,84.48,300320,CHF
2024-05-17,BRGN,296.62,166393,CHF
2024-05-17,DELT,65.72,91583,EUR
2024-05-17,EDLW,45.91,317002,CHF
2024-05-17,FJRD,37.61,26540,USD
2024-05-17,GLAC,33.47,71581,CHF
2024-05-17,HELV,122.98,239553,CHF
2024-05-17,IBEX,19.41,71888,EUR
2024-05-17,JURA,4006.13,281575,CHF
2024-05-20,ALPN,83.34,139859,CHF
2024-05-20,BRGN,294.06,110678,CHF
2024-05-20,DELT,64.71,295565,EUR
2024-05-20,EDLW,45.26,185814,CHF
2024-05-20,FJRD,37.61,61913,USD
2024-05-20,GLAC,32.43,152378,CHF
2024-05-20,HELV,123.34,182233,CHF
2024-05-20,IBEX,19.13,266617,EUR
2024-05-20,JURA,4011.31,332490,CHF
2024-05-21,ALPN,83.02,129953,CHF
2024-05-21,BRGN,290.92,203840,CHF
2024-05-21,DELT,64.3,222149,EUR
2024-05-21,EDLW,44.68,385872,CHF
2024-05-21,FJRD,37.61,160247,USD
2024-05-21,GLAC,32.49,87820,CHF
2024-05-21,HELV,122.45,302768,CHF
2024-05-21,IBEX,19.02,168266,EUR
2024-05-21,JURA,4002.4,51962,CHF
2024-05-22,ALPN,84.09,316109,CHF
2024-05-22,BRGN,291.92,135694,CHF
2024-05-22,DELT,64.86,64702,EUR
2024-05-22,EDLW,45.12,36034,CHF
2024-05-22,FJRD,36.9,194418,USD
2024-05-22,GLAC,32.35,168265,CHF
2024-05-22,HELV,123.5,330202,CHF
2024-05-22,IBEX,19.07,32248,EUR
2024-05-22,JURA,3974.66,211726,CHF
2024-05-23,ALPN,82.36,294036,CHF
2024-05-23,BRGN,296.13,269485,CHF
2024-05-23,DELT,63.98,227217,EUR
2024-05-23,EDLW,45.38,119782,CHF
2024-05-23,FJRD,36.67,131516,USD
2024-05-23,GLAC,32.23,250250,CHF
2024-05-23,HELV,121.74,335902,CHF
2024-05-23,IBEX,18.54,271648,EUR
2024-05-23,JURA,3977.27,214077,CHF
2024-05-24,ALPN,81.63,85130,CHF
2024-05-24,BRGN,297.49,380449,CHF
2024-05-24,DELT,62.7,163087,EUR
2024-05-24,EDLW,44.9,339139,CHF
2024-05-24,FJRD,36.81,129844,USD
2024-05-24,GLAC,31.69,299315,CHF
2024-05-24,HELV,121.32,331081,CHF
2024-05-24,IBEX,18.4,395545,EUR
2024-05-24,JURA,3973.56,296198,CHF
2024-05-27,ALPN,81.3,280768,CHF
2024-05-27,BRGN,298.86,49162,CHF
2024-05-27,DELT,63.5,309164,EUR
2024-05-27,EDLW,45.11,311630,CHF
2024-05-27,FJRD,37.23,399162,USD
2024-05-27,GLAC,31.74,290433,CHF
2024-05-27,HELV,119.16,273970,CHF
2024-05-27,IBEX,18.65,347033,EUR
2024-05-27,JURA,3978.87,102250,CHF
2024-05-28,ALPN,81.38,78514,CHF
2024-05-28,BRGN,308.98,266045,CHF
2024-05-28,DELT,64.9,248422,EUR
2024-05-28,EDLW,45.31,87541,CHF
2024-05-28,FJRD,37.89,289893,USD
2024-05-28,GLAC,31.93,84048,CHF
2024-05-28,HELV,118.55,382811,CHF
2024-05-28,IBEX,19.19,307646,EUR
2024-05-28,JURA,4035.73,248461,CHF
2024-05-29,ALPN,81.9,92341,CHF
2024-05-29,BRGN,311.98,42969,CHF
2024-05-29,DELT,66.42,64205,EUR
2024-05-29,EDLW,46.44,362132,CHF
2024-05-29,FJRD,38.69,24356,USD
2024-05-29,GLAC,33.28,372236,CHF
2024-05-29,HELV,124.04,278182,CHF
2024-05-29,IBEX,19.91,283945,EUR
2024-05-29,JURA,4155.69,35288,CHF
2024-05-30,ALPN,81.49,88693,CHF
2024-05-30,BRGN,311.39,113853,CHF
2024-05-30,DELT,66.45,194189,EUR
2024-05-30,EDLW,46.84,294523,CHF
2024-05-30,FJRD,39.01,135220,USD
2024-05-30,GLAC,33.94,396277,CHF
2024-05-30,HELV,127.04,47826,CHF
2024-05-30,IBEX,20.53,276170,EUR
2024-05-30,JURA,4300.44,103662,CHF
2024-05-31,ALPN,81.17,121848,CHF
2024-05-31,BRGN,310.99,372025,CHF
2024-05-31,DELT,67.18,233559,EUR
2024-05-31,EDLW,47.92,398896,CHF
2024-05-31,FJRD,39.66,340294,USD
2024-05-31,GLAC,35.07,197354,CHF
2024-05-31,HELV,130.52,49085,CHF
2024-05-31,IBEX,20.56,113730,EUR
2024-05-31,JURA,4321.88,363917,CHF
2024-06-03,ALPN,79.72,161161,CHF
2024-06-03,BRGN,314.8,187781,CHF
2024-06-03,DELT,67.06,173288,EUR
2024-06-03,EDLW,48.2,257529,CHF
2024-06-03,FJRD,39.51,381458,USD
2024-06-03,HELV,128.37,180892,CHF
2024-06-03,IBEX,20.31,366565,EUR
2024-06-03,JURA,4282.25,127447,CHF
2024-06-04,ALPN,79.18,151531,CHF
2024-06-04,BRGN,319.32,392799,CHF
2024-06-04,DELT,67.04,337722,EUR
2024-06-04,EDLW,47.84,208162,CHF
2024-06-04,FJRD,38.94,202069,USD
2024-06-04,GLAC,32.98,398559,CHF
2024-06-04,IBEX,20.42,126665,EUR
2024-06-04,JURA,4288.04,92399,CHF
2024-06-05,ALPN,80.19,215115,CHF
2024-06-05,BRGN,326.34,219895,CHF
2024-06-05,DELT,67.59,46821,EUR
2024-06-05,EDLW,48.37,282213,CHF
2024-06-05,FJRD,39.76,254081,USD
2024-06-05,GLAC,32.3,380382,CHF
2024-06-05,HELV,128.68,389478,CHF
2024-06-05,IBEX,20.66,377366,EUR
2024-06-05,JURA,4348.82,28814,CHF
2024-06-06,ALPN,81.67,28069,CHF
2024-06-06,BRGN,330.23,20645,CHF
2024-06-06,DELT,68.4,315082,EUR
2024-06-06,EDLW,48.63,287998,CHF
2024-06-06,FJRD,38.96,345060,USD
2024-06-06,GLAC,32.7,114250,CHF
2024-06-06,HELV,128.44,214513,CHF
2024-06-06,IBEX,20.79,391600,EUR
2024-06-06,JURA,4340.33,198278,CHF
2024-06-07,ALPN,81.92,73369,CHF
2024-06-07,BRGN,328.9,344280,CHF
2024-06-07,DELT,67.41,183678,EUR
2024-06-07,EDLW,47.7,30496,CHF
2024-06-07,FJRD,39.35,131501,USD
2024-06-07,GLAC,32.41,86643,CHF
2024-06-07,HELV,128.74,310100,CHF
2024-06-07,IBEX,20.49,395201,EUR
2024-06-07,JURA,4417.47,22717,CHF
2024-06-10,ALPN,82.91,303673,CHF
2024-06-10,BRGN,338.45,82530,CHF
2024-06-10,DELT,68.17,151284,EUR
2024-06-10,EDLW,48.18,331019,CHF
2024-06-10,FJRD,40.08,20652,USD
2024-06-10,GLAC,33.54,164136,CHF
2024-06-10,HELV,129.09,77081,CHF
2024-06-10,IBEX,20.81,255101,EUR
2024-06-10,JURA,4362.04,395948,CHF
2024-06-11,ALPN,82.55,333312,CHF
2024-06-11,BRGN,344.62,35437,CHF
2024-06-11,DELT,67.96,35176,EUR
2024-06-11,EDLW,47.81,153978,CHF
2024-06-11,FJRD,39.5,24305,USD
2024-06-11,GLAC,33.54,377142,CHF
2024-06-11,HELV,128.48,299953,CHF
2024-06-11,IBEX,20.48,176068,EUR
2024-06-11,JURA,4'355.89,201853,CHF
2024-06-12,ALPN,81.6,66472,CHF
2024-06-12,BRGN,342.25,175901,CHF
2024-06-12,DELT,67.45,339205,EUR
2024-06-12,EDLW,47.89,244097,CHF
2024-06-12,FJRD,39.78,119389,USD
2024-06-12,GLAC,32.89,206509,CHF
2024-06-12,HELV,126.97,396248,CHF
2024-06-12,IBEX,20.17,131996,EUR
2024-06-12,JURA,4327.26,155715,CHF
2024-06-13,ALPN,80.3,251486,CHF
2024-06-13,BRGN,342.73,391093,CHF
2024-06-13,DELT,65.57,28096,EUR
2024-06-13,EDLW,47.75,337795,CHF
2024-06-13,FJRD,38.28,125767,USD
2024-06-13,GLAC,32.2,187267,CHF
2024-06-13,HELV,127.78,329189,CHF
2024-06-13,IBEX,19.92,33126,EUR
2024-06-13,JURA,4215.24,42572,CHF
2024-06-14,ALPN,81.13,86540,CHF
2024-06-14,BRGN,345.54,213183,CHF
2024-06-14,DELT,65.47,233254,EUR
2024-06-14,EDLW,47.68,22321,CHF
2024-06-14,FJRD,37.86,309846,USD
2024-06-14,GLAC,32.68,184874,CHF
2024-06-14,HELV,127.94,180896,CHF
2024-06-14,IBEX,19.31,181075,EUR
2024-06-14,JURA,4188.38,217683,CHF
2024-06-17,ALPN,81.13,268462,CHF
2024-06-17,BRGN,344.32,153252,CHF
2024-06-17,DELT,65.19,194987,EUR
2024-06-17,EDLW,47.5,356313,CHF
2024-06-17,FJRD,38.38,220731,USD
2024-06-17,GLAC,32.48,85790,CHF
2024-06-17,HELV,125.21,146548,CHF
2024-06-17,IBEX,19.32,127419,EUR
2024-06-17,JURA,4240.47,261756,CHF
2024-06-18,ALPN,80.24,350711,CHF
2024-06-18,BRGN,337.71,220883,CHF
2024-06-18,DELT,66.03,49051,EUR
2024-06-18,EDLW,47.4,152741,CHF
2024-06-18,FJRD,37.65,360052,USD
2024-06-18,GLAC,31.98,340329,CHF
2024-06-18,HELV,125.69,312362,CHF
2024-06-18,IBEX,19.22,283046,EUR
2024-06-18,JURA,4168.46,318137,CHF
2024-06-19,ALPN,82.02,325183,CHF
2024-06-19,BRGN,340.32,304391,CHF
2024-06-19,DELT,69.96,397716,EUR
2024-06-19,EDLW,47.37,287666,CHF
2024-06-19,FJRD,39.64,276381,USD
2024-06-19,GLAC,33.37,247896,CHF
2024-06-19,HELV,127.64,320410,CHF
2024-06-19,IBEX,19.41,40171,EUR
2024-06-19,JURA,4287.86,252597,CHF
2024-06-20,ALPN,84.03,237416,CHF
2024-06-20,BRGN,344.95,97927,CHF
2024-06-20,DELT,70.36,71751,EUR
2024-06-20,EDLW,48.69,353538,CHF
2024-06-20,FJRD,40.07,245999,USD
2024-06-20,GLAC,33.91,83771,CHF
2024-06-20,HELV,129.28,23613,CHF
2024-06-20,IBEX,19.73,236686,EUR
2024-06-20,JURA,4407.88,82588,CHF
2024-06-21,ALPN,84.68,159267,CHF
2024-06-21,BRGN,344.71,79405,CHF
2024-06-21,DELT,72.07,213958,EUR
2024-06-21,EDLW,49.51,361922,CHF
2024-06-21,FJRD,40.94,216080,USD
2024-06-21,GLAC,34.4,266046,CHF
2024-06-21,HELV,132.99,308684,CHF
2024-06-21,IBEX,19.83,67247,EUR
2024-06-21,JURA,4468.74,164464,CHF
2024-06-24,ALPN,86.92,211777,CHF
2024-06-24,BRGN,344.18,395496,CHF
2024-06-24,DELT,74.95,178906,EUR
2024-06-24,EDLW,51.23,111301,CHF
2024-06-24,FJRD,42.08,172805,USD
2024-06-24,GLAC,34.97,345434,CHF
2024-06-24,HELV,134.72,212813,CHF
2024-06-24,IBEX,20.8,186849,EUR
2024-06-24,JURA,4642.89,140531,CHF
2024-06-25,ALPN,86.88,234179,CHF
2024-06-25,BRGN,344.36,341765,CHF
2024-06-25,DELT,73.54,382320,EUR
2024-06-25,EDLW,51.33,77894,CHF
2024-06-25,FJRD,41.72,76090,USD
2024-06-25,GLAC,34.17,334486,CHF
2024-06-25,HELV,134.63,322906,CHF
2024-06-25,IBEX,20.87,351689,EUR
2024-06-25,JURA,4608.45,214406,CHF
2024-06-26,ALPN,88.03,362647,CHF
2024-06-26,BRGN,344.8,165764,CHF
2024-06-26,DELT,73.66,27945,EUR
2024-06-26,EDLW,51.25,289992,CHF
2024-06-26,FJRD,41.26,58046,USD
2024-06-26,GLAC,34.37,49698,CHF
2024-06-26,HELV,136.52,196414,CHF
2024-06-26,IBEX,20.66,320960,EUR
2024-06-26,JURA,4557.42,242824,CHF
2024-06-27,ALPN,86.79,334510,CHF
2024-06-27,BRGN,341.75,300944,CHF
2024-06-27,DELT,74.37,308975,EUR
2024-06-27,EDLW,50.68,182890,CHF
2024-06-27,FJRD,41.01,263232,USD
2024-06-27,GLAC,33.76,80357,CHF
2024-06-27,HELV,137.39,35685,CHF
2024-06-27,IBEX,20.05,70416,EUR
2024-06-28,ALPN,86.54,234285,CHF
2024-06-28,BRGN,334.08,242032,CHF
2024-06-28,DELT,72.09,119679,EUR
2024-06-28,EDLW,51.29,339115,CHF
2024-06-28,FJRD,40.48,393617,USD
2024-06-28,GLAC,33.4,43408,CHF
2024-06-28,HELV,134.05,76092,CHF
2024-06-28,IBEX,20.1,222876,EUR
2024-06-28,JURA,4477.6,25531,CHF
2024-07-01,ALPN,85.39,48943,CHF
2024-07-01,BRGN,326.21,203736,CHF
2024-07-01,DELT,72.52,158047,EUR
2024-07-01,EDLW,50.31,313321,CHF
2024-07-01,FJRD,39.95,141733,USD
2024-07-01,GLAC,33.58,351897,CHF
2024-07-01,HELV,132.55,291290,CHF
2024-07-01,IBEX,20.14,169188,EUR
2024-07-01,JURA,4441.06,129202,CHF
2024-07-02,ALPN,86.2,138419,CHF
2024-07-02,BRGN,328.67,299842,CHF
2024-07-02,DELT,73.24,206189,EUR
2024-07-02,EDLW,49.96,325444,CHF
2024-07-02,FJRD,39.65,68662,USD
2024-07-02,GLAC,33.38,337344,CHF
2024-07-02,HELV,134.56,209101,CHF
2024-07-02,IBEX,20.06,33644,EUR
2024-07-02,JURA,4411.34,83144,CHF
2024-07-03,ALPN,85.72,365920,CHF
2024-07-03,BRGN,331.0,194681,CHF
2024-07-03,DELT,72.19,367912,EUR
2024-07-03,EDLW,49.55,362361,CHF
2024-07-03,FJRD,39.48,109983,USD
2024-07-03,GLAC,33.29,210781,CHF
2024-07-03,HELV,134.69,353101,CHF
2024-07-03,IBEX,20.4,89992,EUR
2024-07-03,JURA,4429.14,35674,CHF
2024-07-04,ALPN,86.93,231308,CHF
2024-07-04,BRGN,336.54,38119,CHF
2024-07-04,DELT,72.62,125430,EUR
2024-07-04,EDLW,49.94,152424,CHF
2024-07-04,FJRD,40.13,171881,USD
2024-07-04,GLAC,33.87,172458,CHF
2024-07-04,HELV,135.92,188407,CHF
2024-07-04,IBEX,20.68,241077,EUR
2024-07-04,JURA,4543.5,209333,CHF
2024-07-05,ALPN,84.82,70708,CHF
2024-07-05,BRGN,335.08,25854,CHF
2024-07-05,DELT,71.88,325349,EUR
2024-07-05,EDLW,49.68,350532,CHF
2024-07-05,FJRD,40.5,167781,USD
2024-07-05,GLAC,34.21,165519,CHF
2024-07-05,HELV,137.04,58779,CHF
2024-07-05,IBEX,20.41,140355,EUR
2024-07-05,JURA,4577.16,395606,CHF
2024-07-08,ALPN,85.77,201624,CHF
2024-07-08,BRGN,327.98,306623,CHF
2024-07-08,DELT,70.82,342305,EUR
2024-07-08,EDLW,49.62,208096,CHF
2024-07-08,FJRD,39.6,111934,USD
2024-07-08,GLAC,34.74,369586,CHF
2024-07-08,HELV,136.72,144576,CHF
2024-07-08,IBEX,20.47,134229,EUR
2024-07-08,JURA,4575.16,319344,CHF
2024-07-09,ALPN,86.59,317759,CHF
2024-07-09,BRGN,330.78,229431,CHF
2024-07-09,DELT,71.7,295856,EUR
2024-07-09,EDLW,50.12,157228,CHF
2024-07-09,FJRD,41.17,168101,USD
2024-07-09,GLAC,36.18,304001,CHF
2024-07-09,HELV,142.73,246112,CHF
2024-07-09,JURA,4740.22,179025,CHF
2024-07-10,ALPN,89.43,53974,CHF
2024-07-10,BRGN,328.27,310294,CHF
2024-07-10,DELT,71.45,141276,EUR
2024-07-10,EDLW,50.97,314457,CHF
2024-07-10,FJRD,41.26,149075,USD
2024-07-10,GLAC,35.96,299386,CHF
2024-07-10,HELV,141.3,190637,CHF
2024-07-10,IBEX,20.97,361656,EUR
2024-07-10,JURA,4'738.37,134235,CHF
2024-07-11,ALPN,89.3,200730,CHF
2024-07-11,BRGN,330.76,394850,CHF
2024-07-11,DELT,71.54,241954,EUR
2024-07-11,EDLW,50.78,379363,CHF
2024-07-11,FJRD,40.03,352450,USD
2024-07-11,GLAC,35.95,245986,CHF
2024-07-11,HELV,139.62,276415,CHF
2024-07-11,IBEX,20.31,391772,EUR
2024-07-11,JURA,4762.87,119415,CHF
2024-07-12,ALPN,89.6,27865,CHF
2024-07-12,BRGN,330.83,214286,CHF
2024-07-12,DELT,71.52,31297,EUR
2024-07-12,FJRD,39.98,208242,USD
2024-07-12,GLAC,36.45,336980,CHF
2024-07-12,HELV,142.75,339160,CHF
2024-07-12,IBEX,21.04,71758,EUR
2024-07-12,JURA,4768.77,396339,CHF
2024-07-15,ALPN,90.44,358375,CHF
2024-07-15,BRGN,339.83,63002,CHF
2024-07-15,DELT,70.66,97650,EUR
2024-07-15,EDLW,50.44,92006,CHF
2024-07-15,FJRD,39.53,83597,USD
2024-07-15,GLAC,36.0,59419,CHF
2024-07-15,HELV,140.84,141842,CHF
2024-07-15,IBEX,20.98,240806,EUR
2024-07-15,JURA,4880.16,381832,CHF
2024-07-16,ALPN,89.71,30901,CHF
2024-07-16,BRGN,333.97,389052,CHF
2024-07-16,DELT,69.34,366795,EUR
2024-07-16,EDLW,50.95,253357,CHF
2024-07-16,FJRD,38.75,112186,USD
2024-07-16,GLAC,35.58,154150,CHF
2024-07-16,HELV,140.83,396571,CHF
2024-07-16,IBEX,20.99,113384,EUR
2024-07-16,JURA,4835.66,46027,CHF
2024-07-17,ALPN,90.72,102837,CHF
2024-07-17,BRGN,335.11,154705,CHF
2024-07-17,DELT,68.84,154725,EUR
2024-07-17,EDLW,50.66,191242,CHF
2024-07-17,FJRD,38.23,334754,USD
2024-07-17,GLAC,35.02,197280,CHF
2024-07-17,HELV,137.09,166355,CHF
2024-07-17,IBEX,21.38,165098,EUR
2024-07-17,JURA,4836.73,154944,CHF
2024-07-18,ALPN,89.71,332061,CHF
2024-07-18,BRGN,332.3,239412,CHF
2024-07-18,DELT,68.02,93398,EUR
2024-07-18,EDLW,50.29,81400,CHF
2024-07-18,FJRD,37.55,363229,USD
2024-07-18,GLAC,35.07,271411,CHF
2024-07-18,HELV,137.48,251547,CHF
2024-07-18,IBEX,20.96,178472,EUR
2024-07-18,JURA,4738.69,250419,CHF
2024-07-19,ALPN,89.0,220256,CHF
2024-07-19,BRGN,335.3,76106,CHF
2024-07-19,DELT,68.4,89223,EUR
2024-07-19,EDLW,49.78,137269,CHF
2024-07-19,FJRD,37.18,53913,USD
2024-07-19,GLAC,35.72,117587,CHF
2024-07-19,HELV,138.21,316760,CHF
2024-07-19,IBEX,20.73,89524,EUR
2024-07-19,JURA,4700.8,279244,CHF
2024-07-22,ALPN,86.85,70777,CHF
2024-07-22,BRGN,334.44,305873,CHF
2024-07-22,DELT,67.72,399883,EUR
2024-07-22,EDLW,50.36,25849,CHF
2024-07-22,FJRD,37.24,297410,USD
2024-07-22,GLAC,35.61,167537,CHF
2024-07-22,HELV,134.13,114802,CHF
2024-07-22,IBEX,20.76,182975,EUR
2024-07-22,JURA,4677.26,193702,CHF
2024-07-23,ALPN,86.22,286971,CHF
2024-07-23,BRGN,332.85,383026,CHF
2024-07-23,DELT,67.0,49844,EUR
2024-07-23,EDLW,51.01,322728,CHF
2024-07-23,FJRD,37.31,399086,USD
2024-07-23,GLAC,35.18,186427,CHF
2024-07-23,HELV,134.14,185521,CHF
2024-07-23,IBEX,20.76,65784,EUR
2024-07-23,JURA,4652.81,365841,CHF
2024-07-24,ALPN,84.31,67876,CHF
2024-07-24,BRGN,327.04,42532,CHF
2024-07-24,DELT,67.71,144029,EUR
2024-07-24,EDLW,49.47,57311,CHF
2024-07-24,FJRD,36.14,218894,USD
2024-07-24,GLAC,33.95,139604,CHF
2024-07-24,HELV,134.31,227951,CHF
2024-07-24,IBEX,20.87,274423,EUR
2024-07-24,JURA,4558.29,100561,CHF
2024-07-25,ALPN,87.03,195500,CHF
2024-07-25,BRGN,330.34,285865,CHF
2024-07-25,DELT,67.78,369332,EUR
2024-07-25,EDLW,50.49,279820,CHF
2024-07-25,FJRD,36.77,71690,USD
2024-07-25,GLAC,34.61,298365,CHF
2024-07-25,HELV,133.98,29968,CHF
2024-07-25,IBEX,21.29,199862,EUR
2024-07-25,JURA,4595.58,395367,CHF
2024-07-26,ALPN,86.59,306777,CHF
2024-07-26,BRGN,333.25,220319,CHF
2024-07-26,DELT,67.94,118339,EUR
2024-07-26,EDLW,49.86,394233,CHF
2024-07-26,FJRD,36.9,239655,USD
2024-07-26,GLAC,34.46,212490,CHF
2024-07-26,HELV,131.33,150308,CHF
2024-07-26,IBEX,21.41,89223,EUR
2024-07-26,JURA,4537.2,352224,CHF
2024-07-29,ALPN,88.01,122840,CHF
2024-07-29,BRGN,327.88,163455,CHF
2024-07-29,DELT,67.46,27554,EUR
2024-07-29,EDLW,49.55,310251,CHF
2024-07-29,FJRD,36.65,142350,USD
2024-07-29,GLAC,33.67,346083,CHF
2024-07-29,HELV,131.73,98721,CHF
2024-07-29,IBEX,21.19,61307,EUR
2024-07-29,JURA,4621.55,364626,CHF
2024-07-30,ALPN,86.32,119238,CHF
2024-07-30,BRGN,329.52,78838,CHF
2024-07-30,DELT,68.75,197380,EUR
2024-07-30,EDLW,50.33,149420,CHF
2024-07-30,FJRD,37.39,48927,USD
2024-07-30,GLAC,33.04,156136,CHF
2024-07-30,HELV,131.1,108261,CHF
2024-07-30,IBEX,21.14,57867,EUR
2024-07-30,JURA,4517.04,147028,CHF
2024-07-31,ALPN,85.98,260168,CHF
2024-07-31,BRGN,326.29,359186,CHF
2024-07-31,DELT,67.5,21383,EUR
2024-07-31,EDLW,50.81,157559,CHF
2024-07-31,FJRD,36.78,376822,USD
2024-07-31,GLAC,31.15,190214,CHF
2024-07-31,HELV,127.52,300679,CHF
2024-07-31,IBEX,20.44,174154,EUR
2024-07-31,JURA,4483.56,283377,CHF
2024-08-01,ALPN,86.06,300833,CHF
2024-08-01,BRGN,333.68,70638,CHF
2024-08-01,DELT,68.95,37601,EUR
2024-08-01,EDLW,51.71,115476,CHF
2024-08-01,FJRD,37.92,38288,USD
2024-08-01,GLAC,31.74,206317,CHF
2024-08-01,HELV,129.12,38462,CHF
2024-08-01,IBEX,20.5,351497,EUR
2024-08-01,JURA,4529.4,120301,CHF
2024-08-02,ALPN,84.15,139598,CHF
2024-08-02,BRGN,333.23,82033,CHF
2024-08-02,DELT,68.0,251733,EUR
2024-08-02,EDLW,50.94,44713,CHF
2024-08-02,FJRD,37.2,69008,USD
2024-08-02,GLAC,31.63,326372,CHF
2024-08-02,HELV,127.67,195364,CHF
2024-08-02,IBEX,20.13,195242,EUR
2024-08-02,JURA,4422.65,79836,CHF
2024-08-05,ALPN,86.14,368817,CHF
2024-08-05,BRGN,339.35,390608,CHF
2024-08-05,DELT,68.89,26051,EUR
2024-08-05,EDLW,52.43,102445,CHF
2024-08-05,FJRD,37.91,264990,USD
2024-08-05,GLAC,32.12,149712,CHF
2024-08-05,HELV,127.86,150616,CHF
2024-08-05,IBEX,20.2,171738,EUR
2024-08-05,JURA,4488.42,276340,CHF
2024-08-06,ALPN,87.45,319138,CHF
2024-08-06,BRGN,337.05,97448,CHF
2024-08-06,DELT,71.13,267056,EUR
2024-08-06,EDLW,53.56,193070,CHF
2024-08-06,FJRD,38.34,246093,USD
2024-08-06,GLAC,32.49,306202,CHF
2024-08-06,HELV,128.49,165157,CHF
2024-08-06,IBEX,20.55,255974,EUR
2024-08-06,JURA,4496.52,261613,CHF
2024-08-07,ALPN,88.06,375090,CHF
2024-08-07,BRGN,337.92,362714,CHF
2024-08-07,DELT,71.53,290084,EUR
2024-08-07,EDLW,54.0,192470,CHF
2024-08-07,FJRD,38.6,131283,USD
2024-08-07,GLAC,32.4,397811,CHF
2024-08-07,HELV,129.31,319951,CHF
2024-08-07,IBEX,20.55,95974,EUR
2024-08-07,JURA,4'502.91,71899,CHF
2024-08-08,ALPN,87.08,252674,CHF
2024-08-08,BRGN,337.41,204974,CHF
2024-08-08,DELT,71.18,60241,EUR
2024-08-08,EDLW,53.77,293835,CHF
2024-08-08,FJRD,37.25,374167,USD
2024-08-08,FJRD,37.25,374167,USD
2024-08-08,GLAC,31.6,243376,CHF
2024-08-08,HELV,128.19,266831,CHF
2024-08-08,IBEX,20.21,365554,EUR
2024-08-08,JURA,4439.79,334163,CHF
2024-08-09,ALPN,86.39,359609,CHF
2024-08-09,BRGN,338.03,145400,CHF
2024-08-09,DELT,70.38,150373,EUR
2024-08-09,EDLW,52.58,75038,CHF
2024-08-09,FJRD,36.6,379589,USD
2024-08-09,GLAC,31.28,260983,CHF
2024-08-09,HELV,129.03,314648,CHF
2024-08-09,IBEX,20.39,337994,EUR
2024-08-09,JURA,4409.65,116206,CHF
2024-08-12,ALPN,86.01,144663,CHF
2024-08-12,BRGN,332.38,238321,CHF
2024-08-12,DELT,72.2,67594,EUR
2024-08-12,EDLW,52.52,183651,CHF
2024-08-12,FJRD,36.59,285629,USD
2024-08-12,GLAC,31.84,184753,CHF
2024-08-12,HELV,128.44,217658,CHF
2024-08-12,IBEX,20.48,221375,EUR
2024-08-12,JURA,4446.28,398807,CHF
2024-08-13,ALPN,88.44,347518,CHF
2024-08-13,BRGN,329.63,362795,CHF
2024-08-13,DELT,73.15,29573,EUR
2024-08-13,EDLW,52.58,386055,CHF
2024-08-13,FJRD,37.66,84458,USD
2024-08-13,GLAC,31.29,23157,CHF
2024-08-13,HELV,128.11,262312,CHF
2024-08-13,IBEX,20.24,196307,EUR
2024-08-13,JURA,4506.42,87604,CHF
2024-08-14,ALPN,89.33,152289,CHF
2024-08-14,BRGN,330.33,347964,CHF
2024-08-14,DELT,74.95,142809,EUR
2024-08-14,EDLW,53.17,69732,CHF
2024-08-14,FJRD,37.17,202626,USD
2024-08-14,GLAC,32.2,271956,CHF
2024-08-14,HELV,126.04,258020,CHF
2024-08-14,IBEX,20.26,81892,EUR
2024-08-14,JURA,4589.54,252225,CHF
2024-08-15,ALPN,89.6,255603,CHF
2024-08-15,BRGN,331.73,217701,CHF
2024-08-15,DELT,76.75,334074,EUR
2024-08-15,EDLW,53.76,213549,CHF
2024-08-15,FJRD,37.98,394485,USD
2024-08-15,HELV,128.2,362372,CHF
2024-08-15,IBEX,20.61,149838,EUR
2024-08-15,JURA,4582.32,138137,CHF
2024-08-16,ALPN,88.27,321257,CHF
2024-08-16,BRGN,332.65,225104,CHF
2024-08-16,DELT,76.03,36938,EUR
2024-08-16,EDLW,53.63,139342,CHF
2024-08-16,FJRD,37.66,80613,USD
2024-08-16,GLAC,32.91,119126,CHF
2024-08-16,HELV,128.36,334994,CHF
2024-08-16,IBEX,20.79,260999,EUR
2024-08-16,JURA,4690.31,168483,CHF
2024-08-19,ALPN,87.64,260652,CHF
2024-08-19,BRGN,331.14,243609,CHF
2024-08-19,DELT,74.6,265484,EUR
2024-08-19,EDLW,53.13,139729,CHF
2024-08-19,FJRD,36.52,98700,USD
2024-08-19,GLAC,32.02,250674,CHF
2024-08-19,HELV,125.75,196130,CHF
2024-08-19,IBEX,20.36,374057,EUR
2024-08-19,JURA,4697.83,46762,CHF
2024-08-20,ALPN,85.98,103729,CHF
2024-08-20,BRGN,339.5,328484,CHF
2024-08-20,DELT,74.88,212026,EUR
2024-08-20,EDLW,53.74,339156,CHF
2024-08-20,FJRD,36.23,79350,USD
2024-08-20,GLAC,32.62,170299,CHF
2024-08-20,HELV,129.22,106148,CHF
2024-08-20,IBEX,20.39,255384,EUR
2024-08-20,JURA,4628.26,302581,CHF
2024-08-21,ALPN,86.33,91639,CHF
2024-08-21,BRGN,348.78,205424,CHF
2024-08-21,DELT,74.8,36780,EUR
2024-08-21,EDLW,54.3,208479,CHF
2024-08-21,FJRD,36.63,195625,USD
2024-08-21,GLAC,32.21,239164,CHF
2024-08-21,HELV,127.94,387717,CHF
2024-08-21,IBEX,20.5,31907,EUR
2024-08-21,JURA,4662.04,347504,CHF
2024-08-22,ALPN,88.46,382076,CHF
2024-08-22,BRGN,353.23,353438,CHF
2024-08-22,DELT,74.24,174711,EUR
2024-08-22,EDLW,54.17,314426,CHF
2024-08-22,FJRD,37.34,28736,USD
2024-08-22,GLAC,33.08,170131,CHF
2024-08-22,HELV,129.82,129110,CHF
2024-08-22,IBEX,20.56,184063,EUR
2024-08-22,JURA,4757.08,33618,CHF
2024-08-23,ALPN,90.28,305189,CHF
2024-08-23,BRGN,354.34,54411,CHF
2024-08-23,DELT,74.21,237924,EUR
2024-08-23,EDLW,53.16,268511,CHF
2024-08-23,FJRD,37.27,231437,USD
2024-08-23,GLAC,33.19,136242,CHF
2024-08-23,HELV,131.07,360125,CHF
2024-08-23,IBEX,20.38,68095,EUR
2024-08-23,JURA,4644.96,196300,CHF
2024-08-26,ALPN,88.81,51544,CHF
2024-08-26,BRGN,351.8,29422,CHF
2024-08-26,DELT,72.44,386452,EUR
2024-08-26,EDLW,53.61,172315,CHF
2024-08-26,FJRD,36.56,103011,USD
2024-08-26,GLAC,31.83,184309,CHF
2024-08-26,HELV,131.32,93306,CHF
2024-08-26,IBEX,20.2,173149,EUR
2024-08-26,JURA,4569.63,199228,CHF
2024-08-27,ALPN,90.21,291907,CHF
2024-08-27,BRGN,348.58,270699,CHF
2024-08-27,DELT,71.68,335129,EUR
2024-08-27,EDLW,54.16,368058,CHF
2024-08-27,FJRD,36.07,163141,USD
2024-08-27,GLAC,31.92,142226,CHF
2024-08-27,HELV,128.63,324172,CHF
2024-08-27,IBEX,20.23,203552,EUR
2024-08-27,JURA,4623.95,321367,CHF
2024-08-28,ALPN,89.97,53118,CHF
2024-08-28,BRGN,343.71,162494,CHF
2024-08-28,DELT,74.28,329339,EUR
2024-08-28,EDLW,54.14,107650,CHF
2024-08-28,FJRD,36.42,220429,USD
2024-08-28,GLAC,32.47,148512,CHF
2024-08-28,HELV,130.82,347375,CHF
2024-08-28,IBEX,19.71,278073,EUR
2024-08-28,JURA,4763.31,134157,CHF
2024-08-29,ALPN,90.19,301737,CHF
2024-08-29,BRGN,343.08,58895,CHF
2024-08-29,DELT,74.01,398275,EUR
2024-08-29,EDLW,52.95,73643,CHF
2024-08-29,FJRD,36.96,122720,USD
2024-08-29,GLAC,31.65,253318,CHF
2024-08-29,HELV,130.09,365446,CHF
2024-08-29,IBEX,19.54,275144,EUR
2024-08-29,JURA,4726.51,291322,CHF
2024-08-30,ALPN,90.82,374547,CHF
2024-08-30,BRGN,349.88,149001,CHF
2024-08-30,DELT,75.88,235608,EUR
2024-08-30,EDLW,52.07,243976,CHF
2024-08-30,FJRD,36.82,376451,USD
2024-08-30,GLAC,30.74,303893,CHF
2024-08-30,HELV,127.63,154824,CHF
2024-08-30,IBEX,19.55,318980,EUR
2024-08-30,JURA,4737.67,178951,CHF
2024-09-02,ALPN,93.96,35659,CHF
2024-09-02,BRGN,355.73,248614,CHF
2024-09-02,DELT,78.02,183835,EUR
2024-09-02,EDLW,54.05,81534,CHF
2024-09-02,FJRD,37.71,306835,USD
2024-09-02,GLAC,31.02,238645,CHF
2024-09-02,HELV,130.0,271139,CHF
2024-09-02,IBEX,19.98,114560,EUR
2024-09-02,JURA,4819.45,159048,CHF
2024-09-03,ALPN,94.36,173392,CHF
2024-09-03,BRGN,357.36,163954,CHF
2024-09-03,DELT,76.43,87007,EUR
2024-09-03,EDLW,54.75,238481,CHF
2024-09-03,FJRD,37.78,48754,USD
2024-09-03,GLAC,30.5,202878,CHF
2024-09-03,HELV,126.96,195648,CHF
2024-09-03,IBEX,20.01,365106,EUR
2024-09-03,JURA,4771.51,246155,CHF
2024-09-04,ALPN,95.25,353336,CHF
2024-09-04,BRGN,361.56,110518,CHF
2024-09-04,DELT,77.64,151560,EUR
2024-09-04,EDLW,54.54,236466,CHF
2024-09-04,FJRD,37.85,183412,USD
2024-09-04,GLAC,30.97,172429,CHF
2024-09-04,HELV,124.47,99665,CHF
2024-09-04,IBEX,20.31,396585,EUR
2024-09-04,JURA,4'769.83,366340,CHF
2024-09-05,ALPN,94.98,89971,CHF
2024-09-05,BRGN,357.35,139552,CHF
2024-09-05,DELT,75.89,293887,EUR
2024-09-05,EDLW,53.56,130005,CHF
2024-09-05,FJRD,37.7,306634,USD
2024-09-05,GLAC,30.94,252726,CHF
2024-09-05,HELV,124.12,86897,CHF
2024-09-05,IBEX,20.03,89302,EUR
2024-09-05,JURA,4776.9,122139,CHF
2024-09-06,ALPN,96.99,34612,CHF
2024-09-06,BRGN,354.17,111896,CHF
2024-09-06,DELT,76.26,126887,EUR
2024-09-06,EDLW,54.42,118808,CHF
2024-09-06,FJRD,38.26,199935,USD
2024-09-06,GLAC,31.16,369293,CHF
2024-09-06,HELV,123.57,352785,CHF
2024-09-06,IBEX,20.15,316952,EUR
2024-09-06,JURA,4800.27,157054,CHF
2024-09-09,ALPN,99.39,70968,CHF
2024-09-09,BRGN,354.07,165905,CHF
2024-09-09,DELT,78.21,179795,EUR
2024-09-09,EDLW,54.56,218139,CHF
2024-09-09,FJRD,38.59,236076,USD
2024-09-09,GLAC,31.31,55608,CHF
2024-09-09,HELV,123.06,320789,CHF
2024-09-09,IBEX,20.08,387041,EUR
2024-09-09,JURA,4848.91,117621,CHF
2024-09-10,ALPN,99.9,278936,CHF
2024-09-10,BRGN,358.95,34163,CHF
2024-09-10,DELT,78.33,175081,EUR
2024-09-10,EDLW,53.39,293345,CHF
2024-09-10,FJRD,38.68,25716,USD
2024-09-10,GLAC,31.74,201455,CHF
2024-09-10,HELV,124.04,322761,CHF
2024-09-10,IBEX,20.67,91329,EUR
2024-09-10,JURA,4876.81,333471,CHF
2024-09-11,ALPN,99.92,348504,CHF
2024-09-11,BRGN,358.97,257597,CHF
2024-09-11,DELT,77.62,164576,EUR
2024-09-11,EDLW,52.56,176387,CHF
2024-09-11,FJRD,39.26,91169,USD
2024-09-11,GLAC,32.67,241707,CHF
2024-09-11,HELV,123.99,352249,CHF
2024-09-11,IBEX,21.03,62006,EUR
2024-09-11,JURA,5002.03,139682,CHF
2024-09-12,ALPN,101.96,199836,CHF
2024-09-12,BRGN,362.13,103588,CHF
2024-09-12,DELT,76.54,238935,EUR
2024-09-12,EDLW,53.2,275314,CHF
2024-09-12,FJRD,39.4,355448,USD
2024-09-12,HELV,124.92,307430,CHF
2024-09-12,IBEX,20.79,151280,EUR
2024-09-12,JURA,5086.74,325275,CHF
2024-09-13,ALPN,99.61,100138,CHF
2024-09-13,BRGN,364.6,334511,CHF
2024-09-13,DELT,76.09,29341,EUR
2024-09-13,EDLW,53.1,337493,CHF
2024-09-13,FJRD,38.85,148111,USD
2024-09-13,GLAC,34.4,273158,CHF
2024-09-13,HELV,123.25,73627,CHF
2024-09-13,IBEX,20.46,247191,EUR
2024-09-13,JURA,5057.68,327923,CHF
2024-09-16,ALPN,99.33,230619,CHF
2024-09-16,BRGN,370.87,239958,CHF
2024-09-16,EDLW,53.11,46910,CHF
2024-09-16,FJRD,38.75,299359,USD
2024-09-16,GLAC,35.4,269869,CHF
2024-09-16,HELV,124.78,81242,CHF
2024-09-16,IBEX,20.45,55846,EUR
2024-09-16,JURA,5040.32,249421,CHF
2024-09-17,ALPN,99.19,368361,CHF
2024-09-17,BRGN,373.8,139853,CHF
2024-09-17,DELT,74.72,131434,EUR
2024-09-17,EDLW,53.3,121688,CHF
2024-09-17,FJRD,38.54,174295,USD
2024-09-17,GLAC,35.1,386059,CHF
2024-09-17,HELV,123.15,265539,CHF
2024-09-17,IBEX,20.23,295179,EUR
2024-09-17,JURA,4972.88,185850,CHF
2024-09-18,ALPN,98.38,205016,CHF
2024-09-18,BRGN,376.15,200411,CHF
2024-09-18,DELT,75.64,59900,EUR
2024-09-18,EDLW,54.41,250178,CHF
2024-09-18,FJRD,38.2,252710,USD
2024-09-18,GLAC,35.04,226266,CHF
2024-09-18,HELV,124.36,277883,CHF
2024-09-18,IBEX,20.38,180125,EUR
2024-09-18,JURA,4847.24,228078,CHF
2024-09-19,ALPN,100.27,71615,CHF
2024-09-19,BRGN,378.24,228227,CHF
2024-09-19,DELT,77.48,23854,EUR
2024-09-19,EDLW,54.74,137331,CHF
2024-09-19,FJRD,39.18,200230,USD
2024-09-19,GLAC,35.43,161799,CHF
2024-09-19,HELV,126.14,336953,CHF
2024-09-19,IBEX,20.48,132256,EUR
2024-09-19,JURA,4893.19,192883,CHF
2024-09-20,ALPN,100.94,45025,CHF
2024-09-20,BRGN,391.95,59030,CHF
2024-09-20,DELT,79.76,255889,EUR
2024-09-20,EDLW,54.47,310307,CHF
2024-09-20,FJRD,40.11,210491,USD
2024-09-20,GLAC,36.1,338609,CHF
2024-09-20,HELV,127.49,259715,CHF
2024-09-20,IBEX,20.46,238400,EUR
2024-09-20,JURA,4907.09,320581,CHF
2024-09-23,ALPN,101.52,44495,CHF
2024-09-23,BRGN,392.77,279394,CHF
2024-09-23,DELT,81.42,169869,EUR
2024-09-23,EDLW,55.17,228790,CHF
2024-09-23,FJRD,39.9,291010,USD
2024-09-23,GLAC,36.46,53406,CHF
2024-09-23,HELV,130.62,174229,CHF
2024-09-23,IBEX,20.36,267716,EUR
2024-09-23,JURA,5108.78,300838,CHF
2024-09-24,ALPN,100.67,42677,CHF
2024-09-24,BRGN,395.97,327240,CHF
2024-09-24,DELT,81.58,382483,EUR
2024-09-24,EDLW,55.51,30656,CHF
2024-09-24,FJRD,40.02,226425,USD
2024-09-24,GLAC,36.42,197247,CHF
2024-09-24,HELV,131.77,65476,CHF
2024-09-24,IBEX,20.31,204131,EUR
2024-09-24,JURA,5113.92,379442,CHF
2024-09-25,ALPN,98.18,151003,CHF
2024-09-25,BRGN,395.79,220095,CHF
2024-09-25,DELT,78.84,324716,EUR
2024-09-25,EDLW,55.73,229933,CHF
2024-09-25,FJRD,39.9,140295,USD
2024-09-25,GLAC,35.35,285107,CHF
2024-09-25,HELV,130.16,174479,CHF
2024-09-25,IBEX,19.8,83046,EUR
2024-09-25,JURA,5009.08,392458,CHF
2024-09-26,ALPN,98.17,141378,CHF
2024-09-26,BRGN,396.68,183737,CHF
2024-09-26,DELT,78.76,34621,EUR
2024-09-26,EDLW,54.56,337961,CHF
2024-09-26,FJRD,39.21,353670,USD
2024-09-26,GLAC,35.87,21977,CHF
2024-09-26,HELV,128.74,281185,CHF
2024-09-26,IBEX,19.58,343932,EUR
2024-09-26,JURA,5019.88,239609,CHF
2024-09-27,ALPN,97.4,284263,CHF
2024-09-27,BRGN,394.29,387432,CHF
2024-09-27,DELT,78.93,282228,EUR
2024-09-27,EDLW,54.43,73773,CHF
2024-09-27,FJRD,39.48,23338,USD
2024-09-27,GLAC,35.42,298365,CHF
2024-09-27,HELV,130.89,339144,CHF
2024-09-27,IBEX,19.45,257567,EUR
2024-09-27,JURA,4940.3,135436,CHF
2024-09-30,ALPN,97.51,328231,CHF
2024-09-30,BRGN,391.55,342507,CHF
2024-09-30,DELT,77.2,126953,EUR
2024-09-30,EDLW,54.66,178840,CHF
2024-09-30,FJRD,39.82,182236,USD
2024-09-30,GLAC,35.42,225899,CHF
2024-09-30,HELV,132.62,323440,CHF
2024-09-30,IBEX,19.6,131346,EUR
2024-09-30,JURA,5003.67,309588,CHF
2024-10-01,ALPN,98.28,96832,CHF
2024-10-01,BRGN,397.78,46223,CHF
2024-10-01,DELT,76.04,283484,EUR
2024-10-01,EDLW,54.63,384684,CHF
2024-10-01,FJRD,41.16,38168,USD
2024-10-01,GLAC,35.11,176660,CHF
2024-10-01,HELV,133.57,136932,CHF
2024-10-01,IBEX,19.74,146345,EUR
2024-10-01,JURA,5064.49,36157,CHF
2024-10-02,ALPN,98.59,313947,CHF
2024-10-02,BRGN,395.03,220213,CHF
2024-10-02,DELT,73.87,52608,EUR
2024-10-02,EDLW,53.86,354276,CHF
2024-10-02,FJRD,40.83,209695,USD
2024-10-02,GLAC,34.47,382622,CHF
2024-10-02,HELV,132.88,246577,CHF
2024-10-02,IBEX,19.52,272501,EUR
2024-10-02,JURA,4'977.78,366327,CHF
2024-10-03,ALPN,100.52,82122,CHF
2024-10-03,BRGN,391.93,275531,CHF
2024-10-03,DELT,75.82,39970,EUR
2024-10-03,EDLW,55.08,203249,CHF
2024-10-03,FJRD,40.62,113590,USD
2024-10-03,GLAC,34.18,153248,CHF
2024-10-03,HELV,133.36,226002,CHF
2024-10-03,IBEX,19.16,172694,EUR
2024-10-03,JURA,5036.98,172584,CHF
2024-10-04,ALPN,99.91,371076,CHF
2024-10-04,BRGN,398.35,104775,CHF
2024-10-04,DELT,77.84,332481,EUR
2024-10-04,EDLW,55.55,263086,CHF
2024-10-04,FJRD,41.12,125456,USD
2024-10-04,GLAC,34.65,25062,CHF
2024-10-04,HELV,132.55,303616,CHF
2024-10-04,IBEX,19.69,326949,EUR
2024-10-04,JURA,4988.28,98234,CHF
2024-10-07,ALPN,101.76,35876,CHF
2024-10-07,BRGN,406.46,307551,CHF
2024-10-07,DELT,78.42,304036,EUR
2024-10-07,EDLW,57.37,182502,CHF
2024-10-07,FJRD,42.01,354507,USD
2024-10-07,GLAC,36.1,27732,CHF
2024-10-07,HELV,137.94,95783,CHF
2024-10-07,IBEX,19.91,195984,EUR
2024-10-07,JURA,5069.83,162227,CHF
2024-10-08,ALPN,100.46,195760,CHF
2024-10-08,BRGN,409.28,311056,CHF
2024-10-08,DELT,79.11,397998,EUR
2024-10-08,EDLW,58.06,56255,CHF
2024-10-08,FJRD,42.78,362175,USD
2024-10-08,GLAC,36.48,91738,CHF
2024-10-08,HELV,139.17,274512,CHF
2024-10-08,IBEX,19.95,79950,EUR
2024-10-08,JURA,5094.99,92979,CHF
2024-10-09,ALPN,99.29,291669,CHF
2024-10-09,BRGN,418.31,373821,CHF
2024-10-09,DELT,77.23,393230,EUR
2024-10-09,EDLW,58.99,69400,CHF
2024-10-09,FJRD,42.27,341752,USD
2024-10-09,GLAC,36.02,340790,CHF
2024-10-09,HELV,137.05,289050,CHF
2024-10-09,IBEX,19.74,105278,EUR
2024-10-09,JURA,5040.88,178352,CHF
2024-10-10,ALPN,98.86,181089,CHF
2024-10-10,BRGN,413.36,361781,CHF
2024-10-10,DELT,76.26,278155,EUR
2024-10-10,EDLW,58.51,121380,CHF
2024-10-10,FJRD,42.28,59774,USD
2024-10-10,GLAC,35.49,158774,CHF
2024-10-10,HELV,133.68,386613,CHF
2024-10-10,IBEX,19.79,304657,EUR
2024-10-10,JURA,5066.6,65641,CHF
2024-10-11,ALPN,99.01,155668,CHF
2024-10-11,BRGN,422.46,398856,CHF
2024-10-11,DELT,76.43,289352,EUR
2024-10-11,EDLW,58.68,221836,CHF
2024-10-11,FJRD,43.33,256167,USD
2024-10-11,GLAC,35.82,150511,CHF
2024-10-11,HELV,137.05,179378,CHF
2024-10-11,IBEX,20.05,378370,EUR
2024-10-11,JURA,5069.04,203542,CHF
2024-10-14,ALPN,96.9,258867,CHF
2024-10-14,BRGN,423.6,166318,CHF
2024-10-14,DELT,74.98,312420,EUR
2024-10-14,EDLW,58.59,64559,CHF
2024-10-14,FJRD,43.51,51620,USD
2024-10-14,GLAC,34.91,29123,CHF
2024-10-14,HELV,135.59,51175,CHF
2024-10-14,IBEX,19.89,324642,EUR
2024-10-14,JURA,5000.12,193628,CHF
2024-10-15,ALPN,95.7,114290,CHF
2024-10-15,BRGN,422.67,379770,CHF
2024-10-15,DELT,73.75,187947,EUR
2024-10-15,EDLW,57.13,27715,CHF
2024-10-15,FJRD,43.13,232149,USD
2024-10-15,GLAC,34.11,171850,CHF
2024-10-15,HELV,131.74,362664,CHF
2024-10-15,IBEX,19.65,30627,EUR
2024-10-15,JURA,4983.42,285804,CHF
2024-10-16,ALPN,95.43,185576,CHF
2024-10-16,BRGN,423.88,291542,CHF
2024-10-16,DELT,75.59,164570,EUR
2024-10-16,EDLW,56.99,274553,CHF
2024-10-16,FJRD,43.23,134085,USD
2024-10-16,GLAC,34.37,34322,CHF
2024-10-16,HELV,132.32,235901,CHF
2024-10-16,IBEX,20.15,238566,EUR
2024-10-16,JURA,5059.47,135913,CHF
2024-10-17,ALPN,95.46,127324,CHF
2024-10-17,BRGN,424.29,78575,CHF
2024-10-17,DELT,75.43,166381,EUR
2024-10-17,EDLW,56.59,149962,CHF
2024-10-17,FJRD,42.94,131845,USD
2024-10-17,GLAC,34.53,347083,CHF
2024-10-17,HELV,,26476,CHF
2024-10-17,IBEX,20.37,76043,EUR
2024-10-17,JURA,5091.37,62806,CHF
2024-10-18,ALPN,95.74,221597,CHF
2024-10-18,BRGN,432.2,20511,CHF
2024-10-18,DELT,75.63,39098,EUR
2024-10-18,EDLW,57.89,357954,CHF
2024-10-18,FJRD,43.78,384573,USD
2024-10-18,GLAC,34.52,87751,CHF
2024-10-18,HELV,128.5,185174,CHF
2024-10-18,IBEX,19.89,239147,EUR
2024-10-18,JURA,5092.53,30905,CHF
2024-10-21,ALPN,95.56,227518,CHF
2024-10-21,BRGN,433.45,193371,CHF
2024-10-21,DELT,76.01,210694,EUR
2024-10-21,EDLW,57.21,285939,CHF
2024-10-21,FJRD,42.96,33641,USD
2024-10-21,GLAC,34.29,367636,CHF
2024-10-21,HELV,126.6,231622,CHF
2024-10-21,IBEX,19.71,197474,EUR
2024-10-21,JURA,5055.64,102749,CHF
2024-10-22,ALPN,96.94,79486,CHF
2024-10-22,BRGN,437.31,334151,CHF
2024-10-22,DELT,77.42,155731,EUR
2024-10-22,EDLW,56.54,123456,CHF
2024-10-22,FJRD,43.43,59140,USD
2024-10-22,GLAC,35.11,391686,CHF
2024-10-22,HELV,130.74,110744,CHF
2024-10-22,IBEX,20.14,259087,EUR
2024-10-22,JURA,4999.52,224570,CHF
2024-10-23,ALPN,96.26,105796,CHF
2024-10-23,BRGN,431.06,377103,CHF
2024-10-23,DELT,77.36,216674,EUR
2024-10-23,EDLW,56.06,150094,CHF
2024-10-23,FJRD,43.91,44810,USD
2024-10-23,HELV,131.74,33277,CHF
2024-10-23,IBEX,20.23,240271,EUR
2024-10-23,JURA,5114.56,261940,CHF
2024-10-24,ALPN,94.33,289763,CHF
2024-10-24,BRGN,418.73,246931,CHF
2024-10-24,DELT,75.6,75339,EUR
2024-10-24,EDLW,55.78,47950,CHF
2024-10-24,FJRD,43.85,334807,USD
2024-10-24,GLAC,35.05,29638,CHF
2024-10-24,HELV,131.96,364311,CHF
2024-10-24,IBEX,19.92,60559,EUR
2024-10-24,JURA,5093.46,211128,CHF
2024-10-25,ALPN,89.72,83324,CHF
2024-10-25,DELT,74.37,392483,EUR
2024-10-25,EDLW,54.54,165328,CHF
2024-10-25,FJRD,42.23,142532,USD
2024-10-25,GLAC,33.96,88409,CHF
2024-10-25,HELV,131.57,377396,CHF
2024-10-25,IBEX,19.9,205949,EUR
2024-10-25,JURA,5137.33,277337,CHF
2024-10-28,BRGN,420.61,205238,CHF
2024-10-28,DELT,76.59,144231,EUR
2024-10-28,EDLW,56.79,343138,CHF
2024-10-28,FJRD,43.25,360785,USD
2024-10-28,GLAC,35.39,202868,CHF
2024-10-28,HELV,135.91,34851,CHF
2024-10-28,IBEX,20.5,24892,EUR
2024-10-28,JURA,5147.8,135624,CHF
2024-10-29,ALPN,94.36,215519,CHF
2024-10-29,BRGN,422.79,48467,CHF
2024-10-29,DELT,76.21,391532,EUR
2024-10-29,EDLW,56.53,128745,CHF
2024-10-29,FJRD,42.91,167367,USD
2024-10-29,GLAC,35.04,93304,CHF
2024-10-29,HELV,135.33,310369,CHF
2024-10-29,IBEX,20.68,76503,EUR
2024-10-29,JURA,5139.61,130512,CHF
2024-10-30,ALPN,94.46,24111,CHF
2024-10-30,BRGN,423.98,186666,CHF
2024-10-30,DELT,75.62,149558,EUR
2024-10-30,EDLW,56.52,369396,CHF
2024-10-30,FJRD,41.59,313426,USD
2024-10-30,GLAC,35.02,329370,CHF
2024-10-30,HELV,134.22,112908,CHF
2024-10-30,IBEX,20.34,346430,EUR
2024-10-30,JURA,5'033.04,21285,CHF
2024-10-31,ALPN,95.67,289446,CHF
2024-10-31,BRGN,425.43,298207,CHF
2024-10-31,DELT,76.96,231260,EUR
2024-10-31,EDLW,56.97,177450,CHF
2024-10-31,FJRD,41.81,219412,USD
2024-10-31,GLAC,35.19,337713,CHF
2024-10-31,HELV,135.96,71552,CHF
2024-10-31,JURA,5182.0,394744,CHF
2024-11-01,ALPN,97.33,324383,CHF
2024-11-01,BRGN,431.19,113286,CHF
2024-11-01,DELT,78.87,283042,EUR
2024-11-01,EDLW,57.14,301497,CHF
2024-11-01,FJRD,42.27,312768,USD
2024-11-01,GLAC,35.32,87988,CHF
2024-11-01,HELV,137.52,349733,CHF
2024-11-01,IBEX,21.19,356785,EUR
2024-11-01,JURA,5227.51,82832,CHF
2024-11-04,ALPN,96.78,40642,CHF
2024-11-04,BRGN,438.3,97845,CHF
2024-11-04,DELT,78.83,52790,EUR
2024-11-04,EDLW,56.69,93971,CHF
2024-11-04,FJRD,41.86,367042,USD
2024-11-04,GLAC,35.48,373877,CHF
2024-11-04,HELV,136.76,225420,CHF
2024-11-04,IBEX,21.21,310870,EUR
2024-11-04,JURA,5287.19,59663,CHF
2024-11-05,ALPN,100.11,48513,CHF
2024-11-05,BRGN,448.01,61832,CHF
2024-11-05,DELT,80.73,186851,EUR
2024-11-05,EDLW,56.93,30207,CHF
2024-11-05,FJRD,42.46,101967,USD
2024-11-05,GLAC,36.75,284957,CHF
2024-11-05,HELV,140.05,395898,CHF
2024-11-05,IBEX,21.63,345211,EUR
2024-11-05,JURA,5457.0,141062,CHF
2024-11-06,ALPN,97.37,145052,CHF
2024-11-06,BRGN,454.83,189042,CHF
2024-11-06,DELT,79.38,275602,EUR
2024-11-06,EDLW,57.36,233665,CHF
2024-11-06,FJRD,41.99,384949,USD
2024-11-06,GLAC,35.81,352285,CHF
2024-11-06,HELV,138.33,42527,CHF
2024-11-06,IBEX,21.63,194762,EUR
2024-11-06,JURA,5390.99,336959,CHF
2024-11-07,ALPN,94.28,398336,CHF
2024-11-07,BRGN,457.59,266781,CHF
2024-11-07,DELT,78.94,48522,EUR
2024-11-07,EDLW,57.91,285501,CHF
2024-11-07,FJRD,40.93,142654,USD
2024-11-07,GLAC,35.51,174127,CHF
2024-11-07,HELV,136.37,192703,CHF
2024-11-07,IBEX,21.79,121792,EUR
2024-11-07,JURA,5374.86,203387,CHF
2024-11-08,ALPN,93.54,366559,CHF
2024-11-08,BRGN,454.74,297170,CHF
2024-11-08,EDLW,58.35,375376,CHF
2024-11-08,FJRD,40.91,278179,USD
2024-11-08,GLAC,35.01,39107,CHF
2024-11-08,HELV,136.98,199037,CHF
2024-11-08,IBEX,21.44,137833,EUR
2024-11-08,JURA,5395.06,332782,CHF
2024-11-11,ALPN,89.88,191959,CHF
2024-11-11,BRGN,450.56,217861,CHF
2024-11-11,DELT,76.55,73068,EUR
2024-11-11,EDLW,58.32,371168,CHF
2024-11-11,FJRD,40.45,257453,USD
2024-11-11,GLAC,33.88,268631,CHF
2024-11-11,IBEX,21.44,217741,EUR
2024-11-11,JURA,5316.39,382227,CHF
2024-11-12,ALPN,90.73,179102,CHF
2024-11-12,BRGN,460.61,371175,CHF
2024-11-12,DELT,75.82,129567,EUR
2024-11-12,EDLW,58.73,140557,CHF
2024-11-12,FJRD,40.41,277485,USD
2024-11-12,GLAC,34.6,265829,CHF
2024-11-12,HELV,138.05,64348,CHF
2024-11-12,IBEX,21.6,257288,EUR
2024-11-12,JURA,5296.15,173038,CHF
2024-11-13,ALPN,89.69,199283,CHF
2024-11-13,BRGN,461.3,73346,CHF
2024-11-13,DELT,76.09,35925,EUR
2024-11-13,EDLW,58.93,352254,CHF
2024-11-13,FJRD,40.12,196360,USD
2024-11-13,GLAC,35.08,224936,CHF
2024-11-13,HELV,141.04,178953,CHF
2024-11-13,IBEX,21.82,216598,EUR
2024-11-13,JURA,5355.63,114374,CHF
2024-11-14,ALPN,92.63,283131,CHF
2024-11-14,BRGN,456.93,180539,CHF
2024-11-14,EDLW,58.52,58224,CHF
2024-11-14,FJRD,39.42,115048,USD
2024-11-14,GLAC,35.45,182994,CHF
2024-11-14,HELV,140.34,214984,CHF
2024-11-14,IBEX,22.09,294417,EUR
2024-11-14,JURA,5410.86,44794,CHF
2024-11-15,ALPN,94.13,390295,CHF
2024-11-15,BRGN,457.77,287739,CHF
2024-11-15,DELT,78.48,72391,EUR
2024-11-15,EDLW,58.51,332082,CHF
2024-11-15,FJRD,39.71,128602,USD
2024-11-15,GLAC,35.22,302996,CHF
2024-11-15,HELV,138.15,264041,CHF
2024-11-15,IBEX,22.09,354094,EUR
2024-11-15,JURA,5342.26,303873,CHF
2024-11-18,ALPN,92.15,125732,CHF
2024-11-18,BRGN,449.38,188491,CHF
2024-11-18,DELT,76.59,56808,EUR
2024-11-18,EDLW,56.81,28195,CHF
2024-11-18,FJRD,37.89,354656,USD
2024-11-18,HELV,134.99,373974,CHF
2024-11-18,IBEX,22.17,346963,EUR
2024-11-18,JURA,5226.53,207170,CHF
2024-11-19,ALPN,91.7,124612,CHF
2024-11-19,BRGN,444.28,250841,CHF
2024-11-19,DELT,75.87,277508,EUR
2024-11-19,EDLW,56.91,231714,CHF
2024-11-19,FJRD,36.75,80192,USD
2024-11-19,GLAC,33.13,146726,CHF
2024-11-19,HELV,133.02,323099,CHF
2024-11-19,IBEX,21.67,257189,EUR
2024-11-19,JURA,5110.64,386626,CHF
2024-11-20,ALPN,93.09,396601,CHF
2024-11-20,BRGN,447.3,220024,CHF
2024-11-20,DELT,75.87,158392,EUR
2024-11-20,EDLW,57.31,63195,CHF
2024-11-20,FJRD,37.08,261651,USD
2024-11-20,GLAC,32.39,111586,CHF
2024-11-20,HELV,132.93,261144,CHF
2024-11-20,IBEX,21.77,336838,EUR
2024-11-20,JURA,5034.4,190443,CHF
2024-11-21,ALPN,92.53,352337,CHF
2024-11-21,BRGN,442.85,120203,CHF
2024-11-21,DELT,75.48,309714,EUR
2024-11-21,EDLW,57.86,323472,CHF
2024-11-21,FJRD,37.12,165555,USD
2024-11-21,GLAC,32.45,199468,CHF
2024-11-21,HELV,130.4,394328,CHF
2024-11-21,IBEX,21.71,161696,EUR
2024-11-21,JURA,4916.07,152386,CHF
2024-11-22,ALPN,94.67,329776,CHF
2024-11-22,BRGN,447.03,311054,CHF
2024-11-22,DELT,75.86,368277,EUR
2024-11-22,EDLW,58.98,373645,CHF
2024-11-22,FJRD,37.87,74897,USD
2024-11-22,GLAC,33.0,54840,CHF
2024-11-22,HELV,131.72,49035,CHF
2024-11-22,IBEX,22.3,101670,EUR
2024-11-22,JURA,4987.61,392076,CHF
2024-11-25,ALPN,96.32,370155,CHF
2024-11-25,BRGN,452.34,238998,CHF
2024-11-25,DELT,77.58,346924,EUR
2024-11-25,EDLW,59.78,142060,CHF
2024-11-25,FJRD,38.56,86307,USD
2024-11-25,GLAC,33.81,375287,CHF
2024-11-25,HELV,134.82,102098,CHF
2024-11-25,IBEX,22.45,209820,EUR
2024-11-25,JURA,5054.77,369435,CHF
2024-11-26,ALPN,94.79,46879,CHF
2024-11-26,BRGN,455.53,81371,CHF
2024-11-26,DELT,78.92,174601,EUR
2024-11-26,EDLW,59.48,169268,CHF
2024-11-26,FJRD,38.48,122609,USD
2024-11-26,GLAC,34.3,129967,CHF
2024-11-26,HELV,133.95,74473,CHF
2024-11-26,IBEX,22.42,156349,EUR
2024-11-26,JURA,5035.63,233647,CHF
2024-11-27,ALPN,95.33,198318,CHF
2024-11-27,BRGN,460.73,181843,CHF
2024-11-27,DELT,79.03,124504,EUR
2024-11-27,EDLW,59.65,143006,CHF
2024-11-27,FJRD,38.21,241859,USD
2024-11-27,GLAC,34.81,192598,CHF
2024-11-27,HELV,134.92,73617,CHF
2024-11-27,IBEX,21.96,302301,EUR
2024-11-27,JURA,5'095.06,116752,CHF
2024-11-28,ALPN,94.19,370984,CHF
2024-11-28,DELT,77.97,141618,EUR
2024-11-28,EDLW,60.12,381171,CHF
2024-11-28,FJRD,39.17,216253,USD
2024-11-28,GLAC,35.17,211622,CHF
2024-11-28,HELV,135.15,140822,CHF
2024-11-28,IBEX,22.0,59771,EUR
2024-11-28,JURA,5116.39,117230,CHF
2024-11-29,ALPN,93.83,393037,CHF
2024-11-29,BRGN,462.12,282273,CHF
2024-11-29,DELT,78.72,184281,EUR
2024-11-29,EDLW,60.27,177856,CHF
2024-11-29,FJRD,40.33,159073,USD
2024-11-29,GLAC,36.36,332034,CHF
2024-11-29,HELV,137.7,324635,CHF
2024-11-29,IBEX,22.3,174773,EUR
2024-11-29,JURA,5102.32,211523,CHF
2024-12-02,ALPN,95.08,30828,CHF
2024-12-02,BRGN,449.96,272145,CHF
2024-12-02,DELT,77.59,312559,EUR
2024-12-02,EDLW,59.61,316964,CHF
2024-12-02,FJRD,40.88,207414,USD
2024-12-02,GLAC,36.13,374748,CHF
2024-12-02,HELV,138.04,75474,CHF
2024-12-02,IBEX,22.62,316417,EUR
2024-12-02,JURA,5102.36,323174,CHF
2024-12-03,ALPN,95.27,266594,CHF
2024-12-03,BRGN,454.78,283463,CHF
2024-12-03,DELT,77.59,114316,EUR
2024-12-03,EDLW,60.16,258700,CHF
2024-12-03,FJRD,40.51,225541,USD
2024-12-03,GLAC,36.58,326662,CHF
2024-12-03,HELV,138.08,83232,CHF
2024-12-03,IBEX,22.66,379661,EUR
2024-12-03,JURA,5171.11,351249,CHF
2024-12-04,ALPN,96.93,186019,CHF
2024-12-04,BRGN,454.8,95777,CHF
2024-12-04,DELT,78.92,284289,EUR
2024-12-04,EDLW,60.09,250354,CHF
2024-12-04,FJRD,40.84,226950,USD
2024-12-04,GLAC,37.12,293873,CHF
2024-12-04,HELV,139.93,120080,CHF
2024-12-04,IBEX,23.08,118823,EUR
2024-12-04,JURA,5125.28,320839,CHF
2024-12-05,ALPN,99.26,310780,CHF
2024-12-05,BRGN,448.75,167802,CHF
2024-12-05,DELT,80.27,53625,EUR
2024-12-05,EDLW,59.45,142639,CHF
2024-12-05,FJRD,40.2,287968,USD
2024-12-05,GLAC,37.1,303817,CHF
2024-12-05,HELV,138.68,82942,CHF
2024-12-05,IBEX,22.95,279178,EUR
2024-12-05,JURA,5240.04,141667,CHF
2024-12-06,ALPN,97.4,245591,CHF
2024-12-06,BRGN,450.93,276683,CHF
2024-12-06,DELT,80.66,165938,EUR
2024-12-06,EDLW,58.36,145677,CHF
2024-12-06,FJRD,39.33,119618,USD
2024-12-06,GLAC,36.63,370895,CHF
2024-12-06,HELV,137.49,203056,CHF
2024-12-06,IBEX,23.15,119164,EUR
2024-12-06,JURA,5224.15,213468,CHF
2024-12-09,ALPN,98.17,30324,CHF
2024-12-09,BRGN,449.96,317313,CHF
2024-12-09,DELT,79.85,329937,EUR
2024-12-09,EDLW,58.63,118365,CHF
2024-12-09,FJRD,40.32,254652,USD
2024-12-09,GLAC,37.59,165762,CHF
2024-12-09,HELV,136.98,32675,CHF
2024-12-09,IBEX,23.09,291986,EUR
2024-12-09,JURA,5241.57,374309,CHF
2024-12-10,ALPN,99.61,332263,CHF
2024-12-10,BRGN,452.58,260024,CHF
2024-12-10,DELT,79.89,160501,EUR
2024-12-10,EDLW,58.45,244668,CHF
2024-12-10,FJRD,39.98,31960,USD
2024-12-10,GLAC,37.79,383303,CHF
2024-12-10,HELV,135.61,219828,CHF
2024-12-10,IBEX,23.06,297881,EUR
2024-12-10,JURA,5297.84,120493,CHF
2024-12-11,ALPN,99.89,388400,CHF
2024-12-11,BRGN,460.48,254807,CHF
2024-12-11,DELT,78.48,387515,EUR
2024-12-11,EDLW,58.39,376826,CHF
2024-12-11,FJRD,40.37,223775,USD
2024-12-11,GLAC,37.74,213698,CHF
2024-12-11,HELV,135.32,111291,CHF
2024-12-11,IBEX,23.08,47982,EUR
2024-12-11,JURA,5342.93,278943,CHF
2024-12-12,ALPN,97.19,230421,CHF
2024-12-12,BRGN,470.34,203400,CHF
2024-12-12,DELT,78.4,324451,EUR
2024-12-12,EDLW,58.07,351343,CHF
2024-12-12,FJRD,40.37,278542,USD
2024-12-12,GLAC,38.03,174441,CHF
2024-12-12,HELV,130.53,261754,CHF
2024-12-12,IBEX,22.87,238647,EUR
2024-12-12,JURA,5282.16,91080,CHF
2024-12-13,ALPN,96.73,340445,CHF
2024-12-13,BRGN,462.33,161952,CHF
2024-12-13,DELT,78.49,58628,EUR
2024-12-13,EDLW,57.67,133320,CHF
2024-12-13,FJRD,39.57,348936,USD
2024-12-13,GLAC,38.89,41799,CHF
2024-12-13,HELV,132.57,216380,CHF
2024-12-13,IBEX,23.01,370420,EUR
2024-12-13,JURA,5236.7,55953,CHF
2024-12-16,ALPN,96.79,81862,CHF
2024-12-16,BRGN,458.51,166704,CHF
2024-12-16,DELT,79.78,324356,EUR
2024-12-16,EDLW,58.11,138579,CHF
2024-12-16,FJRD,39.45,262590,USD
2024-12-16,GLAC,38.92,223152,CHF
2024-12-16,HELV,134.93,311920,CHF
2024-12-16,IBEX,23.15,21808,EUR
2024-12-16,JURA,5220.8,323042,CHF
2024-12-17,ALPN,95.31,170330,CHF
2024-12-17,BRGN,452.5,171538,CHF
2024-12-17,DELT,80.11,191584,EUR
2024-12-17,EDLW,57.24,40053,CHF
2024-12-17,FJRD,38.96,335649,USD
2024-12-17,GLAC,38.34,77052,CHF
2024-12-17,HELV,136.53,34558,CHF
2024-12-17,IBEX,22.95,191344,EUR
2024-12-17,JURA,5216.82,218952,CHF
2024-12-18,ALPN,93.69,84727,CHF
2024-12-18,BRGN,444.5,150093,CHF
2024-12-18,DELT,77.35,209278,EUR
2024-12-18,EDLW,57.14,117083,CHF
2024-12-18,FJRD,39.46,330475,USD
2024-12-18,GLAC,38.03,311020,CHF
2024-12-18,HELV,139.65,307073,CHF
2024-12-18,IBEX,22.38,343842,EUR
2024-12-18,JURA,5194.65,97586,CHF
2024-12-19,ALPN,94.22,29881,CHF
2024-12-19,BRGN,443.07,31755,CHF
2024-12-19,DELT,78.84,100715,EUR
2024-12-19,EDLW,58.15,140045,CHF
2024-12-19,FJRD,38.82,80756,USD
2024-12-19,GLAC,38.95,230961,CHF
2024-12-19,HELV,139.58,209961,CHF
2024-12-19,IBEX,22.46,118866,EUR
2024-12-19,JURA,5180.14,164515,CHF
2024-12-20,ALPN,97.43,280224,CHF
2024-12-20,BRGN,442.26,265188,CHF
2024-12-20,DELT,79.52,75268,EUR
2024-12-20,EDLW,59.33,186273,CHF
2024-12-20,FJRD,40.76,61767,USD
2024-12-20,GLAC,39.9,168977,CHF
2024-12-20,HELV,144.67,46810,CHF
2024-12-20,IBEX,22.83,175433,EUR
2024-12-20,JURA,5252.16,376924,CHF
2024-12-23,ALPN,95.55,324724,CHF
2024-12-23,BRGN,442.68,184595,CHF
2024-12-23,DELT,78.91,87865,EUR
2024-12-23,EDLW,59.1,296957,CHF
2024-12-23,FJRD,39.66,242042,USD
2024-12-23,GLAC,39.89,232560,CHF
2024-12-23,HELV,144.51,239113,CHF
2024-12-23,IBEX,22.98,300493,EUR
2024-12-23,JURA,5272.49,146324,CHF
2024-12-24,ALPN,96.18,128200,CHF
2024-12-24,BRGN,440.71,68532,CHF
2024-12-24,DELT,79.2,87517,EUR
2024-12-24,EDLW,59.44,136179,CHF
2024-12-24,FJRD,40.19,117386,USD
2024-12-24,GLAC,40.89,195156,CHF
2024-12-24,HELV,146.21,296747,CHF
2024-12-24,IBEX,23.17,29468,EUR
2024-12-24,JURA,5269.46,274455,CHF
2024-12-25,ALPN,96.1,235191,CHF
2024-12-25,BRGN,437.01,394095,CHF
2024-12-25,DELT,77.25,136604,EUR
2024-12-25,EDLW,57.9,353054,CHF
2024-12-25,FJRD,39.15,95151,USD
2024-12-25,GLAC,40.47,36665,CHF
2024-12-25,HELV,142.83,31519,CHF
2024-12-25,IBEX,22.69,269098,EUR
2024-12-25,JURA,5'271.35,130716,CHF
2024-12-26,ALPN,95.38,26414,CHF
2024-12-26,BRGN,440.03,311514,CHF
2024-12-26,DELT,77.79,338250,EUR
2024-12-26,EDLW,58.32,259760,CHF
2024-12-26,GLAC,40.5,240400,CHF
2024-12-26,HELV,143.65,374628,CHF
2024-12-26,IBEX,22.53,399885,EUR
2024-12-26,JURA,5247.7,338268,CHF
2024-12-27,ALPN,95.69,121826,CHF
2024-12-27,BRGN,440.29,159537,CHF
2024-12-27,DELT,77.15,109921,EUR
2024-12-27,EDLW,58.52,237884,CHF
2024-12-27,FJRD,39.1,148615,USD
2024-12-27,GLAC,41.5,44651,CHF
2024-12-27,HELV,142.47,49210,CHF
2024-12-27,IBEX,22.77,186762,EUR
2024-12-27,JURA,5214.08,77312,CHF
2024-12-30,ALPN,94.44,204410,CHF
2024-12-30,BRGN,443.74,114104,CHF
2024-12-30,DELT,78.04,347777,EUR
2024-12-30,EDLW,59.03,145341,CHF
2024-12-30,FJRD,39.26,200653,USD
2024-12-30,GLAC,41.83,326870,CHF
2024-12-30,HELV,141.52,192949,CHF
2024-12-30,IBEX,22.67,268766,EUR
2024-12-30,JURA,5147.03,212580,CHF
2024-12-31,ALPN,91.97,32777,CHF
2024-12-31,BRGN,446.08,77458,CHF
2024-12-31,DELT,76.75,269473,EUR
2024-12-31,EDLW,60.03,316456,CHF
2024-12-31,FJRD,39.73,94493,USD
2024-12-31,GLAC,42.29,258210,CHF
2024-12-31,HELV,143.18,134796,CHF
2024-12-31,IBEX,22.59,221776,EUR
2024-12-31,JURA,5190.31,42549,CHF
